ISO-10303-21;
HEADER;
FILE_DESCRIPTION(('KiCad electronic assembly'),'2;1');
FILE_NAME('Mazokchist.step','2026-09-19T19:51:14',('Pcbnew'),('Kicad'),
  'Open CASCADE STEP processor 7.9','KiCad to STEP converter','Unknown'
  );
FILE_SCHEMA(('AUTOMOTIVE_DESIGN { 1 0 10303 214 1 1 1 1 }'));
ENDSEC;
DATA;
#1 = APPLICATION_PROTOCOL_DEFINITION('international standard',
  'automotive_design',2000,#2);
#2 = APPLICATION_CONTEXT(
  'core data for automotive mechanical design processes');
#3 = SHAPE_DEFINITION_REPRESENTATION(#4,#10);
#4 = PRODUCT_DEFINITION_SHAPE('','',#5);
#5 = PRODUCT_DEFINITION('design','',#6,#9);
#6 = PRODUCT_DEFINITION_FORMATION('','',#7);
#7 = PRODUCT('Mazokchist 1','Mazokchist 1','',(#8));
#8 = PRODUCT_CONTEXT('',#2,'mechanical');
#9 = PRODUCT_DEFINITION_CONTEXT('part definition',#2,'design');
#10 = SHAPE_REPRESENTATION('',(#11,#15,#19,#23,#27,#31),#35);
#11 = AXIS2_PLACEMENT_3D('',#12,#13,#14);
#12 = CARTESIAN_POINT('',(0.,0.,0.));
#13 = DIRECTION('',(0.,0.,1.));
#14 = DIRECTION('',(1.,0.,-0.));
#15 = AXIS2_PLACEMENT_3D('',#16,#17,#18);
#16 = CARTESIAN_POINT('',(53.872,-21.7,1.595));
#17 = DIRECTION('',(0.,0.,1.));
#18 = DIRECTION('',(1.,0.,0.));
#19 = AXIS2_PLACEMENT_3D('',#20,#21,#22);
#20 = CARTESIAN_POINT('',(22.5,-30.,1.595));
#21 = DIRECTION('',(-0.,0.,1.));
#22 = DIRECTION('',(1.110223024625E-16,-1.,0.));
#23 = AXIS2_PLACEMENT_3D('',#24,#25,#26);
#24 = CARTESIAN_POINT('',(0.,0.,0.));
#25 = DIRECTION('',(0.,0.,1.));
#26 = DIRECTION('',(1.,0.,-0.));
#27 = AXIS2_PLACEMENT_3D('',#28,#29,#30);
#28 = CARTESIAN_POINT('',(0.,0.,0.));
#29 = DIRECTION('',(0.,0.,1.));
#30 = DIRECTION('',(1.,0.,-0.));
#31 = AXIS2_PLACEMENT_3D('',#32,#33,#34);
#32 = CARTESIAN_POINT('',(0.,0.,0.));
#33 = DIRECTION('',(0.,0.,1.));
#34 = DIRECTION('',(1.,0.,-0.));
#35 = ( GEOMETRIC_REPRESENTATION_CONTEXT(3) 
GLOBAL_UNCERTAINTY_ASSIGNED_CONTEXT((#39)) GLOBAL_UNIT_ASSIGNED_CONTEXT(
(#36,#37,#38)) REPRESENTATION_CONTEXT('Context #1',
  '3D Context with UNIT and UNCERTAINTY') );
#36 = ( LENGTH_UNIT() NAMED_UNIT(*) SI_UNIT(.MILLI.,.METRE.) );
#37 = ( NAMED_UNIT(*) PLANE_ANGLE_UNIT() SI_UNIT($,.RADIAN.) );
#38 = ( NAMED_UNIT(*) SI_UNIT($,.STERADIAN.) SOLID_ANGLE_UNIT() );
#39 = UNCERTAINTY_MEASURE_WITH_UNIT(LENGTH_MEASURE(1.E-07),#36,
  'distance_accuracy_value','confusion accuracy');
#40 = PRODUCT_RELATED_PRODUCT_CATEGORY('part',$,(#7));
#41 = SHAPE_DEFINITION_REPRESENTATION(#42,#48);
#42 = PRODUCT_DEFINITION_SHAPE('','',#43);
#43 = PRODUCT_DEFINITION('design','',#44,#47);
#44 = PRODUCT_DEFINITION_FORMATION('','',#45);
#45 = PRODUCT('PinSocket_1x06_P2.54mm_Vertical',
  'PinSocket_1x06_P2.54mm_Vertical','',(#46));
#46 = PRODUCT_CONTEXT('',#2,'mechanical');
#47 = PRODUCT_DEFINITION_CONTEXT('part definition',#2,'design');
#48 = SHAPE_REPRESENTATION('',(#11,#49),#53);
#49 = AXIS2_PLACEMENT_3D('',#50,#51,#52);
#50 = CARTESIAN_POINT('',(0.,0.,0.));
#51 = DIRECTION('',(0.,0.,1.));
#52 = DIRECTION('',(1.,0.,-0.));
#53 = ( GEOMETRIC_REPRESENTATION_CONTEXT(3) 
GLOBAL_UNCERTAINTY_ASSIGNED_CONTEXT((#57)) GLOBAL_UNIT_ASSIGNED_CONTEXT(
(#54,#55,#56)) REPRESENTATION_CONTEXT('Context #1',
  '3D Context with UNIT and UNCERTAINTY') );
#54 = ( LENGTH_UNIT() NAMED_UNIT(*) SI_UNIT(.MILLI.,.METRE.) );
#55 = ( NAMED_UNIT(*) PLANE_ANGLE_UNIT() SI_UNIT($,.RADIAN.) );
#56 = ( NAMED_UNIT(*) SI_UNIT($,.STERADIAN.) SOLID_ANGLE_UNIT() );
#57 = UNCERTAINTY_MEASURE_WITH_UNIT(LENGTH_MEASURE(1.E-07),#54,
  'distance_accuracy_value','confusion accuracy');
#58 = CONTEXT_DEPENDENT_SHAPE_REPRESENTATION(#59,#61);
#59 = ( REPRESENTATION_RELATIONSHIP('','',#48,#10) 
REPRESENTATION_RELATIONSHIP_WITH_TRANSFORMATION(#60) 
SHAPE_REPRESENTATION_RELATIONSHIP() );
#60 = ITEM_DEFINED_TRANSFORMATION('','',#11,#15);
#61 = PRODUCT_DEFINITION_SHAPE('Placement','Placement of an item',#62);
#62 = NEXT_ASSEMBLY_USAGE_OCCURRENCE('2','U2','',#5,#43,$);
#63 = PRODUCT_RELATED_PRODUCT_CATEGORY('part',$,(#45));
#64 = SHAPE_DEFINITION_REPRESENTATION(#65,#71);
#65 = PRODUCT_DEFINITION_SHAPE('','',#66);
#66 = PRODUCT_DEFINITION('design','',#67,#70);
#67 = PRODUCT_DEFINITION_FORMATION('','',#68);
#68 = PRODUCT('PinSocket_1x06_P2.54mm_Vertical',
  'PinSocket_1x06_P2.54mm_Vertical','',(#69));
#69 = PRODUCT_CONTEXT('',#2,'mechanical');
#70 = PRODUCT_DEFINITION_CONTEXT('part definition',#2,'design');
#71 = ADVANCED_BREP_SHAPE_REPRESENTATION('',(#11,#72),#5010);
#72 = MANIFOLD_SOLID_BREP('',#73);
#73 = CLOSED_SHELL('',(#74,#114,#177,#240,#257,#478,#500,#517,#930,#942,
    #954,#985,#1009,#1033,#1050,#1081,#1105,#1129,#1146,#1177,#1201,
    #1225,#1242,#1273,#1297,#1321,#1338,#1369,#1393,#1417,#1434,#1465,
    #1489,#1513,#1530,#1547,#1594,#1611,#1658,#1675,#1722,#1739,#1786,
    #1803,#1850,#1867,#1914,#1931,#1978,#1995,#2042,#2059,#2106,#2123,
    #2170,#2187,#2234,#2251,#2298,#2329,#2385,#2409,#2458,#2489,#2545,
    #2569,#2618,#2649,#2705,#2729,#2778,#2809,#2865,#2889,#2938,#2969,
    #3025,#3049,#3098,#3129,#3185,#3209,#3258,#3275,#3292,#3309,#3326,
    #3338,#3355,#3372,#3389,#3406,#3418,#3435,#3452,#3469,#3486,#3498,
    #3515,#3532,#3549,#3566,#3578,#3595,#3612,#3629,#3646,#3658,#3675,
    #3692,#3709,#3726,#3738,#3755,#3772,#3821,#3845,#3887,#3904,#3921,
    #3938,#3987,#4011,#4053,#4070,#4087,#4104,#4153,#4177,#4219,#4236,
    #4253,#4270,#4319,#4343,#4385,#4402,#4419,#4436,#4485,#4509,#4551,
    #4568,#4585,#4602,#4651,#4675,#4717,#4734,#4751,#4768,#4780,#4797,
    #4814,#4826,#4843,#4860,#4872,#4889,#4906,#4918,#4935,#4952,#4964,
    #4981,#4998));
#74 = ADVANCED_FACE('',(#75),#109,.F.);
#75 = FACE_BOUND('',#76,.F.);
#76 = EDGE_LOOP('',(#77,#87,#95,#103));
#77 = ORIENTED_EDGE('',*,*,#78,.T.);
#78 = EDGE_CURVE('',#79,#81,#83,.T.);
#79 = VERTEX_POINT('',#80);
#80 = CARTESIAN_POINT('',(1.27,-13.97,0.));
#81 = VERTEX_POINT('',#82);
#82 = CARTESIAN_POINT('',(1.27,-13.97,8.5));
#83 = LINE('',#84,#85);
#84 = CARTESIAN_POINT('',(1.27,-13.97,0.));
#85 = VECTOR('',#86,1.);
#86 = DIRECTION('',(0.,0.,1.));
#87 = ORIENTED_EDGE('',*,*,#88,.T.);
#88 = EDGE_CURVE('',#81,#89,#91,.T.);
#89 = VERTEX_POINT('',#90);
#90 = CARTESIAN_POINT('',(1.27,1.27,8.5));
#91 = LINE('',#92,#93);
#92 = CARTESIAN_POINT('',(1.27,-13.97,8.5));
#93 = VECTOR('',#94,1.);
#94 = DIRECTION('',(1.110223024625E-16,1.,0.));
#95 = ORIENTED_EDGE('',*,*,#96,.F.);
#96 = EDGE_CURVE('',#97,#89,#99,.T.);
#97 = VERTEX_POINT('',#98);
#98 = CARTESIAN_POINT('',(1.27,1.27,0.));
#99 = LINE('',#100,#101);
#100 = CARTESIAN_POINT('',(1.27,1.27,0.));
#101 = VECTOR('',#102,1.);
#102 = DIRECTION('',(0.,0.,1.));
#103 = ORIENTED_EDGE('',*,*,#104,.F.);
#104 = EDGE_CURVE('',#79,#97,#105,.T.);
#105 = LINE('',#106,#107);
#106 = CARTESIAN_POINT('',(1.27,-13.97,0.));
#107 = VECTOR('',#108,1.);
#108 = DIRECTION('',(1.110223024625E-16,1.,0.));
#109 = PLANE('',#110);
#110 = AXIS2_PLACEMENT_3D('',#111,#112,#113);
#111 = CARTESIAN_POINT('',(1.27,-13.97,0.));
#112 = DIRECTION('',(-1.,1.110223024625E-16,0.));
#113 = DIRECTION('',(1.110223024625E-16,1.,0.));
#114 = ADVANCED_FACE('',(#115),#172,.F.);
#115 = FACE_BOUND('',#116,.F.);
#116 = EDGE_LOOP('',(#117,#127,#135,#141,#142,#150,#158,#166));
#117 = ORIENTED_EDGE('',*,*,#118,.F.);
#118 = EDGE_CURVE('',#119,#121,#123,.T.);
#119 = VERTEX_POINT('',#120);
#120 = CARTESIAN_POINT('',(-1.27,-13.97,0.));
#121 = VERTEX_POINT('',#122);
#122 = CARTESIAN_POINT('',(-0.846666666667,-13.97,0.));
#123 = LINE('',#124,#125);
#124 = CARTESIAN_POINT('',(-1.27,-13.97,0.));
#125 = VECTOR('',#126,1.);
#126 = DIRECTION('',(1.,-1.110223024625E-16,0.));
#127 = ORIENTED_EDGE('',*,*,#128,.T.);
#128 = EDGE_CURVE('',#119,#129,#131,.T.);
#129 = VERTEX_POINT('',#130);
#130 = CARTESIAN_POINT('',(-1.27,-13.97,8.5));
#131 = LINE('',#132,#133);
#132 = CARTESIAN_POINT('',(-1.27,-13.97,0.));
#133 = VECTOR('',#134,1.);
#134 = DIRECTION('',(0.,0.,1.));
#135 = ORIENTED_EDGE('',*,*,#136,.T.);
#136 = EDGE_CURVE('',#129,#81,#137,.T.);
#137 = LINE('',#138,#139);
#138 = CARTESIAN_POINT('',(-1.27,-13.97,8.5));
#139 = VECTOR('',#140,1.);
#140 = DIRECTION('',(1.,-1.110223024625E-16,0.));
#141 = ORIENTED_EDGE('',*,*,#78,.F.);
#142 = ORIENTED_EDGE('',*,*,#143,.F.);
#143 = EDGE_CURVE('',#144,#79,#146,.T.);
#144 = VERTEX_POINT('',#145);
#145 = CARTESIAN_POINT('',(0.846666666667,-13.97,0.));
#146 = LINE('',#147,#148);
#147 = CARTESIAN_POINT('',(-1.27,-13.97,0.));
#148 = VECTOR('',#149,1.);
#149 = DIRECTION('',(1.,-1.110223024625E-16,0.));
#150 = ORIENTED_EDGE('',*,*,#151,.T.);
#151 = EDGE_CURVE('',#144,#152,#154,.T.);
#152 = VERTEX_POINT('',#153);
#153 = CARTESIAN_POINT('',(0.846666666667,-13.97,0.2));
#154 = LINE('',#155,#156);
#155 = CARTESIAN_POINT('',(0.846666666667,-13.97,0.));
#156 = VECTOR('',#157,1.);
#157 = DIRECTION('',(0.,0.,1.));
#158 = ORIENTED_EDGE('',*,*,#159,.F.);
#159 = EDGE_CURVE('',#160,#152,#162,.T.);
#160 = VERTEX_POINT('',#161);
#161 = CARTESIAN_POINT('',(-0.846666666667,-13.97,0.2));
#162 = LINE('',#163,#164);
#163 = CARTESIAN_POINT('',(-0.846666666667,-13.97,0.2));
#164 = VECTOR('',#165,1.);
#165 = DIRECTION('',(1.,-1.110223024625E-16,0.));
#166 = ORIENTED_EDGE('',*,*,#167,.F.);
#167 = EDGE_CURVE('',#121,#160,#168,.T.);
#168 = LINE('',#169,#170);
#169 = CARTESIAN_POINT('',(-0.846666666667,-13.97,0.));
#170 = VECTOR('',#171,1.);
#171 = DIRECTION('',(0.,0.,1.));
#172 = PLANE('',#173);
#173 = AXIS2_PLACEMENT_3D('',#174,#175,#176);
#174 = CARTESIAN_POINT('',(-1.27,-13.97,0.));
#175 = DIRECTION('',(1.110223024625E-16,1.,0.));
#176 = DIRECTION('',(1.,-1.110223024625E-16,0.));
#177 = ADVANCED_FACE('',(#178),#235,.F.);
#178 = FACE_BOUND('',#179,.F.);
#179 = EDGE_LOOP('',(#180,#188,#189,#197,#205,#213,#221,#229));
#180 = ORIENTED_EDGE('',*,*,#181,.F.);
#181 = EDGE_CURVE('',#97,#182,#184,.T.);
#182 = VERTEX_POINT('',#183);
#183 = CARTESIAN_POINT('',(0.846666666667,1.27,0.));
#184 = LINE('',#185,#186);
#185 = CARTESIAN_POINT('',(1.27,1.27,0.));
#186 = VECTOR('',#187,1.);
#187 = DIRECTION('',(-1.,1.110223024625E-16,0.));
#188 = ORIENTED_EDGE('',*,*,#96,.T.);
#189 = ORIENTED_EDGE('',*,*,#190,.T.);
#190 = EDGE_CURVE('',#89,#191,#193,.T.);
#191 = VERTEX_POINT('',#192);
#192 = CARTESIAN_POINT('',(-1.27,1.27,8.5));
#193 = LINE('',#194,#195);
#194 = CARTESIAN_POINT('',(1.27,1.27,8.5));
#195 = VECTOR('',#196,1.);
#196 = DIRECTION('',(-1.,1.110223024625E-16,0.));
#197 = ORIENTED_EDGE('',*,*,#198,.F.);
#198 = EDGE_CURVE('',#199,#191,#201,.T.);
#199 = VERTEX_POINT('',#200);
#200 = CARTESIAN_POINT('',(-1.27,1.27,0.));
#201 = LINE('',#202,#203);
#202 = CARTESIAN_POINT('',(-1.27,1.27,0.));
#203 = VECTOR('',#204,1.);
#204 = DIRECTION('',(0.,0.,1.));
#205 = ORIENTED_EDGE('',*,*,#206,.F.);
#206 = EDGE_CURVE('',#207,#199,#209,.T.);
#207 = VERTEX_POINT('',#208);
#208 = CARTESIAN_POINT('',(-0.846666666667,1.27,0.));
#209 = LINE('',#210,#211);
#210 = CARTESIAN_POINT('',(1.27,1.27,0.));
#211 = VECTOR('',#212,1.);
#212 = DIRECTION('',(-1.,1.110223024625E-16,0.));
#213 = ORIENTED_EDGE('',*,*,#214,.T.);
#214 = EDGE_CURVE('',#207,#215,#217,.T.);
#215 = VERTEX_POINT('',#216);
#216 = CARTESIAN_POINT('',(-0.846666666667,1.27,0.2));
#217 = LINE('',#218,#219);
#218 = CARTESIAN_POINT('',(-0.846666666667,1.27,0.));
#219 = VECTOR('',#220,1.);
#220 = DIRECTION('',(0.,0.,1.));
#221 = ORIENTED_EDGE('',*,*,#222,.F.);
#222 = EDGE_CURVE('',#223,#215,#225,.T.);
#223 = VERTEX_POINT('',#224);
#224 = CARTESIAN_POINT('',(0.846666666667,1.27,0.2));
#225 = LINE('',#226,#227);
#226 = CARTESIAN_POINT('',(0.846666666667,1.27,0.2));
#227 = VECTOR('',#228,1.);
#228 = DIRECTION('',(-1.,1.110223024625E-16,0.));
#229 = ORIENTED_EDGE('',*,*,#230,.F.);
#230 = EDGE_CURVE('',#182,#223,#231,.T.);
#231 = LINE('',#232,#233);
#232 = CARTESIAN_POINT('',(0.846666666667,1.27,0.));
#233 = VECTOR('',#234,1.);
#234 = DIRECTION('',(0.,0.,1.));
#235 = PLANE('',#236);
#236 = AXIS2_PLACEMENT_3D('',#237,#238,#239);
#237 = CARTESIAN_POINT('',(1.27,1.27,0.));
#238 = DIRECTION('',(-1.110223024625E-16,-1.,0.));
#239 = DIRECTION('',(-1.,1.110223024625E-16,0.));
#240 = ADVANCED_FACE('',(#241),#252,.F.);
#241 = FACE_BOUND('',#242,.F.);
#242 = EDGE_LOOP('',(#243,#244,#245,#246));
#243 = ORIENTED_EDGE('',*,*,#143,.T.);
#244 = ORIENTED_EDGE('',*,*,#104,.T.);
#245 = ORIENTED_EDGE('',*,*,#181,.T.);
#246 = ORIENTED_EDGE('',*,*,#247,.F.);
#247 = EDGE_CURVE('',#144,#182,#248,.T.);
#248 = LINE('',#249,#250);
#249 = CARTESIAN_POINT('',(0.846666666667,-13.97,0.));
#250 = VECTOR('',#251,1.);
#251 = DIRECTION('',(1.110223024625E-16,1.,0.));
#252 = PLANE('',#253);
#253 = AXIS2_PLACEMENT_3D('',#254,#255,#256);
#254 = CARTESIAN_POINT('',(-6.772360450213E-16,-6.35,0.));
#255 = DIRECTION('',(0.,0.,1.));
#256 = DIRECTION('',(1.110223024625E-16,1.,-0.));
#257 = ADVANCED_FACE('',(#258,#269,#303,#337,#371,#405,#439),#473,.T.);
#258 = FACE_BOUND('',#259,.T.);
#259 = EDGE_LOOP('',(#260,#261,#262,#268));
#260 = ORIENTED_EDGE('',*,*,#88,.T.);
#261 = ORIENTED_EDGE('',*,*,#190,.T.);
#262 = ORIENTED_EDGE('',*,*,#263,.T.);
#263 = EDGE_CURVE('',#191,#129,#264,.T.);
#264 = LINE('',#265,#266);
#265 = CARTESIAN_POINT('',(-1.27,1.27,8.5));
#266 = VECTOR('',#267,1.);
#267 = DIRECTION('',(-1.110223024625E-16,-1.,0.));
#268 = ORIENTED_EDGE('',*,*,#136,.T.);
#269 = FACE_BOUND('',#270,.T.);
#270 = EDGE_LOOP('',(#271,#281,#289,#297));
#271 = ORIENTED_EDGE('',*,*,#272,.F.);
#272 = EDGE_CURVE('',#273,#275,#277,.T.);
#273 = VERTEX_POINT('',#274);
#274 = CARTESIAN_POINT('',(0.6,-13.3,8.5));
#275 = VERTEX_POINT('',#276);
#276 = CARTESIAN_POINT('',(0.6,-12.1,8.5));
#277 = LINE('',#278,#279);
#278 = CARTESIAN_POINT('',(0.6,-13.3,8.5));
#279 = VECTOR('',#280,1.);
#280 = DIRECTION('',(1.110223024625E-16,1.,0.));
#281 = ORIENTED_EDGE('',*,*,#282,.F.);
#282 = EDGE_CURVE('',#283,#273,#285,.T.);
#283 = VERTEX_POINT('',#284);
#284 = CARTESIAN_POINT('',(-0.6,-13.3,8.5));
#285 = LINE('',#286,#287);
#286 = CARTESIAN_POINT('',(-0.6,-13.3,8.5));
#287 = VECTOR('',#288,1.);
#288 = DIRECTION('',(1.,-1.110223024625E-16,0.));
#289 = ORIENTED_EDGE('',*,*,#290,.F.);
#290 = EDGE_CURVE('',#291,#283,#293,.T.);
#291 = VERTEX_POINT('',#292);
#292 = CARTESIAN_POINT('',(-0.6,-12.1,8.5));
#293 = LINE('',#294,#295);
#294 = CARTESIAN_POINT('',(-0.6,-12.1,8.5));
#295 = VECTOR('',#296,1.);
#296 = DIRECTION('',(-1.110223024625E-16,-1.,0.));
#297 = ORIENTED_EDGE('',*,*,#298,.F.);
#298 = EDGE_CURVE('',#275,#291,#299,.T.);
#299 = LINE('',#300,#301);
#300 = CARTESIAN_POINT('',(0.6,-12.1,8.5));
#301 = VECTOR('',#302,1.);
#302 = DIRECTION('',(-1.,1.110223024625E-16,0.));
#303 = FACE_BOUND('',#304,.T.);
#304 = EDGE_LOOP('',(#305,#315,#323,#331));
#305 = ORIENTED_EDGE('',*,*,#306,.F.);
#306 = EDGE_CURVE('',#307,#309,#311,.T.);
#307 = VERTEX_POINT('',#308);
#308 = CARTESIAN_POINT('',(0.6,-10.76,8.5));
#309 = VERTEX_POINT('',#310);
#310 = CARTESIAN_POINT('',(0.6,-9.56,8.5));
#311 = LINE('',#312,#313);
#312 = CARTESIAN_POINT('',(0.6,-10.76,8.5));
#313 = VECTOR('',#314,1.);
#314 = DIRECTION('',(1.110223024625E-16,1.,0.));
#315 = ORIENTED_EDGE('',*,*,#316,.F.);
#316 = EDGE_CURVE('',#317,#307,#319,.T.);
#317 = VERTEX_POINT('',#318);
#318 = CARTESIAN_POINT('',(-0.6,-10.76,8.5));
#319 = LINE('',#320,#321);
#320 = CARTESIAN_POINT('',(-0.6,-10.76,8.5));
#321 = VECTOR('',#322,1.);
#322 = DIRECTION('',(1.,-1.110223024625E-16,0.));
#323 = ORIENTED_EDGE('',*,*,#324,.F.);
#324 = EDGE_CURVE('',#325,#317,#327,.T.);
#325 = VERTEX_POINT('',#326);
#326 = CARTESIAN_POINT('',(-0.6,-9.56,8.5));
#327 = LINE('',#328,#329);
#328 = CARTESIAN_POINT('',(-0.6,-9.56,8.5));
#329 = VECTOR('',#330,1.);
#330 = DIRECTION('',(-1.110223024625E-16,-1.,0.));
#331 = ORIENTED_EDGE('',*,*,#332,.F.);
#332 = EDGE_CURVE('',#309,#325,#333,.T.);
#333 = LINE('',#334,#335);
#334 = CARTESIAN_POINT('',(0.6,-9.56,8.5));
#335 = VECTOR('',#336,1.);
#336 = DIRECTION('',(-1.,1.110223024625E-16,0.));
#337 = FACE_BOUND('',#338,.T.);
#338 = EDGE_LOOP('',(#339,#349,#357,#365));
#339 = ORIENTED_EDGE('',*,*,#340,.F.);
#340 = EDGE_CURVE('',#341,#343,#345,.T.);
#341 = VERTEX_POINT('',#342);
#342 = CARTESIAN_POINT('',(0.6,-8.22,8.5));
#343 = VERTEX_POINT('',#344);
#344 = CARTESIAN_POINT('',(0.6,-7.02,8.5));
#345 = LINE('',#346,#347);
#346 = CARTESIAN_POINT('',(0.6,-8.22,8.5));
#347 = VECTOR('',#348,1.);
#348 = DIRECTION('',(1.110223024625E-16,1.,0.));
#349 = ORIENTED_EDGE('',*,*,#350,.F.);
#350 = EDGE_CURVE('',#351,#341,#353,.T.);
#351 = VERTEX_POINT('',#352);
#352 = CARTESIAN_POINT('',(-0.6,-8.22,8.5));
#353 = LINE('',#354,#355);
#354 = CARTESIAN_POINT('',(-0.6,-8.22,8.5));
#355 = VECTOR('',#356,1.);
#356 = DIRECTION('',(1.,-1.110223024625E-16,0.));
#357 = ORIENTED_EDGE('',*,*,#358,.F.);
#358 = EDGE_CURVE('',#359,#351,#361,.T.);
#359 = VERTEX_POINT('',#360);
#360 = CARTESIAN_POINT('',(-0.6,-7.02,8.5));
#361 = LINE('',#362,#363);
#362 = CARTESIAN_POINT('',(-0.6,-7.02,8.5));
#363 = VECTOR('',#364,1.);
#364 = DIRECTION('',(-1.110223024625E-16,-1.,0.));
#365 = ORIENTED_EDGE('',*,*,#366,.F.);
#366 = EDGE_CURVE('',#343,#359,#367,.T.);
#367 = LINE('',#368,#369);
#368 = CARTESIAN_POINT('',(0.6,-7.02,8.5));
#369 = VECTOR('',#370,1.);
#370 = DIRECTION('',(-1.,1.110223024625E-16,0.));
#371 = FACE_BOUND('',#372,.T.);
#372 = EDGE_LOOP('',(#373,#383,#391,#399));
#373 = ORIENTED_EDGE('',*,*,#374,.F.);
#374 = EDGE_CURVE('',#375,#377,#379,.T.);
#375 = VERTEX_POINT('',#376);
#376 = CARTESIAN_POINT('',(0.6,-5.68,8.5));
#377 = VERTEX_POINT('',#378);
#378 = CARTESIAN_POINT('',(0.6,-4.48,8.5));
#379 = LINE('',#380,#381);
#380 = CARTESIAN_POINT('',(0.6,-5.68,8.5));
#381 = VECTOR('',#382,1.);
#382 = DIRECTION('',(1.110223024625E-16,1.,0.));
#383 = ORIENTED_EDGE('',*,*,#384,.F.);
#384 = EDGE_CURVE('',#385,#375,#387,.T.);
#385 = VERTEX_POINT('',#386);
#386 = CARTESIAN_POINT('',(-0.6,-5.68,8.5));
#387 = LINE('',#388,#389);
#388 = CARTESIAN_POINT('',(-0.6,-5.68,8.5));
#389 = VECTOR('',#390,1.);
#390 = DIRECTION('',(1.,-1.110223024625E-16,0.));
#391 = ORIENTED_EDGE('',*,*,#392,.F.);
#392 = EDGE_CURVE('',#393,#385,#395,.T.);
#393 = VERTEX_POINT('',#394);
#394 = CARTESIAN_POINT('',(-0.6,-4.48,8.5));
#395 = LINE('',#396,#397);
#396 = CARTESIAN_POINT('',(-0.6,-4.48,8.5));
#397 = VECTOR('',#398,1.);
#398 = DIRECTION('',(-1.110223024625E-16,-1.,0.));
#399 = ORIENTED_EDGE('',*,*,#400,.F.);
#400 = EDGE_CURVE('',#377,#393,#401,.T.);
#401 = LINE('',#402,#403);
#402 = CARTESIAN_POINT('',(0.6,-4.48,8.5));
#403 = VECTOR('',#404,1.);
#404 = DIRECTION('',(-1.,1.110223024625E-16,0.));
#405 = FACE_BOUND('',#406,.T.);
#406 = EDGE_LOOP('',(#407,#417,#425,#433));
#407 = ORIENTED_EDGE('',*,*,#408,.F.);
#408 = EDGE_CURVE('',#409,#411,#413,.T.);
#409 = VERTEX_POINT('',#410);
#410 = CARTESIAN_POINT('',(0.6,-3.14,8.5));
#411 = VERTEX_POINT('',#412);
#412 = CARTESIAN_POINT('',(0.6,-1.94,8.5));
#413 = LINE('',#414,#415);
#414 = CARTESIAN_POINT('',(0.6,-3.14,8.5));
#415 = VECTOR('',#416,1.);
#416 = DIRECTION('',(1.110223024625E-16,1.,0.));
#417 = ORIENTED_EDGE('',*,*,#418,.F.);
#418 = EDGE_CURVE('',#419,#409,#421,.T.);
#419 = VERTEX_POINT('',#420);
#420 = CARTESIAN_POINT('',(-0.6,-3.14,8.5));
#421 = LINE('',#422,#423);
#422 = CARTESIAN_POINT('',(-0.6,-3.14,8.5));
#423 = VECTOR('',#424,1.);
#424 = DIRECTION('',(1.,-1.110223024625E-16,0.));
#425 = ORIENTED_EDGE('',*,*,#426,.F.);
#426 = EDGE_CURVE('',#427,#419,#429,.T.);
#427 = VERTEX_POINT('',#428);
#428 = CARTESIAN_POINT('',(-0.6,-1.94,8.5));
#429 = LINE('',#430,#431);
#430 = CARTESIAN_POINT('',(-0.6,-1.94,8.5));
#431 = VECTOR('',#432,1.);
#432 = DIRECTION('',(-1.110223024625E-16,-1.,0.));
#433 = ORIENTED_EDGE('',*,*,#434,.F.);
#434 = EDGE_CURVE('',#411,#427,#435,.T.);
#435 = LINE('',#436,#437);
#436 = CARTESIAN_POINT('',(0.6,-1.94,8.5));
#437 = VECTOR('',#438,1.);
#438 = DIRECTION('',(-1.,1.110223024625E-16,0.));
#439 = FACE_BOUND('',#440,.T.);
#440 = EDGE_LOOP('',(#441,#451,#459,#467));
#441 = ORIENTED_EDGE('',*,*,#442,.F.);
#442 = EDGE_CURVE('',#443,#445,#447,.T.);
#443 = VERTEX_POINT('',#444);
#444 = CARTESIAN_POINT('',(0.6,-0.6,8.5));
#445 = VERTEX_POINT('',#446);
#446 = CARTESIAN_POINT('',(0.6,0.6,8.5));
#447 = LINE('',#448,#449);
#448 = CARTESIAN_POINT('',(0.6,-0.6,8.5));
#449 = VECTOR('',#450,1.);
#450 = DIRECTION('',(1.110223024625E-16,1.,0.));
#451 = ORIENTED_EDGE('',*,*,#452,.F.);
#452 = EDGE_CURVE('',#453,#443,#455,.T.);
#453 = VERTEX_POINT('',#454);
#454 = CARTESIAN_POINT('',(-0.6,-0.6,8.5));
#455 = LINE('',#456,#457);
#456 = CARTESIAN_POINT('',(-0.6,-0.6,8.5));
#457 = VECTOR('',#458,1.);
#458 = DIRECTION('',(1.,-1.110223024625E-16,0.));
#459 = ORIENTED_EDGE('',*,*,#460,.F.);
#460 = EDGE_CURVE('',#461,#453,#463,.T.);
#461 = VERTEX_POINT('',#462);
#462 = CARTESIAN_POINT('',(-0.6,0.6,8.5));
#463 = LINE('',#464,#465);
#464 = CARTESIAN_POINT('',(-0.6,0.6,8.5));
#465 = VECTOR('',#466,1.);
#466 = DIRECTION('',(-1.110223024625E-16,-1.,0.));
#467 = ORIENTED_EDGE('',*,*,#468,.F.);
#468 = EDGE_CURVE('',#445,#461,#469,.T.);
#469 = LINE('',#470,#471);
#470 = CARTESIAN_POINT('',(0.6,0.6,8.5));
#471 = VECTOR('',#472,1.);
#472 = DIRECTION('',(-1.,1.110223024625E-16,0.));
#473 = PLANE('',#474);
#474 = AXIS2_PLACEMENT_3D('',#475,#476,#477);
#475 = CARTESIAN_POINT('',(-6.772360450213E-16,-6.35,8.5));
#476 = DIRECTION('',(0.,0.,1.));
#477 = DIRECTION('',(1.110223024625E-16,1.,-0.));
#478 = ADVANCED_FACE('',(#479),#495,.F.);
#479 = FACE_BOUND('',#480,.F.);
#480 = EDGE_LOOP('',(#481,#482,#488,#489));
#481 = ORIENTED_EDGE('',*,*,#118,.T.);
#482 = ORIENTED_EDGE('',*,*,#483,.F.);
#483 = EDGE_CURVE('',#207,#121,#484,.T.);
#484 = LINE('',#485,#486);
#485 = CARTESIAN_POINT('',(-0.846666666667,1.27,0.));
#486 = VECTOR('',#487,1.);
#487 = DIRECTION('',(-1.110223024625E-16,-1.,0.));
#488 = ORIENTED_EDGE('',*,*,#206,.T.);
#489 = ORIENTED_EDGE('',*,*,#490,.T.);
#490 = EDGE_CURVE('',#199,#119,#491,.T.);
#491 = LINE('',#492,#493);
#492 = CARTESIAN_POINT('',(-1.27,1.27,0.));
#493 = VECTOR('',#494,1.);
#494 = DIRECTION('',(-1.110223024625E-16,-1.,0.));
#495 = PLANE('',#496);
#496 = AXIS2_PLACEMENT_3D('',#497,#498,#499);
#497 = CARTESIAN_POINT('',(-6.772360450213E-16,-6.35,0.));
#498 = DIRECTION('',(0.,0.,1.));
#499 = DIRECTION('',(1.110223024625E-16,1.,-0.));
#500 = ADVANCED_FACE('',(#501),#512,.T.);
#501 = FACE_BOUND('',#502,.T.);
#502 = EDGE_LOOP('',(#503,#504,#510,#511));
#503 = ORIENTED_EDGE('',*,*,#214,.T.);
#504 = ORIENTED_EDGE('',*,*,#505,.T.);
#505 = EDGE_CURVE('',#215,#160,#506,.T.);
#506 = LINE('',#507,#508);
#507 = CARTESIAN_POINT('',(-0.846666666667,1.27,0.2));
#508 = VECTOR('',#509,1.);
#509 = DIRECTION('',(-1.110223024625E-16,-1.,0.));
#510 = ORIENTED_EDGE('',*,*,#167,.F.);
#511 = ORIENTED_EDGE('',*,*,#483,.F.);
#512 = PLANE('',#513);
#513 = AXIS2_PLACEMENT_3D('',#514,#515,#516);
#514 = CARTESIAN_POINT('',(-0.846666666667,1.27,0.));
#515 = DIRECTION('',(1.,-1.110223024625E-16,0.));
#516 = DIRECTION('',(-1.110223024625E-16,-1.,0.));
#517 = ADVANCED_FACE('',(#518,#529,#595,#661,#727,#793,#859),#925,.F.);
#518 = FACE_BOUND('',#519,.F.);
#519 = EDGE_LOOP('',(#520,#526,#527,#528));
#520 = ORIENTED_EDGE('',*,*,#521,.T.);
#521 = EDGE_CURVE('',#152,#223,#522,.T.);
#522 = LINE('',#523,#524);
#523 = CARTESIAN_POINT('',(0.846666666667,-13.97,0.2));
#524 = VECTOR('',#525,1.);
#525 = DIRECTION('',(1.110223024625E-16,1.,0.));
#526 = ORIENTED_EDGE('',*,*,#222,.T.);
#527 = ORIENTED_EDGE('',*,*,#505,.T.);
#528 = ORIENTED_EDGE('',*,*,#159,.T.);
#529 = FACE_BOUND('',#530,.F.);
#530 = EDGE_LOOP('',(#531,#541,#549,#557,#565,#573,#581,#589));
#531 = ORIENTED_EDGE('',*,*,#532,.F.);
#532 = EDGE_CURVE('',#533,#535,#537,.T.);
#533 = VERTEX_POINT('',#534);
#534 = CARTESIAN_POINT('',(-0.1,-13.15,0.2));
#535 = VERTEX_POINT('',#536);
#536 = CARTESIAN_POINT('',(0.1,-13.15,0.2));
#537 = LINE('',#538,#539);
#538 = CARTESIAN_POINT('',(-0.1,-13.15,0.2));
#539 = VECTOR('',#540,1.);
#540 = DIRECTION('',(1.,-1.110223024625E-16,0.));
#541 = ORIENTED_EDGE('',*,*,#542,.T.);
#542 = EDGE_CURVE('',#533,#543,#545,.T.);
#543 = VERTEX_POINT('',#544);
#544 = CARTESIAN_POINT('',(-0.1,-13.,0.2));
#545 = LINE('',#546,#547);
#546 = CARTESIAN_POINT('',(-0.1,-13.15,0.2));
#547 = VECTOR('',#548,1.);
#548 = DIRECTION('',(1.110223024625E-16,1.,0.));
#549 = ORIENTED_EDGE('',*,*,#550,.F.);
#550 = EDGE_CURVE('',#551,#543,#553,.T.);
#551 = VERTEX_POINT('',#552);
#552 = CARTESIAN_POINT('',(-0.1,-12.4,0.2));
#553 = LINE('',#554,#555);
#554 = CARTESIAN_POINT('',(-0.1,-9.525,0.2));
#555 = VECTOR('',#556,1.);
#556 = DIRECTION('',(-1.110223024625E-16,-1.,0.));
#557 = ORIENTED_EDGE('',*,*,#558,.T.);
#558 = EDGE_CURVE('',#551,#559,#561,.T.);
#559 = VERTEX_POINT('',#560);
#560 = CARTESIAN_POINT('',(-0.1,-12.25,0.2));
#561 = LINE('',#562,#563);
#562 = CARTESIAN_POINT('',(-0.1,-13.15,0.2));
#563 = VECTOR('',#564,1.);
#564 = DIRECTION('',(1.110223024625E-16,1.,0.));
#565 = ORIENTED_EDGE('',*,*,#566,.T.);
#566 = EDGE_CURVE('',#559,#567,#569,.T.);
#567 = VERTEX_POINT('',#568);
#568 = CARTESIAN_POINT('',(0.1,-12.25,0.2));
#569 = LINE('',#570,#571);
#570 = CARTESIAN_POINT('',(-0.1,-12.25,0.2));
#571 = VECTOR('',#572,1.);
#572 = DIRECTION('',(1.,-1.110223024625E-16,0.));
#573 = ORIENTED_EDGE('',*,*,#574,.T.);
#574 = EDGE_CURVE('',#567,#575,#577,.T.);
#575 = VERTEX_POINT('',#576);
#576 = CARTESIAN_POINT('',(0.1,-12.4,0.2));
#577 = LINE('',#578,#579);
#578 = CARTESIAN_POINT('',(0.1,-12.25,0.2));
#579 = VECTOR('',#580,1.);
#580 = DIRECTION('',(-1.110223024625E-16,-1.,0.));
#581 = ORIENTED_EDGE('',*,*,#582,.T.);
#582 = EDGE_CURVE('',#575,#583,#585,.T.);
#583 = VERTEX_POINT('',#584);
#584 = CARTESIAN_POINT('',(0.1,-13.,0.2));
#585 = LINE('',#586,#587);
#586 = CARTESIAN_POINT('',(0.1,-9.525,0.2));
#587 = VECTOR('',#588,1.);
#588 = DIRECTION('',(-1.110223024625E-16,-1.,0.));
#589 = ORIENTED_EDGE('',*,*,#590,.T.);
#590 = EDGE_CURVE('',#583,#535,#591,.T.);
#591 = LINE('',#592,#593);
#592 = CARTESIAN_POINT('',(0.1,-12.25,0.2));
#593 = VECTOR('',#594,1.);
#594 = DIRECTION('',(-1.110223024625E-16,-1.,0.));
#595 = FACE_BOUND('',#596,.F.);
#596 = EDGE_LOOP('',(#597,#607,#615,#623,#631,#639,#647,#655));
#597 = ORIENTED_EDGE('',*,*,#598,.F.);
#598 = EDGE_CURVE('',#599,#601,#603,.T.);
#599 = VERTEX_POINT('',#600);
#600 = CARTESIAN_POINT('',(-0.1,-10.61,0.2));
#601 = VERTEX_POINT('',#602);
#602 = CARTESIAN_POINT('',(0.1,-10.61,0.2));
#603 = LINE('',#604,#605);
#604 = CARTESIAN_POINT('',(-0.1,-10.61,0.2));
#605 = VECTOR('',#606,1.);
#606 = DIRECTION('',(1.,-1.110223024625E-16,0.));
#607 = ORIENTED_EDGE('',*,*,#608,.T.);
#608 = EDGE_CURVE('',#599,#609,#611,.T.);
#609 = VERTEX_POINT('',#610);
#610 = CARTESIAN_POINT('',(-0.1,-10.46,0.2));
#611 = LINE('',#612,#613);
#612 = CARTESIAN_POINT('',(-0.1,-10.61,0.2));
#613 = VECTOR('',#614,1.);
#614 = DIRECTION('',(1.110223024625E-16,1.,0.));
#615 = ORIENTED_EDGE('',*,*,#616,.F.);
#616 = EDGE_CURVE('',#617,#609,#619,.T.);
#617 = VERTEX_POINT('',#618);
#618 = CARTESIAN_POINT('',(-0.1,-9.86,0.2));
#619 = LINE('',#620,#621);
#620 = CARTESIAN_POINT('',(-0.1,-8.255,0.2));
#621 = VECTOR('',#622,1.);
#622 = DIRECTION('',(-1.110223024625E-16,-1.,0.));
#623 = ORIENTED_EDGE('',*,*,#624,.T.);
#624 = EDGE_CURVE('',#617,#625,#627,.T.);
#625 = VERTEX_POINT('',#626);
#626 = CARTESIAN_POINT('',(-0.1,-9.71,0.2));
#627 = LINE('',#628,#629);
#628 = CARTESIAN_POINT('',(-0.1,-10.61,0.2));
#629 = VECTOR('',#630,1.);
#630 = DIRECTION('',(1.110223024625E-16,1.,0.));
#631 = ORIENTED_EDGE('',*,*,#632,.T.);
#632 = EDGE_CURVE('',#625,#633,#635,.T.);
#633 = VERTEX_POINT('',#634);
#634 = CARTESIAN_POINT('',(0.1,-9.71,0.2));
#635 = LINE('',#636,#637);
#636 = CARTESIAN_POINT('',(-0.1,-9.71,0.2));
#637 = VECTOR('',#638,1.);
#638 = DIRECTION('',(1.,-1.110223024625E-16,0.));
#639 = ORIENTED_EDGE('',*,*,#640,.T.);
#640 = EDGE_CURVE('',#633,#641,#643,.T.);
#641 = VERTEX_POINT('',#642);
#642 = CARTESIAN_POINT('',(0.1,-9.86,0.2));
#643 = LINE('',#644,#645);
#644 = CARTESIAN_POINT('',(0.1,-9.71,0.2));
#645 = VECTOR('',#646,1.);
#646 = DIRECTION('',(-1.110223024625E-16,-1.,0.));
#647 = ORIENTED_EDGE('',*,*,#648,.T.);
#648 = EDGE_CURVE('',#641,#649,#651,.T.);
#649 = VERTEX_POINT('',#650);
#650 = CARTESIAN_POINT('',(0.1,-10.46,0.2));
#651 = LINE('',#652,#653);
#652 = CARTESIAN_POINT('',(0.1,-8.255,0.2));
#653 = VECTOR('',#654,1.);
#654 = DIRECTION('',(-1.110223024625E-16,-1.,0.));
#655 = ORIENTED_EDGE('',*,*,#656,.T.);
#656 = EDGE_CURVE('',#649,#601,#657,.T.);
#657 = LINE('',#658,#659);
#658 = CARTESIAN_POINT('',(0.1,-9.71,0.2));
#659 = VECTOR('',#660,1.);
#660 = DIRECTION('',(-1.110223024625E-16,-1.,0.));
#661 = FACE_BOUND('',#662,.F.);
#662 = EDGE_LOOP('',(#663,#673,#681,#689,#697,#705,#713,#721));
#663 = ORIENTED_EDGE('',*,*,#664,.F.);
#664 = EDGE_CURVE('',#665,#667,#669,.T.);
#665 = VERTEX_POINT('',#666);
#666 = CARTESIAN_POINT('',(-0.1,-8.07,0.2));
#667 = VERTEX_POINT('',#668);
#668 = CARTESIAN_POINT('',(0.1,-8.07,0.2));
#669 = LINE('',#670,#671);
#670 = CARTESIAN_POINT('',(-0.1,-8.07,0.2));
#671 = VECTOR('',#672,1.);
#672 = DIRECTION('',(1.,-1.110223024625E-16,0.));
#673 = ORIENTED_EDGE('',*,*,#674,.T.);
#674 = EDGE_CURVE('',#665,#675,#677,.T.);
#675 = VERTEX_POINT('',#676);
#676 = CARTESIAN_POINT('',(-0.1,-7.92,0.2));
#677 = LINE('',#678,#679);
#678 = CARTESIAN_POINT('',(-0.1,-8.07,0.2));
#679 = VECTOR('',#680,1.);
#680 = DIRECTION('',(1.110223024625E-16,1.,0.));
#681 = ORIENTED_EDGE('',*,*,#682,.F.);
#682 = EDGE_CURVE('',#683,#675,#685,.T.);
#683 = VERTEX_POINT('',#684);
#684 = CARTESIAN_POINT('',(-0.1,-7.32,0.2));
#685 = LINE('',#686,#687);
#686 = CARTESIAN_POINT('',(-0.1,-6.985,0.2));
#687 = VECTOR('',#688,1.);
#688 = DIRECTION('',(-1.110223024625E-16,-1.,0.));
#689 = ORIENTED_EDGE('',*,*,#690,.T.);
#690 = EDGE_CURVE('',#683,#691,#693,.T.);
#691 = VERTEX_POINT('',#692);
#692 = CARTESIAN_POINT('',(-0.1,-7.17,0.2));
#693 = LINE('',#694,#695);
#694 = CARTESIAN_POINT('',(-0.1,-8.07,0.2));
#695 = VECTOR('',#696,1.);
#696 = DIRECTION('',(1.110223024625E-16,1.,0.));
#697 = ORIENTED_EDGE('',*,*,#698,.T.);
#698 = EDGE_CURVE('',#691,#699,#701,.T.);
#699 = VERTEX_POINT('',#700);
#700 = CARTESIAN_POINT('',(0.1,-7.17,0.2));
#701 = LINE('',#702,#703);
#702 = CARTESIAN_POINT('',(-0.1,-7.17,0.2));
#703 = VECTOR('',#704,1.);
#704 = DIRECTION('',(1.,-1.110223024625E-16,0.));
#705 = ORIENTED_EDGE('',*,*,#706,.T.);
#706 = EDGE_CURVE('',#699,#707,#709,.T.);
#707 = VERTEX_POINT('',#708);
#708 = CARTESIAN_POINT('',(0.1,-7.32,0.2));
#709 = LINE('',#710,#711);
#710 = CARTESIAN_POINT('',(0.1,-7.17,0.2));
#711 = VECTOR('',#712,1.);
#712 = DIRECTION('',(-1.110223024625E-16,-1.,0.));
#713 = ORIENTED_EDGE('',*,*,#714,.T.);
#714 = EDGE_CURVE('',#707,#715,#717,.T.);
#715 = VERTEX_POINT('',#716);
#716 = CARTESIAN_POINT('',(0.1,-7.92,0.2));
#717 = LINE('',#718,#719);
#718 = CARTESIAN_POINT('',(0.1,-6.985,0.2));
#719 = VECTOR('',#720,1.);
#720 = DIRECTION('',(-1.110223024625E-16,-1.,0.));
#721 = ORIENTED_EDGE('',*,*,#722,.T.);
#722 = EDGE_CURVE('',#715,#667,#723,.T.);
#723 = LINE('',#724,#725);
#724 = CARTESIAN_POINT('',(0.1,-7.17,0.2));
#725 = VECTOR('',#726,1.);
#726 = DIRECTION('',(-1.110223024625E-16,-1.,0.));
#727 = FACE_BOUND('',#728,.F.);
#728 = EDGE_LOOP('',(#729,#739,#747,#755,#763,#771,#779,#787));
#729 = ORIENTED_EDGE('',*,*,#730,.F.);
#730 = EDGE_CURVE('',#731,#733,#735,.T.);
#731 = VERTEX_POINT('',#732);
#732 = CARTESIAN_POINT('',(-0.1,-5.53,0.2));
#733 = VERTEX_POINT('',#734);
#734 = CARTESIAN_POINT('',(0.1,-5.53,0.2));
#735 = LINE('',#736,#737);
#736 = CARTESIAN_POINT('',(-0.1,-5.53,0.2));
#737 = VECTOR('',#738,1.);
#738 = DIRECTION('',(1.,-1.110223024625E-16,0.));
#739 = ORIENTED_EDGE('',*,*,#740,.T.);
#740 = EDGE_CURVE('',#731,#741,#743,.T.);
#741 = VERTEX_POINT('',#742);
#742 = CARTESIAN_POINT('',(-0.1,-5.38,0.2));
#743 = LINE('',#744,#745);
#744 = CARTESIAN_POINT('',(-0.1,-5.53,0.2));
#745 = VECTOR('',#746,1.);
#746 = DIRECTION('',(1.110223024625E-16,1.,0.));
#747 = ORIENTED_EDGE('',*,*,#748,.F.);
#748 = EDGE_CURVE('',#749,#741,#751,.T.);
#749 = VERTEX_POINT('',#750);
#750 = CARTESIAN_POINT('',(-0.1,-4.78,0.2));
#751 = LINE('',#752,#753);
#752 = CARTESIAN_POINT('',(-0.1,-5.715,0.2));
#753 = VECTOR('',#754,1.);
#754 = DIRECTION('',(-1.110223024625E-16,-1.,0.));
#755 = ORIENTED_EDGE('',*,*,#756,.T.);
#756 = EDGE_CURVE('',#749,#757,#759,.T.);
#757 = VERTEX_POINT('',#758);
#758 = CARTESIAN_POINT('',(-0.1,-4.63,0.2));
#759 = LINE('',#760,#761);
#760 = CARTESIAN_POINT('',(-0.1,-5.53,0.2));
#761 = VECTOR('',#762,1.);
#762 = DIRECTION('',(1.110223024625E-16,1.,0.));
#763 = ORIENTED_EDGE('',*,*,#764,.T.);
#764 = EDGE_CURVE('',#757,#765,#767,.T.);
#765 = VERTEX_POINT('',#766);
#766 = CARTESIAN_POINT('',(0.1,-4.63,0.2));
#767 = LINE('',#768,#769);
#768 = CARTESIAN_POINT('',(-0.1,-4.63,0.2));
#769 = VECTOR('',#770,1.);
#770 = DIRECTION('',(1.,-1.110223024625E-16,0.));
#771 = ORIENTED_EDGE('',*,*,#772,.T.);
#772 = EDGE_CURVE('',#765,#773,#775,.T.);
#773 = VERTEX_POINT('',#774);
#774 = CARTESIAN_POINT('',(0.1,-4.78,0.2));
#775 = LINE('',#776,#777);
#776 = CARTESIAN_POINT('',(0.1,-4.63,0.2));
#777 = VECTOR('',#778,1.);
#778 = DIRECTION('',(-1.110223024625E-16,-1.,0.));
#779 = ORIENTED_EDGE('',*,*,#780,.T.);
#780 = EDGE_CURVE('',#773,#781,#783,.T.);
#781 = VERTEX_POINT('',#782);
#782 = CARTESIAN_POINT('',(0.1,-5.38,0.2));
#783 = LINE('',#784,#785);
#784 = CARTESIAN_POINT('',(0.1,-5.715,0.2));
#785 = VECTOR('',#786,1.);
#786 = DIRECTION('',(-1.110223024625E-16,-1.,0.));
#787 = ORIENTED_EDGE('',*,*,#788,.T.);
#788 = EDGE_CURVE('',#781,#733,#789,.T.);
#789 = LINE('',#790,#791);
#790 = CARTESIAN_POINT('',(0.1,-4.63,0.2));
#791 = VECTOR('',#792,1.);
#792 = DIRECTION('',(-1.110223024625E-16,-1.,0.));
#793 = FACE_BOUND('',#794,.F.);
#794 = EDGE_LOOP('',(#795,#805,#813,#821,#829,#837,#845,#853));
#795 = ORIENTED_EDGE('',*,*,#796,.F.);
#796 = EDGE_CURVE('',#797,#799,#801,.T.);
#797 = VERTEX_POINT('',#798);
#798 = CARTESIAN_POINT('',(-0.1,-2.99,0.2));
#799 = VERTEX_POINT('',#800);
#800 = CARTESIAN_POINT('',(0.1,-2.99,0.2));
#801 = LINE('',#802,#803);
#802 = CARTESIAN_POINT('',(-0.1,-2.99,0.2));
#803 = VECTOR('',#804,1.);
#804 = DIRECTION('',(1.,-1.110223024625E-16,0.));
#805 = ORIENTED_EDGE('',*,*,#806,.T.);
#806 = EDGE_CURVE('',#797,#807,#809,.T.);
#807 = VERTEX_POINT('',#808);
#808 = CARTESIAN_POINT('',(-0.1,-2.84,0.2));
#809 = LINE('',#810,#811);
#810 = CARTESIAN_POINT('',(-0.1,-2.99,0.2));
#811 = VECTOR('',#812,1.);
#812 = DIRECTION('',(1.110223024625E-16,1.,0.));
#813 = ORIENTED_EDGE('',*,*,#814,.F.);
#814 = EDGE_CURVE('',#815,#807,#817,.T.);
#815 = VERTEX_POINT('',#816);
#816 = CARTESIAN_POINT('',(-0.1,-2.24,0.2));
#817 = LINE('',#818,#819);
#818 = CARTESIAN_POINT('',(-0.1,-4.445,0.2));
#819 = VECTOR('',#820,1.);
#820 = DIRECTION('',(-1.110223024625E-16,-1.,0.));
#821 = ORIENTED_EDGE('',*,*,#822,.T.);
#822 = EDGE_CURVE('',#815,#823,#825,.T.);
#823 = VERTEX_POINT('',#824);
#824 = CARTESIAN_POINT('',(-0.1,-2.09,0.2));
#825 = LINE('',#826,#827);
#826 = CARTESIAN_POINT('',(-0.1,-2.99,0.2));
#827 = VECTOR('',#828,1.);
#828 = DIRECTION('',(1.110223024625E-16,1.,0.));
#829 = ORIENTED_EDGE('',*,*,#830,.T.);
#830 = EDGE_CURVE('',#823,#831,#833,.T.);
#831 = VERTEX_POINT('',#832);
#832 = CARTESIAN_POINT('',(0.1,-2.09,0.2));
#833 = LINE('',#834,#835);
#834 = CARTESIAN_POINT('',(-0.1,-2.09,0.2));
#835 = VECTOR('',#836,1.);
#836 = DIRECTION('',(1.,-1.110223024625E-16,0.));
#837 = ORIENTED_EDGE('',*,*,#838,.T.);
#838 = EDGE_CURVE('',#831,#839,#841,.T.);
#839 = VERTEX_POINT('',#840);
#840 = CARTESIAN_POINT('',(0.1,-2.24,0.2));
#841 = LINE('',#842,#843);
#842 = CARTESIAN_POINT('',(0.1,-2.09,0.2));
#843 = VECTOR('',#844,1.);
#844 = DIRECTION('',(-1.110223024625E-16,-1.,0.));
#845 = ORIENTED_EDGE('',*,*,#846,.T.);
#846 = EDGE_CURVE('',#839,#847,#849,.T.);
#847 = VERTEX_POINT('',#848);
#848 = CARTESIAN_POINT('',(0.1,-2.84,0.2));
#849 = LINE('',#850,#851);
#850 = CARTESIAN_POINT('',(0.1,-4.445,0.2));
#851 = VECTOR('',#852,1.);
#852 = DIRECTION('',(-1.110223024625E-16,-1.,0.));
#853 = ORIENTED_EDGE('',*,*,#854,.T.);
#854 = EDGE_CURVE('',#847,#799,#855,.T.);
#855 = LINE('',#856,#857);
#856 = CARTESIAN_POINT('',(0.1,-2.09,0.2));
#857 = VECTOR('',#858,1.);
#858 = DIRECTION('',(-1.110223024625E-16,-1.,0.));
#859 = FACE_BOUND('',#860,.F.);
#860 = EDGE_LOOP('',(#861,#871,#879,#887,#895,#903,#911,#919));
#861 = ORIENTED_EDGE('',*,*,#862,.F.);
#862 = EDGE_CURVE('',#863,#865,#867,.T.);
#863 = VERTEX_POINT('',#864);
#864 = CARTESIAN_POINT('',(-0.1,-0.45,0.2));
#865 = VERTEX_POINT('',#866);
#866 = CARTESIAN_POINT('',(0.1,-0.45,0.2));
#867 = LINE('',#868,#869);
#868 = CARTESIAN_POINT('',(-0.1,-0.45,0.2));
#869 = VECTOR('',#870,1.);
#870 = DIRECTION('',(1.,-1.110223024625E-16,0.));
#871 = ORIENTED_EDGE('',*,*,#872,.T.);
#872 = EDGE_CURVE('',#863,#873,#875,.T.);
#873 = VERTEX_POINT('',#874);
#874 = CARTESIAN_POINT('',(-0.1,-0.3,0.2));
#875 = LINE('',#876,#877);
#876 = CARTESIAN_POINT('',(-0.1,-0.45,0.2));
#877 = VECTOR('',#878,1.);
#878 = DIRECTION('',(1.110223024625E-16,1.,0.));
#879 = ORIENTED_EDGE('',*,*,#880,.F.);
#880 = EDGE_CURVE('',#881,#873,#883,.T.);
#881 = VERTEX_POINT('',#882);
#882 = CARTESIAN_POINT('',(-0.1,0.3,0.2));
#883 = LINE('',#884,#885);
#884 = CARTESIAN_POINT('',(-0.1,-3.175,0.2));
#885 = VECTOR('',#886,1.);
#886 = DIRECTION('',(-1.110223024625E-16,-1.,0.));
#887 = ORIENTED_EDGE('',*,*,#888,.T.);
#888 = EDGE_CURVE('',#881,#889,#891,.T.);
#889 = VERTEX_POINT('',#890);
#890 = CARTESIAN_POINT('',(-0.1,0.45,0.2));
#891 = LINE('',#892,#893);
#892 = CARTESIAN_POINT('',(-0.1,-0.45,0.2));
#893 = VECTOR('',#894,1.);
#894 = DIRECTION('',(1.110223024625E-16,1.,0.));
#895 = ORIENTED_EDGE('',*,*,#896,.T.);
#896 = EDGE_CURVE('',#889,#897,#899,.T.);
#897 = VERTEX_POINT('',#898);
#898 = CARTESIAN_POINT('',(0.1,0.45,0.2));
#899 = LINE('',#900,#901);
#900 = CARTESIAN_POINT('',(-0.1,0.45,0.2));
#901 = VECTOR('',#902,1.);
#902 = DIRECTION('',(1.,-1.110223024625E-16,0.));
#903 = ORIENTED_EDGE('',*,*,#904,.T.);
#904 = EDGE_CURVE('',#897,#905,#907,.T.);
#905 = VERTEX_POINT('',#906);
#906 = CARTESIAN_POINT('',(0.1,0.3,0.2));
#907 = LINE('',#908,#909);
#908 = CARTESIAN_POINT('',(0.1,0.45,0.2));
#909 = VECTOR('',#910,1.);
#910 = DIRECTION('',(-1.110223024625E-16,-1.,0.));
#911 = ORIENTED_EDGE('',*,*,#912,.T.);
#912 = EDGE_CURVE('',#905,#913,#915,.T.);
#913 = VERTEX_POINT('',#914);
#914 = CARTESIAN_POINT('',(0.1,-0.3,0.2));
#915 = LINE('',#916,#917);
#916 = CARTESIAN_POINT('',(0.1,-3.175,0.2));
#917 = VECTOR('',#918,1.);
#918 = DIRECTION('',(-1.110223024625E-16,-1.,0.));
#919 = ORIENTED_EDGE('',*,*,#920,.T.);
#920 = EDGE_CURVE('',#913,#865,#921,.T.);
#921 = LINE('',#922,#923);
#922 = CARTESIAN_POINT('',(0.1,0.45,0.2));
#923 = VECTOR('',#924,1.);
#924 = DIRECTION('',(-1.110223024625E-16,-1.,0.));
#925 = PLANE('',#926);
#926 = AXIS2_PLACEMENT_3D('',#927,#928,#929);
#927 = CARTESIAN_POINT('',(-6.772360450213E-16,-6.35,0.2));
#928 = DIRECTION('',(0.,0.,1.));
#929 = DIRECTION('',(1.110223024625E-16,1.,-0.));
#930 = ADVANCED_FACE('',(#931),#937,.T.);
#931 = FACE_BOUND('',#932,.T.);
#932 = EDGE_LOOP('',(#933,#934,#935,#936));
#933 = ORIENTED_EDGE('',*,*,#151,.T.);
#934 = ORIENTED_EDGE('',*,*,#521,.T.);
#935 = ORIENTED_EDGE('',*,*,#230,.F.);
#936 = ORIENTED_EDGE('',*,*,#247,.F.);
#937 = PLANE('',#938);
#938 = AXIS2_PLACEMENT_3D('',#939,#940,#941);
#939 = CARTESIAN_POINT('',(0.846666666667,-13.97,0.));
#940 = DIRECTION('',(-1.,1.110223024625E-16,0.));
#941 = DIRECTION('',(1.110223024625E-16,1.,0.));
#942 = ADVANCED_FACE('',(#943),#949,.F.);
#943 = FACE_BOUND('',#944,.F.);
#944 = EDGE_LOOP('',(#945,#946,#947,#948));
#945 = ORIENTED_EDGE('',*,*,#198,.T.);
#946 = ORIENTED_EDGE('',*,*,#263,.T.);
#947 = ORIENTED_EDGE('',*,*,#128,.F.);
#948 = ORIENTED_EDGE('',*,*,#490,.F.);
#949 = PLANE('',#950);
#950 = AXIS2_PLACEMENT_3D('',#951,#952,#953);
#951 = CARTESIAN_POINT('',(-1.27,1.27,0.));
#952 = DIRECTION('',(1.,-1.110223024625E-16,0.));
#953 = DIRECTION('',(-1.110223024625E-16,-1.,0.));
#954 = ADVANCED_FACE('',(#955),#980,.T.);
#955 = FACE_BOUND('',#956,.T.);
#956 = EDGE_LOOP('',(#957,#965,#966,#974));
#957 = ORIENTED_EDGE('',*,*,#958,.F.);
#958 = EDGE_CURVE('',#273,#959,#961,.T.);
#959 = VERTEX_POINT('',#960);
#960 = CARTESIAN_POINT('',(0.3,-13.,8.2));
#961 = LINE('',#962,#963);
#962 = CARTESIAN_POINT('',(0.3,-13.,8.2));
#963 = VECTOR('',#964,1.);
#964 = DIRECTION('',(-0.57735026919,0.57735026919,-0.57735026919));
#965 = ORIENTED_EDGE('',*,*,#272,.T.);
#966 = ORIENTED_EDGE('',*,*,#967,.T.);
#967 = EDGE_CURVE('',#275,#968,#970,.T.);
#968 = VERTEX_POINT('',#969);
#969 = CARTESIAN_POINT('',(0.3,-12.4,8.2));
#970 = LINE('',#971,#972);
#971 = CARTESIAN_POINT('',(0.3,-12.4,8.2));
#972 = VECTOR('',#973,1.);
#973 = DIRECTION('',(-0.57735026919,-0.57735026919,-0.57735026919));
#974 = ORIENTED_EDGE('',*,*,#975,.F.);
#975 = EDGE_CURVE('',#959,#968,#976,.T.);
#976 = LINE('',#977,#978);
#977 = CARTESIAN_POINT('',(0.3,-13.3,8.2));
#978 = VECTOR('',#979,1.);
#979 = DIRECTION('',(1.110223024625E-16,1.,0.));
#980 = PLANE('',#981);
#981 = AXIS2_PLACEMENT_3D('',#982,#983,#984);
#982 = CARTESIAN_POINT('',(0.45,-13.3,8.35));
#983 = DIRECTION('',(-0.707106781187,7.850462293414E-17,0.707106781187)
  );
#984 = DIRECTION('',(1.110223024625E-16,1.,2.680278185005E-29));
#985 = ADVANCED_FACE('',(#986),#1004,.T.);
#986 = FACE_BOUND('',#987,.T.);
#987 = EDGE_LOOP('',(#988,#989,#990,#998));
#988 = ORIENTED_EDGE('',*,*,#967,.F.);
#989 = ORIENTED_EDGE('',*,*,#298,.T.);
#990 = ORIENTED_EDGE('',*,*,#991,.T.);
#991 = EDGE_CURVE('',#291,#992,#994,.T.);
#992 = VERTEX_POINT('',#993);
#993 = CARTESIAN_POINT('',(-0.3,-12.4,8.2));
#994 = LINE('',#995,#996);
#995 = CARTESIAN_POINT('',(-0.3,-12.4,8.2));
#996 = VECTOR('',#997,1.);
#997 = DIRECTION('',(0.57735026919,-0.57735026919,-0.57735026919));
#998 = ORIENTED_EDGE('',*,*,#999,.F.);
#999 = EDGE_CURVE('',#968,#992,#1000,.T.);
#1000 = LINE('',#1001,#1002);
#1001 = CARTESIAN_POINT('',(0.6,-12.4,8.2));
#1002 = VECTOR('',#1003,1.);
#1003 = DIRECTION('',(-1.,1.110223024625E-16,0.));
#1004 = PLANE('',#1005);
#1005 = AXIS2_PLACEMENT_3D('',#1006,#1007,#1008);
#1006 = CARTESIAN_POINT('',(0.6,-12.25,8.35));
#1007 = DIRECTION('',(-8.197719098449E-17,-0.707106781187,0.707106781187
    ));
#1008 = DIRECTION('',(-1.,1.13477778879E-16,-2.455476416522E-18));
#1009 = ADVANCED_FACE('',(#1010),#1028,.T.);
#1010 = FACE_BOUND('',#1011,.T.);
#1011 = EDGE_LOOP('',(#1012,#1013,#1014,#1022));
#1012 = ORIENTED_EDGE('',*,*,#991,.F.);
#1013 = ORIENTED_EDGE('',*,*,#290,.T.);
#1014 = ORIENTED_EDGE('',*,*,#1015,.T.);
#1015 = EDGE_CURVE('',#283,#1016,#1018,.T.);
#1016 = VERTEX_POINT('',#1017);
#1017 = CARTESIAN_POINT('',(-0.3,-13.,8.2));
#1018 = LINE('',#1019,#1020);
#1019 = CARTESIAN_POINT('',(-0.3,-13.,8.2));
#1020 = VECTOR('',#1021,1.);
#1021 = DIRECTION('',(0.57735026919,0.57735026919,-0.57735026919));
#1022 = ORIENTED_EDGE('',*,*,#1023,.F.);
#1023 = EDGE_CURVE('',#992,#1016,#1024,.T.);
#1024 = LINE('',#1025,#1026);
#1025 = CARTESIAN_POINT('',(-0.3,-12.1,8.2));
#1026 = VECTOR('',#1027,1.);
#1027 = DIRECTION('',(-1.110223024625E-16,-1.,0.));
#1028 = PLANE('',#1029);
#1029 = AXIS2_PLACEMENT_3D('',#1030,#1031,#1032);
#1030 = CARTESIAN_POINT('',(-0.45,-12.1,8.35));
#1031 = DIRECTION('',(0.707106781187,-7.850462293414E-17,0.707106781187)
  );
#1032 = DIRECTION('',(-1.110223024625E-16,-1.,2.680278185005E-29));
#1033 = ADVANCED_FACE('',(#1034),#1045,.T.);
#1034 = FACE_BOUND('',#1035,.T.);
#1035 = EDGE_LOOP('',(#1036,#1037,#1038,#1039));
#1036 = ORIENTED_EDGE('',*,*,#1015,.F.);
#1037 = ORIENTED_EDGE('',*,*,#282,.T.);
#1038 = ORIENTED_EDGE('',*,*,#958,.T.);
#1039 = ORIENTED_EDGE('',*,*,#1040,.F.);
#1040 = EDGE_CURVE('',#1016,#959,#1041,.T.);
#1041 = LINE('',#1042,#1043);
#1042 = CARTESIAN_POINT('',(-0.6,-13.,8.2));
#1043 = VECTOR('',#1044,1.);
#1044 = DIRECTION('',(1.,-1.110223024625E-16,0.));
#1045 = PLANE('',#1046);
#1046 = AXIS2_PLACEMENT_3D('',#1047,#1048,#1049);
#1047 = CARTESIAN_POINT('',(-0.6,-13.15,8.35));
#1048 = DIRECTION('',(8.197719098449E-17,0.707106781187,0.707106781187)
  );
#1049 = DIRECTION('',(1.,-1.13477778879E-16,-2.455476416522E-18));
#1050 = ADVANCED_FACE('',(#1051),#1076,.T.);
#1051 = FACE_BOUND('',#1052,.T.);
#1052 = EDGE_LOOP('',(#1053,#1061,#1062,#1070));
#1053 = ORIENTED_EDGE('',*,*,#1054,.F.);
#1054 = EDGE_CURVE('',#307,#1055,#1057,.T.);
#1055 = VERTEX_POINT('',#1056);
#1056 = CARTESIAN_POINT('',(0.3,-10.46,8.2));
#1057 = LINE('',#1058,#1059);
#1058 = CARTESIAN_POINT('',(0.3,-10.46,8.2));
#1059 = VECTOR('',#1060,1.);
#1060 = DIRECTION('',(-0.57735026919,0.57735026919,-0.57735026919));
#1061 = ORIENTED_EDGE('',*,*,#306,.T.);
#1062 = ORIENTED_EDGE('',*,*,#1063,.T.);
#1063 = EDGE_CURVE('',#309,#1064,#1066,.T.);
#1064 = VERTEX_POINT('',#1065);
#1065 = CARTESIAN_POINT('',(0.3,-9.86,8.2));
#1066 = LINE('',#1067,#1068);
#1067 = CARTESIAN_POINT('',(0.3,-9.86,8.2));
#1068 = VECTOR('',#1069,1.);
#1069 = DIRECTION('',(-0.57735026919,-0.57735026919,-0.57735026919));
#1070 = ORIENTED_EDGE('',*,*,#1071,.F.);
#1071 = EDGE_CURVE('',#1055,#1064,#1072,.T.);
#1072 = LINE('',#1073,#1074);
#1073 = CARTESIAN_POINT('',(0.3,-10.76,8.2));
#1074 = VECTOR('',#1075,1.);
#1075 = DIRECTION('',(1.110223024625E-16,1.,0.));
#1076 = PLANE('',#1077);
#1077 = AXIS2_PLACEMENT_3D('',#1078,#1079,#1080);
#1078 = CARTESIAN_POINT('',(0.45,-10.76,8.35));
#1079 = DIRECTION('',(-0.707106781187,7.850462293414E-17,0.707106781187)
  );
#1080 = DIRECTION('',(1.110223024625E-16,1.,2.680278185005E-29));
#1081 = ADVANCED_FACE('',(#1082),#1100,.T.);
#1082 = FACE_BOUND('',#1083,.T.);
#1083 = EDGE_LOOP('',(#1084,#1085,#1086,#1094));
#1084 = ORIENTED_EDGE('',*,*,#1063,.F.);
#1085 = ORIENTED_EDGE('',*,*,#332,.T.);
#1086 = ORIENTED_EDGE('',*,*,#1087,.T.);
#1087 = EDGE_CURVE('',#325,#1088,#1090,.T.);
#1088 = VERTEX_POINT('',#1089);
#1089 = CARTESIAN_POINT('',(-0.3,-9.86,8.2));
#1090 = LINE('',#1091,#1092);
#1091 = CARTESIAN_POINT('',(-0.3,-9.86,8.2));
#1092 = VECTOR('',#1093,1.);
#1093 = DIRECTION('',(0.57735026919,-0.57735026919,-0.57735026919));
#1094 = ORIENTED_EDGE('',*,*,#1095,.F.);
#1095 = EDGE_CURVE('',#1064,#1088,#1096,.T.);
#1096 = LINE('',#1097,#1098);
#1097 = CARTESIAN_POINT('',(0.6,-9.86,8.2));
#1098 = VECTOR('',#1099,1.);
#1099 = DIRECTION('',(-1.,1.110223024625E-16,0.));
#1100 = PLANE('',#1101);
#1101 = AXIS2_PLACEMENT_3D('',#1102,#1103,#1104);
#1102 = CARTESIAN_POINT('',(0.6,-9.71,8.35));
#1103 = DIRECTION('',(-8.197719098449E-17,-0.707106781187,0.707106781187
    ));
#1104 = DIRECTION('',(-1.,1.13477778879E-16,-2.455476416522E-18));
#1105 = ADVANCED_FACE('',(#1106),#1124,.T.);
#1106 = FACE_BOUND('',#1107,.T.);
#1107 = EDGE_LOOP('',(#1108,#1109,#1110,#1118));
#1108 = ORIENTED_EDGE('',*,*,#1087,.F.);
#1109 = ORIENTED_EDGE('',*,*,#324,.T.);
#1110 = ORIENTED_EDGE('',*,*,#1111,.T.);
#1111 = EDGE_CURVE('',#317,#1112,#1114,.T.);
#1112 = VERTEX_POINT('',#1113);
#1113 = CARTESIAN_POINT('',(-0.3,-10.46,8.2));
#1114 = LINE('',#1115,#1116);
#1115 = CARTESIAN_POINT('',(-0.3,-10.46,8.2));
#1116 = VECTOR('',#1117,1.);
#1117 = DIRECTION('',(0.57735026919,0.57735026919,-0.57735026919));
#1118 = ORIENTED_EDGE('',*,*,#1119,.F.);
#1119 = EDGE_CURVE('',#1088,#1112,#1120,.T.);
#1120 = LINE('',#1121,#1122);
#1121 = CARTESIAN_POINT('',(-0.3,-9.56,8.2));
#1122 = VECTOR('',#1123,1.);
#1123 = DIRECTION('',(-1.110223024625E-16,-1.,0.));
#1124 = PLANE('',#1125);
#1125 = AXIS2_PLACEMENT_3D('',#1126,#1127,#1128);
#1126 = CARTESIAN_POINT('',(-0.45,-9.56,8.35));
#1127 = DIRECTION('',(0.707106781187,-7.850462293414E-17,0.707106781187)
  );
#1128 = DIRECTION('',(-1.110223024625E-16,-1.,2.680278185005E-29));
#1129 = ADVANCED_FACE('',(#1130),#1141,.T.);
#1130 = FACE_BOUND('',#1131,.T.);
#1131 = EDGE_LOOP('',(#1132,#1133,#1134,#1135));
#1132 = ORIENTED_EDGE('',*,*,#1111,.F.);
#1133 = ORIENTED_EDGE('',*,*,#316,.T.);
#1134 = ORIENTED_EDGE('',*,*,#1054,.T.);
#1135 = ORIENTED_EDGE('',*,*,#1136,.F.);
#1136 = EDGE_CURVE('',#1112,#1055,#1137,.T.);
#1137 = LINE('',#1138,#1139);
#1138 = CARTESIAN_POINT('',(-0.6,-10.46,8.2));
#1139 = VECTOR('',#1140,1.);
#1140 = DIRECTION('',(1.,-1.110223024625E-16,0.));
#1141 = PLANE('',#1142);
#1142 = AXIS2_PLACEMENT_3D('',#1143,#1144,#1145);
#1143 = CARTESIAN_POINT('',(-0.6,-10.61,8.35));
#1144 = DIRECTION('',(8.197719098449E-17,0.707106781187,0.707106781187)
  );
#1145 = DIRECTION('',(1.,-1.13477778879E-16,-2.455476416522E-18));
#1146 = ADVANCED_FACE('',(#1147),#1172,.T.);
#1147 = FACE_BOUND('',#1148,.T.);
#1148 = EDGE_LOOP('',(#1149,#1157,#1158,#1166));
#1149 = ORIENTED_EDGE('',*,*,#1150,.F.);
#1150 = EDGE_CURVE('',#341,#1151,#1153,.T.);
#1151 = VERTEX_POINT('',#1152);
#1152 = CARTESIAN_POINT('',(0.3,-7.92,8.2));
#1153 = LINE('',#1154,#1155);
#1154 = CARTESIAN_POINT('',(0.3,-7.92,8.2));
#1155 = VECTOR('',#1156,1.);
#1156 = DIRECTION('',(-0.57735026919,0.57735026919,-0.57735026919));
#1157 = ORIENTED_EDGE('',*,*,#340,.T.);
#1158 = ORIENTED_EDGE('',*,*,#1159,.T.);
#1159 = EDGE_CURVE('',#343,#1160,#1162,.T.);
#1160 = VERTEX_POINT('',#1161);
#1161 = CARTESIAN_POINT('',(0.3,-7.32,8.2));
#1162 = LINE('',#1163,#1164);
#1163 = CARTESIAN_POINT('',(0.3,-7.32,8.2));
#1164 = VECTOR('',#1165,1.);
#1165 = DIRECTION('',(-0.57735026919,-0.57735026919,-0.57735026919));
#1166 = ORIENTED_EDGE('',*,*,#1167,.F.);
#1167 = EDGE_CURVE('',#1151,#1160,#1168,.T.);
#1168 = LINE('',#1169,#1170);
#1169 = CARTESIAN_POINT('',(0.3,-8.22,8.2));
#1170 = VECTOR('',#1171,1.);
#1171 = DIRECTION('',(1.110223024625E-16,1.,0.));
#1172 = PLANE('',#1173);
#1173 = AXIS2_PLACEMENT_3D('',#1174,#1175,#1176);
#1174 = CARTESIAN_POINT('',(0.45,-8.22,8.35));
#1175 = DIRECTION('',(-0.707106781187,7.850462293414E-17,0.707106781187)
  );
#1176 = DIRECTION('',(1.110223024625E-16,1.,2.680278185005E-29));
#1177 = ADVANCED_FACE('',(#1178),#1196,.T.);
#1178 = FACE_BOUND('',#1179,.T.);
#1179 = EDGE_LOOP('',(#1180,#1181,#1182,#1190));
#1180 = ORIENTED_EDGE('',*,*,#1159,.F.);
#1181 = ORIENTED_EDGE('',*,*,#366,.T.);
#1182 = ORIENTED_EDGE('',*,*,#1183,.T.);
#1183 = EDGE_CURVE('',#359,#1184,#1186,.T.);
#1184 = VERTEX_POINT('',#1185);
#1185 = CARTESIAN_POINT('',(-0.3,-7.32,8.2));
#1186 = LINE('',#1187,#1188);
#1187 = CARTESIAN_POINT('',(-0.3,-7.32,8.2));
#1188 = VECTOR('',#1189,1.);
#1189 = DIRECTION('',(0.57735026919,-0.57735026919,-0.57735026919));
#1190 = ORIENTED_EDGE('',*,*,#1191,.F.);
#1191 = EDGE_CURVE('',#1160,#1184,#1192,.T.);
#1192 = LINE('',#1193,#1194);
#1193 = CARTESIAN_POINT('',(0.6,-7.32,8.2));
#1194 = VECTOR('',#1195,1.);
#1195 = DIRECTION('',(-1.,1.110223024625E-16,0.));
#1196 = PLANE('',#1197);
#1197 = AXIS2_PLACEMENT_3D('',#1198,#1199,#1200);
#1198 = CARTESIAN_POINT('',(0.6,-7.17,8.35));
#1199 = DIRECTION('',(-8.197719098449E-17,-0.707106781187,0.707106781187
    ));
#1200 = DIRECTION('',(-1.,1.13477778879E-16,-2.455476416522E-18));
#1201 = ADVANCED_FACE('',(#1202),#1220,.T.);
#1202 = FACE_BOUND('',#1203,.T.);
#1203 = EDGE_LOOP('',(#1204,#1205,#1206,#1214));
#1204 = ORIENTED_EDGE('',*,*,#1183,.F.);
#1205 = ORIENTED_EDGE('',*,*,#358,.T.);
#1206 = ORIENTED_EDGE('',*,*,#1207,.T.);
#1207 = EDGE_CURVE('',#351,#1208,#1210,.T.);
#1208 = VERTEX_POINT('',#1209);
#1209 = CARTESIAN_POINT('',(-0.3,-7.92,8.2));
#1210 = LINE('',#1211,#1212);
#1211 = CARTESIAN_POINT('',(-0.3,-7.92,8.2));
#1212 = VECTOR('',#1213,1.);
#1213 = DIRECTION('',(0.57735026919,0.57735026919,-0.57735026919));
#1214 = ORIENTED_EDGE('',*,*,#1215,.F.);
#1215 = EDGE_CURVE('',#1184,#1208,#1216,.T.);
#1216 = LINE('',#1217,#1218);
#1217 = CARTESIAN_POINT('',(-0.3,-7.02,8.2));
#1218 = VECTOR('',#1219,1.);
#1219 = DIRECTION('',(-1.110223024625E-16,-1.,0.));
#1220 = PLANE('',#1221);
#1221 = AXIS2_PLACEMENT_3D('',#1222,#1223,#1224);
#1222 = CARTESIAN_POINT('',(-0.45,-7.02,8.35));
#1223 = DIRECTION('',(0.707106781187,-7.850462293414E-17,0.707106781187)
  );
#1224 = DIRECTION('',(-1.110223024625E-16,-1.,2.680278185005E-29));
#1225 = ADVANCED_FACE('',(#1226),#1237,.T.);
#1226 = FACE_BOUND('',#1227,.T.);
#1227 = EDGE_LOOP('',(#1228,#1229,#1230,#1231));
#1228 = ORIENTED_EDGE('',*,*,#1207,.F.);
#1229 = ORIENTED_EDGE('',*,*,#350,.T.);
#1230 = ORIENTED_EDGE('',*,*,#1150,.T.);
#1231 = ORIENTED_EDGE('',*,*,#1232,.F.);
#1232 = EDGE_CURVE('',#1208,#1151,#1233,.T.);
#1233 = LINE('',#1234,#1235);
#1234 = CARTESIAN_POINT('',(-0.6,-7.92,8.2));
#1235 = VECTOR('',#1236,1.);
#1236 = DIRECTION('',(1.,-1.110223024625E-16,0.));
#1237 = PLANE('',#1238);
#1238 = AXIS2_PLACEMENT_3D('',#1239,#1240,#1241);
#1239 = CARTESIAN_POINT('',(-0.6,-8.07,8.35));
#1240 = DIRECTION('',(8.197719098449E-17,0.707106781187,0.707106781187)
  );
#1241 = DIRECTION('',(1.,-1.13477778879E-16,-2.455476416522E-18));
#1242 = ADVANCED_FACE('',(#1243),#1268,.T.);
#1243 = FACE_BOUND('',#1244,.T.);
#1244 = EDGE_LOOP('',(#1245,#1253,#1254,#1262));
#1245 = ORIENTED_EDGE('',*,*,#1246,.F.);
#1246 = EDGE_CURVE('',#375,#1247,#1249,.T.);
#1247 = VERTEX_POINT('',#1248);
#1248 = CARTESIAN_POINT('',(0.3,-5.38,8.2));
#1249 = LINE('',#1250,#1251);
#1250 = CARTESIAN_POINT('',(0.3,-5.38,8.2));
#1251 = VECTOR('',#1252,1.);
#1252 = DIRECTION('',(-0.57735026919,0.57735026919,-0.57735026919));
#1253 = ORIENTED_EDGE('',*,*,#374,.T.);
#1254 = ORIENTED_EDGE('',*,*,#1255,.T.);
#1255 = EDGE_CURVE('',#377,#1256,#1258,.T.);
#1256 = VERTEX_POINT('',#1257);
#1257 = CARTESIAN_POINT('',(0.3,-4.78,8.2));
#1258 = LINE('',#1259,#1260);
#1259 = CARTESIAN_POINT('',(0.3,-4.78,8.2));
#1260 = VECTOR('',#1261,1.);
#1261 = DIRECTION('',(-0.57735026919,-0.57735026919,-0.57735026919));
#1262 = ORIENTED_EDGE('',*,*,#1263,.F.);
#1263 = EDGE_CURVE('',#1247,#1256,#1264,.T.);
#1264 = LINE('',#1265,#1266);
#1265 = CARTESIAN_POINT('',(0.3,-5.68,8.2));
#1266 = VECTOR('',#1267,1.);
#1267 = DIRECTION('',(1.110223024625E-16,1.,0.));
#1268 = PLANE('',#1269);
#1269 = AXIS2_PLACEMENT_3D('',#1270,#1271,#1272);
#1270 = CARTESIAN_POINT('',(0.45,-5.68,8.35));
#1271 = DIRECTION('',(-0.707106781187,7.850462293414E-17,0.707106781187)
  );
#1272 = DIRECTION('',(1.110223024625E-16,1.,2.680278185005E-29));
#1273 = ADVANCED_FACE('',(#1274),#1292,.T.);
#1274 = FACE_BOUND('',#1275,.T.);
#1275 = EDGE_LOOP('',(#1276,#1277,#1278,#1286));
#1276 = ORIENTED_EDGE('',*,*,#1255,.F.);
#1277 = ORIENTED_EDGE('',*,*,#400,.T.);
#1278 = ORIENTED_EDGE('',*,*,#1279,.T.);
#1279 = EDGE_CURVE('',#393,#1280,#1282,.T.);
#1280 = VERTEX_POINT('',#1281);
#1281 = CARTESIAN_POINT('',(-0.3,-4.78,8.2));
#1282 = LINE('',#1283,#1284);
#1283 = CARTESIAN_POINT('',(-0.3,-4.78,8.2));
#1284 = VECTOR('',#1285,1.);
#1285 = DIRECTION('',(0.57735026919,-0.57735026919,-0.57735026919));
#1286 = ORIENTED_EDGE('',*,*,#1287,.F.);
#1287 = EDGE_CURVE('',#1256,#1280,#1288,.T.);
#1288 = LINE('',#1289,#1290);
#1289 = CARTESIAN_POINT('',(0.6,-4.78,8.2));
#1290 = VECTOR('',#1291,1.);
#1291 = DIRECTION('',(-1.,1.110223024625E-16,0.));
#1292 = PLANE('',#1293);
#1293 = AXIS2_PLACEMENT_3D('',#1294,#1295,#1296);
#1294 = CARTESIAN_POINT('',(0.6,-4.63,8.35));
#1295 = DIRECTION('',(-8.197719098449E-17,-0.707106781187,0.707106781187
    ));
#1296 = DIRECTION('',(-1.,1.13477778879E-16,-2.455476416522E-18));
#1297 = ADVANCED_FACE('',(#1298),#1316,.T.);
#1298 = FACE_BOUND('',#1299,.T.);
#1299 = EDGE_LOOP('',(#1300,#1301,#1302,#1310));
#1300 = ORIENTED_EDGE('',*,*,#1279,.F.);
#1301 = ORIENTED_EDGE('',*,*,#392,.T.);
#1302 = ORIENTED_EDGE('',*,*,#1303,.T.);
#1303 = EDGE_CURVE('',#385,#1304,#1306,.T.);
#1304 = VERTEX_POINT('',#1305);
#1305 = CARTESIAN_POINT('',(-0.3,-5.38,8.2));
#1306 = LINE('',#1307,#1308);
#1307 = CARTESIAN_POINT('',(-0.3,-5.38,8.2));
#1308 = VECTOR('',#1309,1.);
#1309 = DIRECTION('',(0.57735026919,0.57735026919,-0.57735026919));
#1310 = ORIENTED_EDGE('',*,*,#1311,.F.);
#1311 = EDGE_CURVE('',#1280,#1304,#1312,.T.);
#1312 = LINE('',#1313,#1314);
#1313 = CARTESIAN_POINT('',(-0.3,-4.48,8.2));
#1314 = VECTOR('',#1315,1.);
#1315 = DIRECTION('',(-1.110223024625E-16,-1.,0.));
#1316 = PLANE('',#1317);
#1317 = AXIS2_PLACEMENT_3D('',#1318,#1319,#1320);
#1318 = CARTESIAN_POINT('',(-0.45,-4.48,8.35));
#1319 = DIRECTION('',(0.707106781187,-7.850462293414E-17,0.707106781187)
  );
#1320 = DIRECTION('',(-1.110223024625E-16,-1.,2.680278185005E-29));
#1321 = ADVANCED_FACE('',(#1322),#1333,.T.);
#1322 = FACE_BOUND('',#1323,.T.);
#1323 = EDGE_LOOP('',(#1324,#1325,#1326,#1327));
#1324 = ORIENTED_EDGE('',*,*,#1303,.F.);
#1325 = ORIENTED_EDGE('',*,*,#384,.T.);
#1326 = ORIENTED_EDGE('',*,*,#1246,.T.);
#1327 = ORIENTED_EDGE('',*,*,#1328,.F.);
#1328 = EDGE_CURVE('',#1304,#1247,#1329,.T.);
#1329 = LINE('',#1330,#1331);
#1330 = CARTESIAN_POINT('',(-0.6,-5.38,8.2));
#1331 = VECTOR('',#1332,1.);
#1332 = DIRECTION('',(1.,-1.110223024625E-16,0.));
#1333 = PLANE('',#1334);
#1334 = AXIS2_PLACEMENT_3D('',#1335,#1336,#1337);
#1335 = CARTESIAN_POINT('',(-0.6,-5.53,8.35));
#1336 = DIRECTION('',(8.197719098449E-17,0.707106781187,0.707106781187)
  );
#1337 = DIRECTION('',(1.,-1.13477778879E-16,-2.455476416522E-18));
#1338 = ADVANCED_FACE('',(#1339),#1364,.T.);
#1339 = FACE_BOUND('',#1340,.T.);
#1340 = EDGE_LOOP('',(#1341,#1349,#1350,#1358));
#1341 = ORIENTED_EDGE('',*,*,#1342,.F.);
#1342 = EDGE_CURVE('',#409,#1343,#1345,.T.);
#1343 = VERTEX_POINT('',#1344);
#1344 = CARTESIAN_POINT('',(0.3,-2.84,8.2));
#1345 = LINE('',#1346,#1347);
#1346 = CARTESIAN_POINT('',(0.3,-2.84,8.2));
#1347 = VECTOR('',#1348,1.);
#1348 = DIRECTION('',(-0.57735026919,0.57735026919,-0.57735026919));
#1349 = ORIENTED_EDGE('',*,*,#408,.T.);
#1350 = ORIENTED_EDGE('',*,*,#1351,.T.);
#1351 = EDGE_CURVE('',#411,#1352,#1354,.T.);
#1352 = VERTEX_POINT('',#1353);
#1353 = CARTESIAN_POINT('',(0.3,-2.24,8.2));
#1354 = LINE('',#1355,#1356);
#1355 = CARTESIAN_POINT('',(0.3,-2.24,8.2));
#1356 = VECTOR('',#1357,1.);
#1357 = DIRECTION('',(-0.57735026919,-0.57735026919,-0.57735026919));
#1358 = ORIENTED_EDGE('',*,*,#1359,.F.);
#1359 = EDGE_CURVE('',#1343,#1352,#1360,.T.);
#1360 = LINE('',#1361,#1362);
#1361 = CARTESIAN_POINT('',(0.3,-3.14,8.2));
#1362 = VECTOR('',#1363,1.);
#1363 = DIRECTION('',(1.110223024625E-16,1.,0.));
#1364 = PLANE('',#1365);
#1365 = AXIS2_PLACEMENT_3D('',#1366,#1367,#1368);
#1366 = CARTESIAN_POINT('',(0.45,-3.14,8.35));
#1367 = DIRECTION('',(-0.707106781187,7.850462293414E-17,0.707106781187)
  );
#1368 = DIRECTION('',(1.110223024625E-16,1.,2.680278185005E-29));
#1369 = ADVANCED_FACE('',(#1370),#1388,.T.);
#1370 = FACE_BOUND('',#1371,.T.);
#1371 = EDGE_LOOP('',(#1372,#1373,#1374,#1382));
#1372 = ORIENTED_EDGE('',*,*,#1351,.F.);
#1373 = ORIENTED_EDGE('',*,*,#434,.T.);
#1374 = ORIENTED_EDGE('',*,*,#1375,.T.);
#1375 = EDGE_CURVE('',#427,#1376,#1378,.T.);
#1376 = VERTEX_POINT('',#1377);
#1377 = CARTESIAN_POINT('',(-0.3,-2.24,8.2));
#1378 = LINE('',#1379,#1380);
#1379 = CARTESIAN_POINT('',(-0.3,-2.24,8.2));
#1380 = VECTOR('',#1381,1.);
#1381 = DIRECTION('',(0.57735026919,-0.57735026919,-0.57735026919));
#1382 = ORIENTED_EDGE('',*,*,#1383,.F.);
#1383 = EDGE_CURVE('',#1352,#1376,#1384,.T.);
#1384 = LINE('',#1385,#1386);
#1385 = CARTESIAN_POINT('',(0.6,-2.24,8.2));
#1386 = VECTOR('',#1387,1.);
#1387 = DIRECTION('',(-1.,1.110223024625E-16,0.));
#1388 = PLANE('',#1389);
#1389 = AXIS2_PLACEMENT_3D('',#1390,#1391,#1392);
#1390 = CARTESIAN_POINT('',(0.6,-2.09,8.35));
#1391 = DIRECTION('',(-8.197719098449E-17,-0.707106781187,0.707106781187
    ));
#1392 = DIRECTION('',(-1.,1.13477778879E-16,-2.455476416522E-18));
#1393 = ADVANCED_FACE('',(#1394),#1412,.T.);
#1394 = FACE_BOUND('',#1395,.T.);
#1395 = EDGE_LOOP('',(#1396,#1397,#1398,#1406));
#1396 = ORIENTED_EDGE('',*,*,#1375,.F.);
#1397 = ORIENTED_EDGE('',*,*,#426,.T.);
#1398 = ORIENTED_EDGE('',*,*,#1399,.T.);
#1399 = EDGE_CURVE('',#419,#1400,#1402,.T.);
#1400 = VERTEX_POINT('',#1401);
#1401 = CARTESIAN_POINT('',(-0.3,-2.84,8.2));
#1402 = LINE('',#1403,#1404);
#1403 = CARTESIAN_POINT('',(-0.3,-2.84,8.2));
#1404 = VECTOR('',#1405,1.);
#1405 = DIRECTION('',(0.57735026919,0.57735026919,-0.57735026919));
#1406 = ORIENTED_EDGE('',*,*,#1407,.F.);
#1407 = EDGE_CURVE('',#1376,#1400,#1408,.T.);
#1408 = LINE('',#1409,#1410);
#1409 = CARTESIAN_POINT('',(-0.3,-1.94,8.2));
#1410 = VECTOR('',#1411,1.);
#1411 = DIRECTION('',(-1.110223024625E-16,-1.,0.));
#1412 = PLANE('',#1413);
#1413 = AXIS2_PLACEMENT_3D('',#1414,#1415,#1416);
#1414 = CARTESIAN_POINT('',(-0.45,-1.94,8.35));
#1415 = DIRECTION('',(0.707106781187,-7.850462293414E-17,0.707106781187)
  );
#1416 = DIRECTION('',(-1.110223024625E-16,-1.,2.680278185005E-29));
#1417 = ADVANCED_FACE('',(#1418),#1429,.T.);
#1418 = FACE_BOUND('',#1419,.T.);
#1419 = EDGE_LOOP('',(#1420,#1421,#1422,#1423));
#1420 = ORIENTED_EDGE('',*,*,#1399,.F.);
#1421 = ORIENTED_EDGE('',*,*,#418,.T.);
#1422 = ORIENTED_EDGE('',*,*,#1342,.T.);
#1423 = ORIENTED_EDGE('',*,*,#1424,.F.);
#1424 = EDGE_CURVE('',#1400,#1343,#1425,.T.);
#1425 = LINE('',#1426,#1427);
#1426 = CARTESIAN_POINT('',(-0.6,-2.84,8.2));
#1427 = VECTOR('',#1428,1.);
#1428 = DIRECTION('',(1.,-1.110223024625E-16,0.));
#1429 = PLANE('',#1430);
#1430 = AXIS2_PLACEMENT_3D('',#1431,#1432,#1433);
#1431 = CARTESIAN_POINT('',(-0.6,-2.99,8.35));
#1432 = DIRECTION('',(8.197719098449E-17,0.707106781187,0.707106781187)
  );
#1433 = DIRECTION('',(1.,-1.13477778879E-16,-2.455476416522E-18));
#1434 = ADVANCED_FACE('',(#1435),#1460,.T.);
#1435 = FACE_BOUND('',#1436,.T.);
#1436 = EDGE_LOOP('',(#1437,#1445,#1446,#1454));
#1437 = ORIENTED_EDGE('',*,*,#1438,.F.);
#1438 = EDGE_CURVE('',#443,#1439,#1441,.T.);
#1439 = VERTEX_POINT('',#1440);
#1440 = CARTESIAN_POINT('',(0.3,-0.3,8.2));
#1441 = LINE('',#1442,#1443);
#1442 = CARTESIAN_POINT('',(0.3,-0.3,8.2));
#1443 = VECTOR('',#1444,1.);
#1444 = DIRECTION('',(-0.57735026919,0.57735026919,-0.57735026919));
#1445 = ORIENTED_EDGE('',*,*,#442,.T.);
#1446 = ORIENTED_EDGE('',*,*,#1447,.T.);
#1447 = EDGE_CURVE('',#445,#1448,#1450,.T.);
#1448 = VERTEX_POINT('',#1449);
#1449 = CARTESIAN_POINT('',(0.3,0.3,8.2));
#1450 = LINE('',#1451,#1452);
#1451 = CARTESIAN_POINT('',(0.3,0.3,8.2));
#1452 = VECTOR('',#1453,1.);
#1453 = DIRECTION('',(-0.57735026919,-0.57735026919,-0.57735026919));
#1454 = ORIENTED_EDGE('',*,*,#1455,.F.);
#1455 = EDGE_CURVE('',#1439,#1448,#1456,.T.);
#1456 = LINE('',#1457,#1458);
#1457 = CARTESIAN_POINT('',(0.3,-0.6,8.2));
#1458 = VECTOR('',#1459,1.);
#1459 = DIRECTION('',(1.110223024625E-16,1.,0.));
#1460 = PLANE('',#1461);
#1461 = AXIS2_PLACEMENT_3D('',#1462,#1463,#1464);
#1462 = CARTESIAN_POINT('',(0.45,-0.6,8.35));
#1463 = DIRECTION('',(-0.707106781187,7.850462293414E-17,0.707106781187)
  );
#1464 = DIRECTION('',(1.110223024625E-16,1.,2.680278185005E-29));
#1465 = ADVANCED_FACE('',(#1466),#1484,.T.);
#1466 = FACE_BOUND('',#1467,.T.);
#1467 = EDGE_LOOP('',(#1468,#1469,#1470,#1478));
#1468 = ORIENTED_EDGE('',*,*,#1447,.F.);
#1469 = ORIENTED_EDGE('',*,*,#468,.T.);
#1470 = ORIENTED_EDGE('',*,*,#1471,.T.);
#1471 = EDGE_CURVE('',#461,#1472,#1474,.T.);
#1472 = VERTEX_POINT('',#1473);
#1473 = CARTESIAN_POINT('',(-0.3,0.3,8.2));
#1474 = LINE('',#1475,#1476);
#1475 = CARTESIAN_POINT('',(-0.3,0.3,8.2));
#1476 = VECTOR('',#1477,1.);
#1477 = DIRECTION('',(0.57735026919,-0.57735026919,-0.57735026919));
#1478 = ORIENTED_EDGE('',*,*,#1479,.F.);
#1479 = EDGE_CURVE('',#1448,#1472,#1480,.T.);
#1480 = LINE('',#1481,#1482);
#1481 = CARTESIAN_POINT('',(0.6,0.3,8.2));
#1482 = VECTOR('',#1483,1.);
#1483 = DIRECTION('',(-1.,1.110223024625E-16,0.));
#1484 = PLANE('',#1485);
#1485 = AXIS2_PLACEMENT_3D('',#1486,#1487,#1488);
#1486 = CARTESIAN_POINT('',(0.6,0.45,8.35));
#1487 = DIRECTION('',(-8.197719098449E-17,-0.707106781187,0.707106781187
    ));
#1488 = DIRECTION('',(-1.,1.13477778879E-16,-2.455476416522E-18));
#1489 = ADVANCED_FACE('',(#1490),#1508,.T.);
#1490 = FACE_BOUND('',#1491,.T.);
#1491 = EDGE_LOOP('',(#1492,#1493,#1494,#1502));
#1492 = ORIENTED_EDGE('',*,*,#1471,.F.);
#1493 = ORIENTED_EDGE('',*,*,#460,.T.);
#1494 = ORIENTED_EDGE('',*,*,#1495,.T.);
#1495 = EDGE_CURVE('',#453,#1496,#1498,.T.);
#1496 = VERTEX_POINT('',#1497);
#1497 = CARTESIAN_POINT('',(-0.3,-0.3,8.2));
#1498 = LINE('',#1499,#1500);
#1499 = CARTESIAN_POINT('',(-0.3,-0.3,8.2));
#1500 = VECTOR('',#1501,1.);
#1501 = DIRECTION('',(0.57735026919,0.57735026919,-0.57735026919));
#1502 = ORIENTED_EDGE('',*,*,#1503,.F.);
#1503 = EDGE_CURVE('',#1472,#1496,#1504,.T.);
#1504 = LINE('',#1505,#1506);
#1505 = CARTESIAN_POINT('',(-0.3,0.6,8.2));
#1506 = VECTOR('',#1507,1.);
#1507 = DIRECTION('',(-1.110223024625E-16,-1.,0.));
#1508 = PLANE('',#1509);
#1509 = AXIS2_PLACEMENT_3D('',#1510,#1511,#1512);
#1510 = CARTESIAN_POINT('',(-0.45,0.6,8.35));
#1511 = DIRECTION('',(0.707106781187,-7.850462293414E-17,0.707106781187)
  );
#1512 = DIRECTION('',(-1.110223024625E-16,-1.,2.680278185005E-29));
#1513 = ADVANCED_FACE('',(#1514),#1525,.T.);
#1514 = FACE_BOUND('',#1515,.T.);
#1515 = EDGE_LOOP('',(#1516,#1517,#1518,#1519));
#1516 = ORIENTED_EDGE('',*,*,#1495,.F.);
#1517 = ORIENTED_EDGE('',*,*,#452,.T.);
#1518 = ORIENTED_EDGE('',*,*,#1438,.T.);
#1519 = ORIENTED_EDGE('',*,*,#1520,.F.);
#1520 = EDGE_CURVE('',#1496,#1439,#1521,.T.);
#1521 = LINE('',#1522,#1523);
#1522 = CARTESIAN_POINT('',(-0.6,-0.3,8.2));
#1523 = VECTOR('',#1524,1.);
#1524 = DIRECTION('',(1.,-1.110223024625E-16,0.));
#1525 = PLANE('',#1526);
#1526 = AXIS2_PLACEMENT_3D('',#1527,#1528,#1529);
#1527 = CARTESIAN_POINT('',(-0.6,-0.45,8.35));
#1528 = DIRECTION('',(8.197719098449E-17,0.707106781187,0.707106781187)
  );
#1529 = DIRECTION('',(1.,-1.13477778879E-16,-2.455476416522E-18));
#1530 = ADVANCED_FACE('',(#1531),#1542,.T.);
#1531 = FACE_BOUND('',#1532,.T.);
#1532 = EDGE_LOOP('',(#1533,#1534,#1535,#1541));
#1533 = ORIENTED_EDGE('',*,*,#532,.F.);
#1534 = ORIENTED_EDGE('',*,*,#542,.T.);
#1535 = ORIENTED_EDGE('',*,*,#1536,.T.);
#1536 = EDGE_CURVE('',#543,#583,#1537,.T.);
#1537 = LINE('',#1538,#1539);
#1538 = CARTESIAN_POINT('',(-0.1,-13.,0.2));
#1539 = VECTOR('',#1540,1.);
#1540 = DIRECTION('',(1.,-1.110223024625E-16,0.));
#1541 = ORIENTED_EDGE('',*,*,#590,.T.);
#1542 = PLANE('',#1543);
#1543 = AXIS2_PLACEMENT_3D('',#1544,#1545,#1546);
#1544 = CARTESIAN_POINT('',(-0.1,-13.,0.2));
#1545 = DIRECTION('',(0.,-0.,-1.));
#1546 = DIRECTION('',(-1.110223024625E-16,-1.,0.));
#1547 = ADVANCED_FACE('',(#1548),#1589,.F.);
#1548 = FACE_BOUND('',#1549,.F.);
#1549 = EDGE_LOOP('',(#1550,#1558,#1559,#1567,#1575,#1583));
#1550 = ORIENTED_EDGE('',*,*,#1551,.T.);
#1551 = EDGE_CURVE('',#1552,#583,#1554,.T.);
#1552 = VERTEX_POINT('',#1553);
#1553 = CARTESIAN_POINT('',(0.1,-13.,-2.5));
#1554 = LINE('',#1555,#1556);
#1555 = CARTESIAN_POINT('',(0.1,-13.,-2.5));
#1556 = VECTOR('',#1557,1.);
#1557 = DIRECTION('',(0.,0.,1.));
#1558 = ORIENTED_EDGE('',*,*,#582,.F.);
#1559 = ORIENTED_EDGE('',*,*,#1560,.T.);
#1560 = EDGE_CURVE('',#575,#1561,#1563,.T.);
#1561 = VERTEX_POINT('',#1562);
#1562 = CARTESIAN_POINT('',(0.1,-12.4,-2.5));
#1563 = LINE('',#1564,#1565);
#1564 = CARTESIAN_POINT('',(0.1,-12.4,0.2));
#1565 = VECTOR('',#1566,1.);
#1566 = DIRECTION('',(0.,0.,-1.));
#1567 = ORIENTED_EDGE('',*,*,#1568,.T.);
#1568 = EDGE_CURVE('',#1561,#1569,#1571,.T.);
#1569 = VERTEX_POINT('',#1570);
#1570 = CARTESIAN_POINT('',(0.1,-12.55,-3.1));
#1571 = LINE('',#1572,#1573);
#1572 = CARTESIAN_POINT('',(0.1,-12.4,-2.5));
#1573 = VECTOR('',#1574,1.);
#1574 = DIRECTION('',(-2.692686352073E-17,-0.242535625036,
    -0.970142500145));
#1575 = ORIENTED_EDGE('',*,*,#1576,.T.);
#1576 = EDGE_CURVE('',#1569,#1577,#1579,.T.);
#1577 = VERTEX_POINT('',#1578);
#1578 = CARTESIAN_POINT('',(0.1,-12.85,-3.1));
#1579 = LINE('',#1580,#1581);
#1580 = CARTESIAN_POINT('',(0.1,-12.55,-3.1));
#1581 = VECTOR('',#1582,1.);
#1582 = DIRECTION('',(-1.110223024625E-16,-1.,0.));
#1583 = ORIENTED_EDGE('',*,*,#1584,.T.);
#1584 = EDGE_CURVE('',#1577,#1552,#1585,.T.);
#1585 = LINE('',#1586,#1587);
#1586 = CARTESIAN_POINT('',(0.1,-12.85,-3.1));
#1587 = VECTOR('',#1588,1.);
#1588 = DIRECTION('',(-2.692686352073E-17,-0.242535625036,0.970142500145
    ));
#1589 = PLANE('',#1590);
#1590 = AXIS2_PLACEMENT_3D('',#1591,#1592,#1593);
#1591 = CARTESIAN_POINT('',(0.1,-12.7,3.911477598424));
#1592 = DIRECTION('',(-1.,1.110223024625E-16,0.));
#1593 = DIRECTION('',(0.,0.,1.));
#1594 = ADVANCED_FACE('',(#1595),#1606,.T.);
#1595 = FACE_BOUND('',#1596,.T.);
#1596 = EDGE_LOOP('',(#1597,#1603,#1604,#1605));
#1597 = ORIENTED_EDGE('',*,*,#1598,.F.);
#1598 = EDGE_CURVE('',#551,#575,#1599,.T.);
#1599 = LINE('',#1600,#1601);
#1600 = CARTESIAN_POINT('',(-0.1,-12.4,0.2));
#1601 = VECTOR('',#1602,1.);
#1602 = DIRECTION('',(1.,-1.110223024625E-16,0.));
#1603 = ORIENTED_EDGE('',*,*,#558,.T.);
#1604 = ORIENTED_EDGE('',*,*,#566,.T.);
#1605 = ORIENTED_EDGE('',*,*,#574,.T.);
#1606 = PLANE('',#1607);
#1607 = AXIS2_PLACEMENT_3D('',#1608,#1609,#1610);
#1608 = CARTESIAN_POINT('',(-0.1,-13.,0.2));
#1609 = DIRECTION('',(0.,-0.,-1.));
#1610 = DIRECTION('',(-1.110223024625E-16,-1.,0.));
#1611 = ADVANCED_FACE('',(#1612),#1653,.T.);
#1612 = FACE_BOUND('',#1613,.T.);
#1613 = EDGE_LOOP('',(#1614,#1622,#1623,#1631,#1639,#1647));
#1614 = ORIENTED_EDGE('',*,*,#1615,.T.);
#1615 = EDGE_CURVE('',#1616,#543,#1618,.T.);
#1616 = VERTEX_POINT('',#1617);
#1617 = CARTESIAN_POINT('',(-0.1,-13.,-2.5));
#1618 = LINE('',#1619,#1620);
#1619 = CARTESIAN_POINT('',(-0.1,-13.,-2.5));
#1620 = VECTOR('',#1621,1.);
#1621 = DIRECTION('',(0.,0.,1.));
#1622 = ORIENTED_EDGE('',*,*,#550,.F.);
#1623 = ORIENTED_EDGE('',*,*,#1624,.T.);
#1624 = EDGE_CURVE('',#551,#1625,#1627,.T.);
#1625 = VERTEX_POINT('',#1626);
#1626 = CARTESIAN_POINT('',(-0.1,-12.4,-2.5));
#1627 = LINE('',#1628,#1629);
#1628 = CARTESIAN_POINT('',(-0.1,-12.4,0.2));
#1629 = VECTOR('',#1630,1.);
#1630 = DIRECTION('',(0.,0.,-1.));
#1631 = ORIENTED_EDGE('',*,*,#1632,.T.);
#1632 = EDGE_CURVE('',#1625,#1633,#1635,.T.);
#1633 = VERTEX_POINT('',#1634);
#1634 = CARTESIAN_POINT('',(-0.1,-12.55,-3.1));
#1635 = LINE('',#1636,#1637);
#1636 = CARTESIAN_POINT('',(-0.1,-12.4,-2.5));
#1637 = VECTOR('',#1638,1.);
#1638 = DIRECTION('',(-2.692686352073E-17,-0.242535625036,
    -0.970142500145));
#1639 = ORIENTED_EDGE('',*,*,#1640,.F.);
#1640 = EDGE_CURVE('',#1641,#1633,#1643,.T.);
#1641 = VERTEX_POINT('',#1642);
#1642 = CARTESIAN_POINT('',(-0.1,-12.85,-3.1));
#1643 = LINE('',#1644,#1645);
#1644 = CARTESIAN_POINT('',(-0.1,-12.85,-3.1));
#1645 = VECTOR('',#1646,1.);
#1646 = DIRECTION('',(1.110223024625E-16,1.,0.));
#1647 = ORIENTED_EDGE('',*,*,#1648,.T.);
#1648 = EDGE_CURVE('',#1641,#1616,#1649,.T.);
#1649 = LINE('',#1650,#1651);
#1650 = CARTESIAN_POINT('',(-0.1,-12.85,-3.1));
#1651 = VECTOR('',#1652,1.);
#1652 = DIRECTION('',(-2.692686352073E-17,-0.242535625036,0.970142500145
    ));
#1653 = PLANE('',#1654);
#1654 = AXIS2_PLACEMENT_3D('',#1655,#1656,#1657);
#1655 = CARTESIAN_POINT('',(-0.1,-12.7,3.911477598424));
#1656 = DIRECTION('',(-1.,1.110223024625E-16,0.));
#1657 = DIRECTION('',(0.,0.,1.));
#1658 = ADVANCED_FACE('',(#1659),#1670,.T.);
#1659 = FACE_BOUND('',#1660,.T.);
#1660 = EDGE_LOOP('',(#1661,#1662,#1663,#1669));
#1661 = ORIENTED_EDGE('',*,*,#598,.F.);
#1662 = ORIENTED_EDGE('',*,*,#608,.T.);
#1663 = ORIENTED_EDGE('',*,*,#1664,.T.);
#1664 = EDGE_CURVE('',#609,#649,#1665,.T.);
#1665 = LINE('',#1666,#1667);
#1666 = CARTESIAN_POINT('',(-0.1,-10.46,0.2));
#1667 = VECTOR('',#1668,1.);
#1668 = DIRECTION('',(1.,-1.110223024625E-16,0.));
#1669 = ORIENTED_EDGE('',*,*,#656,.T.);
#1670 = PLANE('',#1671);
#1671 = AXIS2_PLACEMENT_3D('',#1672,#1673,#1674);
#1672 = CARTESIAN_POINT('',(-0.1,-10.46,0.2));
#1673 = DIRECTION('',(0.,-0.,-1.));
#1674 = DIRECTION('',(-1.110223024625E-16,-1.,0.));
#1675 = ADVANCED_FACE('',(#1676),#1717,.F.);
#1676 = FACE_BOUND('',#1677,.F.);
#1677 = EDGE_LOOP('',(#1678,#1686,#1687,#1695,#1703,#1711));
#1678 = ORIENTED_EDGE('',*,*,#1679,.T.);
#1679 = EDGE_CURVE('',#1680,#649,#1682,.T.);
#1680 = VERTEX_POINT('',#1681);
#1681 = CARTESIAN_POINT('',(0.1,-10.46,-2.5));
#1682 = LINE('',#1683,#1684);
#1683 = CARTESIAN_POINT('',(0.1,-10.46,-2.5));
#1684 = VECTOR('',#1685,1.);
#1685 = DIRECTION('',(0.,0.,1.));
#1686 = ORIENTED_EDGE('',*,*,#648,.F.);
#1687 = ORIENTED_EDGE('',*,*,#1688,.T.);
#1688 = EDGE_CURVE('',#641,#1689,#1691,.T.);
#1689 = VERTEX_POINT('',#1690);
#1690 = CARTESIAN_POINT('',(0.1,-9.86,-2.5));
#1691 = LINE('',#1692,#1693);
#1692 = CARTESIAN_POINT('',(0.1,-9.86,0.2));
#1693 = VECTOR('',#1694,1.);
#1694 = DIRECTION('',(0.,0.,-1.));
#1695 = ORIENTED_EDGE('',*,*,#1696,.T.);
#1696 = EDGE_CURVE('',#1689,#1697,#1699,.T.);
#1697 = VERTEX_POINT('',#1698);
#1698 = CARTESIAN_POINT('',(0.1,-10.01,-3.1));
#1699 = LINE('',#1700,#1701);
#1700 = CARTESIAN_POINT('',(0.1,-9.86,-2.5));
#1701 = VECTOR('',#1702,1.);
#1702 = DIRECTION('',(-2.692686352073E-17,-0.242535625036,
    -0.970142500145));
#1703 = ORIENTED_EDGE('',*,*,#1704,.T.);
#1704 = EDGE_CURVE('',#1697,#1705,#1707,.T.);
#1705 = VERTEX_POINT('',#1706);
#1706 = CARTESIAN_POINT('',(0.1,-10.31,-3.1));
#1707 = LINE('',#1708,#1709);
#1708 = CARTESIAN_POINT('',(0.1,-10.01,-3.1));
#1709 = VECTOR('',#1710,1.);
#1710 = DIRECTION('',(-1.110223024625E-16,-1.,0.));
#1711 = ORIENTED_EDGE('',*,*,#1712,.T.);
#1712 = EDGE_CURVE('',#1705,#1680,#1713,.T.);
#1713 = LINE('',#1714,#1715);
#1714 = CARTESIAN_POINT('',(0.1,-10.31,-3.1));
#1715 = VECTOR('',#1716,1.);
#1716 = DIRECTION('',(-2.692686352073E-17,-0.242535625036,0.970142500145
    ));
#1717 = PLANE('',#1718);
#1718 = AXIS2_PLACEMENT_3D('',#1719,#1720,#1721);
#1719 = CARTESIAN_POINT('',(0.1,-10.16,3.911477598424));
#1720 = DIRECTION('',(-1.,1.110223024625E-16,0.));
#1721 = DIRECTION('',(0.,0.,1.));
#1722 = ADVANCED_FACE('',(#1723),#1734,.T.);
#1723 = FACE_BOUND('',#1724,.T.);
#1724 = EDGE_LOOP('',(#1725,#1731,#1732,#1733));
#1725 = ORIENTED_EDGE('',*,*,#1726,.F.);
#1726 = EDGE_CURVE('',#617,#641,#1727,.T.);
#1727 = LINE('',#1728,#1729);
#1728 = CARTESIAN_POINT('',(-0.1,-9.86,0.2));
#1729 = VECTOR('',#1730,1.);
#1730 = DIRECTION('',(1.,-1.110223024625E-16,0.));
#1731 = ORIENTED_EDGE('',*,*,#624,.T.);
#1732 = ORIENTED_EDGE('',*,*,#632,.T.);
#1733 = ORIENTED_EDGE('',*,*,#640,.T.);
#1734 = PLANE('',#1735);
#1735 = AXIS2_PLACEMENT_3D('',#1736,#1737,#1738);
#1736 = CARTESIAN_POINT('',(-0.1,-10.46,0.2));
#1737 = DIRECTION('',(0.,-0.,-1.));
#1738 = DIRECTION('',(-1.110223024625E-16,-1.,0.));
#1739 = ADVANCED_FACE('',(#1740),#1781,.T.);
#1740 = FACE_BOUND('',#1741,.T.);
#1741 = EDGE_LOOP('',(#1742,#1750,#1751,#1759,#1767,#1775));
#1742 = ORIENTED_EDGE('',*,*,#1743,.T.);
#1743 = EDGE_CURVE('',#1744,#609,#1746,.T.);
#1744 = VERTEX_POINT('',#1745);
#1745 = CARTESIAN_POINT('',(-0.1,-10.46,-2.5));
#1746 = LINE('',#1747,#1748);
#1747 = CARTESIAN_POINT('',(-0.1,-10.46,-2.5));
#1748 = VECTOR('',#1749,1.);
#1749 = DIRECTION('',(0.,0.,1.));
#1750 = ORIENTED_EDGE('',*,*,#616,.F.);
#1751 = ORIENTED_EDGE('',*,*,#1752,.T.);
#1752 = EDGE_CURVE('',#617,#1753,#1755,.T.);
#1753 = VERTEX_POINT('',#1754);
#1754 = CARTESIAN_POINT('',(-0.1,-9.86,-2.5));
#1755 = LINE('',#1756,#1757);
#1756 = CARTESIAN_POINT('',(-0.1,-9.86,0.2));
#1757 = VECTOR('',#1758,1.);
#1758 = DIRECTION('',(0.,0.,-1.));
#1759 = ORIENTED_EDGE('',*,*,#1760,.T.);
#1760 = EDGE_CURVE('',#1753,#1761,#1763,.T.);
#1761 = VERTEX_POINT('',#1762);
#1762 = CARTESIAN_POINT('',(-0.1,-10.01,-3.1));
#1763 = LINE('',#1764,#1765);
#1764 = CARTESIAN_POINT('',(-0.1,-9.86,-2.5));
#1765 = VECTOR('',#1766,1.);
#1766 = DIRECTION('',(-2.692686352073E-17,-0.242535625036,
    -0.970142500145));
#1767 = ORIENTED_EDGE('',*,*,#1768,.F.);
#1768 = EDGE_CURVE('',#1769,#1761,#1771,.T.);
#1769 = VERTEX_POINT('',#1770);
#1770 = CARTESIAN_POINT('',(-0.1,-10.31,-3.1));
#1771 = LINE('',#1772,#1773);
#1772 = CARTESIAN_POINT('',(-0.1,-10.31,-3.1));
#1773 = VECTOR('',#1774,1.);
#1774 = DIRECTION('',(1.110223024625E-16,1.,0.));
#1775 = ORIENTED_EDGE('',*,*,#1776,.T.);
#1776 = EDGE_CURVE('',#1769,#1744,#1777,.T.);
#1777 = LINE('',#1778,#1779);
#1778 = CARTESIAN_POINT('',(-0.1,-10.31,-3.1));
#1779 = VECTOR('',#1780,1.);
#1780 = DIRECTION('',(-2.692686352073E-17,-0.242535625036,0.970142500145
    ));
#1781 = PLANE('',#1782);
#1782 = AXIS2_PLACEMENT_3D('',#1783,#1784,#1785);
#1783 = CARTESIAN_POINT('',(-0.1,-10.16,3.911477598424));
#1784 = DIRECTION('',(-1.,1.110223024625E-16,0.));
#1785 = DIRECTION('',(0.,0.,1.));
#1786 = ADVANCED_FACE('',(#1787),#1798,.T.);
#1787 = FACE_BOUND('',#1788,.T.);
#1788 = EDGE_LOOP('',(#1789,#1790,#1791,#1797));
#1789 = ORIENTED_EDGE('',*,*,#664,.F.);
#1790 = ORIENTED_EDGE('',*,*,#674,.T.);
#1791 = ORIENTED_EDGE('',*,*,#1792,.T.);
#1792 = EDGE_CURVE('',#675,#715,#1793,.T.);
#1793 = LINE('',#1794,#1795);
#1794 = CARTESIAN_POINT('',(-0.1,-7.92,0.2));
#1795 = VECTOR('',#1796,1.);
#1796 = DIRECTION('',(1.,-1.110223024625E-16,0.));
#1797 = ORIENTED_EDGE('',*,*,#722,.T.);
#1798 = PLANE('',#1799);
#1799 = AXIS2_PLACEMENT_3D('',#1800,#1801,#1802);
#1800 = CARTESIAN_POINT('',(-0.1,-7.92,0.2));
#1801 = DIRECTION('',(0.,-0.,-1.));
#1802 = DIRECTION('',(-1.110223024625E-16,-1.,0.));
#1803 = ADVANCED_FACE('',(#1804),#1845,.F.);
#1804 = FACE_BOUND('',#1805,.F.);
#1805 = EDGE_LOOP('',(#1806,#1814,#1815,#1823,#1831,#1839));
#1806 = ORIENTED_EDGE('',*,*,#1807,.T.);
#1807 = EDGE_CURVE('',#1808,#715,#1810,.T.);
#1808 = VERTEX_POINT('',#1809);
#1809 = CARTESIAN_POINT('',(0.1,-7.92,-2.5));
#1810 = LINE('',#1811,#1812);
#1811 = CARTESIAN_POINT('',(0.1,-7.92,-2.5));
#1812 = VECTOR('',#1813,1.);
#1813 = DIRECTION('',(0.,0.,1.));
#1814 = ORIENTED_EDGE('',*,*,#714,.F.);
#1815 = ORIENTED_EDGE('',*,*,#1816,.T.);
#1816 = EDGE_CURVE('',#707,#1817,#1819,.T.);
#1817 = VERTEX_POINT('',#1818);
#1818 = CARTESIAN_POINT('',(0.1,-7.32,-2.5));
#1819 = LINE('',#1820,#1821);
#1820 = CARTESIAN_POINT('',(0.1,-7.32,0.2));
#1821 = VECTOR('',#1822,1.);
#1822 = DIRECTION('',(0.,0.,-1.));
#1823 = ORIENTED_EDGE('',*,*,#1824,.T.);
#1824 = EDGE_CURVE('',#1817,#1825,#1827,.T.);
#1825 = VERTEX_POINT('',#1826);
#1826 = CARTESIAN_POINT('',(0.1,-7.47,-3.1));
#1827 = LINE('',#1828,#1829);
#1828 = CARTESIAN_POINT('',(0.1,-7.32,-2.5));
#1829 = VECTOR('',#1830,1.);
#1830 = DIRECTION('',(-2.692686352073E-17,-0.242535625036,
    -0.970142500145));
#1831 = ORIENTED_EDGE('',*,*,#1832,.T.);
#1832 = EDGE_CURVE('',#1825,#1833,#1835,.T.);
#1833 = VERTEX_POINT('',#1834);
#1834 = CARTESIAN_POINT('',(0.1,-7.77,-3.1));
#1835 = LINE('',#1836,#1837);
#1836 = CARTESIAN_POINT('',(0.1,-7.47,-3.1));
#1837 = VECTOR('',#1838,1.);
#1838 = DIRECTION('',(-1.110223024625E-16,-1.,0.));
#1839 = ORIENTED_EDGE('',*,*,#1840,.T.);
#1840 = EDGE_CURVE('',#1833,#1808,#1841,.T.);
#1841 = LINE('',#1842,#1843);
#1842 = CARTESIAN_POINT('',(0.1,-7.77,-3.1));
#1843 = VECTOR('',#1844,1.);
#1844 = DIRECTION('',(-2.692686352073E-17,-0.242535625036,0.970142500145
    ));
#1845 = PLANE('',#1846);
#1846 = AXIS2_PLACEMENT_3D('',#1847,#1848,#1849);
#1847 = CARTESIAN_POINT('',(0.1,-7.62,3.911477598424));
#1848 = DIRECTION('',(-1.,1.110223024625E-16,0.));
#1849 = DIRECTION('',(0.,0.,1.));
#1850 = ADVANCED_FACE('',(#1851),#1862,.T.);
#1851 = FACE_BOUND('',#1852,.T.);
#1852 = EDGE_LOOP('',(#1853,#1859,#1860,#1861));
#1853 = ORIENTED_EDGE('',*,*,#1854,.F.);
#1854 = EDGE_CURVE('',#683,#707,#1855,.T.);
#1855 = LINE('',#1856,#1857);
#1856 = CARTESIAN_POINT('',(-0.1,-7.32,0.2));
#1857 = VECTOR('',#1858,1.);
#1858 = DIRECTION('',(1.,-1.110223024625E-16,0.));
#1859 = ORIENTED_EDGE('',*,*,#690,.T.);
#1860 = ORIENTED_EDGE('',*,*,#698,.T.);
#1861 = ORIENTED_EDGE('',*,*,#706,.T.);
#1862 = PLANE('',#1863);
#1863 = AXIS2_PLACEMENT_3D('',#1864,#1865,#1866);
#1864 = CARTESIAN_POINT('',(-0.1,-7.92,0.2));
#1865 = DIRECTION('',(0.,-0.,-1.));
#1866 = DIRECTION('',(-1.110223024625E-16,-1.,0.));
#1867 = ADVANCED_FACE('',(#1868),#1909,.T.);
#1868 = FACE_BOUND('',#1869,.T.);
#1869 = EDGE_LOOP('',(#1870,#1878,#1879,#1887,#1895,#1903));
#1870 = ORIENTED_EDGE('',*,*,#1871,.T.);
#1871 = EDGE_CURVE('',#1872,#675,#1874,.T.);
#1872 = VERTEX_POINT('',#1873);
#1873 = CARTESIAN_POINT('',(-0.1,-7.92,-2.5));
#1874 = LINE('',#1875,#1876);
#1875 = CARTESIAN_POINT('',(-0.1,-7.92,-2.5));
#1876 = VECTOR('',#1877,1.);
#1877 = DIRECTION('',(0.,0.,1.));
#1878 = ORIENTED_EDGE('',*,*,#682,.F.);
#1879 = ORIENTED_EDGE('',*,*,#1880,.T.);
#1880 = EDGE_CURVE('',#683,#1881,#1883,.T.);
#1881 = VERTEX_POINT('',#1882);
#1882 = CARTESIAN_POINT('',(-0.1,-7.32,-2.5));
#1883 = LINE('',#1884,#1885);
#1884 = CARTESIAN_POINT('',(-0.1,-7.32,0.2));
#1885 = VECTOR('',#1886,1.);
#1886 = DIRECTION('',(0.,0.,-1.));
#1887 = ORIENTED_EDGE('',*,*,#1888,.T.);
#1888 = EDGE_CURVE('',#1881,#1889,#1891,.T.);
#1889 = VERTEX_POINT('',#1890);
#1890 = CARTESIAN_POINT('',(-0.1,-7.47,-3.1));
#1891 = LINE('',#1892,#1893);
#1892 = CARTESIAN_POINT('',(-0.1,-7.32,-2.5));
#1893 = VECTOR('',#1894,1.);
#1894 = DIRECTION('',(-2.692686352073E-17,-0.242535625036,
    -0.970142500145));
#1895 = ORIENTED_EDGE('',*,*,#1896,.F.);
#1896 = EDGE_CURVE('',#1897,#1889,#1899,.T.);
#1897 = VERTEX_POINT('',#1898);
#1898 = CARTESIAN_POINT('',(-0.1,-7.77,-3.1));
#1899 = LINE('',#1900,#1901);
#1900 = CARTESIAN_POINT('',(-0.1,-7.77,-3.1));
#1901 = VECTOR('',#1902,1.);
#1902 = DIRECTION('',(1.110223024625E-16,1.,0.));
#1903 = ORIENTED_EDGE('',*,*,#1904,.T.);
#1904 = EDGE_CURVE('',#1897,#1872,#1905,.T.);
#1905 = LINE('',#1906,#1907);
#1906 = CARTESIAN_POINT('',(-0.1,-7.77,-3.1));
#1907 = VECTOR('',#1908,1.);
#1908 = DIRECTION('',(-2.692686352073E-17,-0.242535625036,0.970142500145
    ));
#1909 = PLANE('',#1910);
#1910 = AXIS2_PLACEMENT_3D('',#1911,#1912,#1913);
#1911 = CARTESIAN_POINT('',(-0.1,-7.62,3.911477598424));
#1912 = DIRECTION('',(-1.,1.110223024625E-16,0.));
#1913 = DIRECTION('',(0.,0.,1.));
#1914 = ADVANCED_FACE('',(#1915),#1926,.T.);
#1915 = FACE_BOUND('',#1916,.T.);
#1916 = EDGE_LOOP('',(#1917,#1918,#1919,#1925));
#1917 = ORIENTED_EDGE('',*,*,#730,.F.);
#1918 = ORIENTED_EDGE('',*,*,#740,.T.);
#1919 = ORIENTED_EDGE('',*,*,#1920,.T.);
#1920 = EDGE_CURVE('',#741,#781,#1921,.T.);
#1921 = LINE('',#1922,#1923);
#1922 = CARTESIAN_POINT('',(-0.1,-5.38,0.2));
#1923 = VECTOR('',#1924,1.);
#1924 = DIRECTION('',(1.,-1.110223024625E-16,0.));
#1925 = ORIENTED_EDGE('',*,*,#788,.T.);
#1926 = PLANE('',#1927);
#1927 = AXIS2_PLACEMENT_3D('',#1928,#1929,#1930);
#1928 = CARTESIAN_POINT('',(-0.1,-5.38,0.2));
#1929 = DIRECTION('',(0.,-0.,-1.));
#1930 = DIRECTION('',(-1.110223024625E-16,-1.,0.));
#1931 = ADVANCED_FACE('',(#1932),#1973,.F.);
#1932 = FACE_BOUND('',#1933,.F.);
#1933 = EDGE_LOOP('',(#1934,#1942,#1943,#1951,#1959,#1967));
#1934 = ORIENTED_EDGE('',*,*,#1935,.T.);
#1935 = EDGE_CURVE('',#1936,#781,#1938,.T.);
#1936 = VERTEX_POINT('',#1937);
#1937 = CARTESIAN_POINT('',(0.1,-5.38,-2.5));
#1938 = LINE('',#1939,#1940);
#1939 = CARTESIAN_POINT('',(0.1,-5.38,-2.5));
#1940 = VECTOR('',#1941,1.);
#1941 = DIRECTION('',(0.,0.,1.));
#1942 = ORIENTED_EDGE('',*,*,#780,.F.);
#1943 = ORIENTED_EDGE('',*,*,#1944,.T.);
#1944 = EDGE_CURVE('',#773,#1945,#1947,.T.);
#1945 = VERTEX_POINT('',#1946);
#1946 = CARTESIAN_POINT('',(0.1,-4.78,-2.5));
#1947 = LINE('',#1948,#1949);
#1948 = CARTESIAN_POINT('',(0.1,-4.78,0.2));
#1949 = VECTOR('',#1950,1.);
#1950 = DIRECTION('',(0.,0.,-1.));
#1951 = ORIENTED_EDGE('',*,*,#1952,.T.);
#1952 = EDGE_CURVE('',#1945,#1953,#1955,.T.);
#1953 = VERTEX_POINT('',#1954);
#1954 = CARTESIAN_POINT('',(0.1,-4.93,-3.1));
#1955 = LINE('',#1956,#1957);
#1956 = CARTESIAN_POINT('',(0.1,-4.78,-2.5));
#1957 = VECTOR('',#1958,1.);
#1958 = DIRECTION('',(-2.692686352073E-17,-0.242535625036,
    -0.970142500145));
#1959 = ORIENTED_EDGE('',*,*,#1960,.T.);
#1960 = EDGE_CURVE('',#1953,#1961,#1963,.T.);
#1961 = VERTEX_POINT('',#1962);
#1962 = CARTESIAN_POINT('',(0.1,-5.23,-3.1));
#1963 = LINE('',#1964,#1965);
#1964 = CARTESIAN_POINT('',(0.1,-4.93,-3.1));
#1965 = VECTOR('',#1966,1.);
#1966 = DIRECTION('',(-1.110223024625E-16,-1.,0.));
#1967 = ORIENTED_EDGE('',*,*,#1968,.T.);
#1968 = EDGE_CURVE('',#1961,#1936,#1969,.T.);
#1969 = LINE('',#1970,#1971);
#1970 = CARTESIAN_POINT('',(0.1,-5.23,-3.1));
#1971 = VECTOR('',#1972,1.);
#1972 = DIRECTION('',(-2.692686352073E-17,-0.242535625036,0.970142500145
    ));
#1973 = PLANE('',#1974);
#1974 = AXIS2_PLACEMENT_3D('',#1975,#1976,#1977);
#1975 = CARTESIAN_POINT('',(0.1,-5.08,3.911477598424));
#1976 = DIRECTION('',(-1.,1.110223024625E-16,0.));
#1977 = DIRECTION('',(0.,0.,1.));
#1978 = ADVANCED_FACE('',(#1979),#1990,.T.);
#1979 = FACE_BOUND('',#1980,.T.);
#1980 = EDGE_LOOP('',(#1981,#1987,#1988,#1989));
#1981 = ORIENTED_EDGE('',*,*,#1982,.F.);
#1982 = EDGE_CURVE('',#749,#773,#1983,.T.);
#1983 = LINE('',#1984,#1985);
#1984 = CARTESIAN_POINT('',(-0.1,-4.78,0.2));
#1985 = VECTOR('',#1986,1.);
#1986 = DIRECTION('',(1.,-1.110223024625E-16,0.));
#1987 = ORIENTED_EDGE('',*,*,#756,.T.);
#1988 = ORIENTED_EDGE('',*,*,#764,.T.);
#1989 = ORIENTED_EDGE('',*,*,#772,.T.);
#1990 = PLANE('',#1991);
#1991 = AXIS2_PLACEMENT_3D('',#1992,#1993,#1994);
#1992 = CARTESIAN_POINT('',(-0.1,-5.38,0.2));
#1993 = DIRECTION('',(0.,-0.,-1.));
#1994 = DIRECTION('',(-1.110223024625E-16,-1.,0.));
#1995 = ADVANCED_FACE('',(#1996),#2037,.T.);
#1996 = FACE_BOUND('',#1997,.T.);
#1997 = EDGE_LOOP('',(#1998,#2006,#2007,#2015,#2023,#2031));
#1998 = ORIENTED_EDGE('',*,*,#1999,.T.);
#1999 = EDGE_CURVE('',#2000,#741,#2002,.T.);
#2000 = VERTEX_POINT('',#2001);
#2001 = CARTESIAN_POINT('',(-0.1,-5.38,-2.5));
#2002 = LINE('',#2003,#2004);
#2003 = CARTESIAN_POINT('',(-0.1,-5.38,-2.5));
#2004 = VECTOR('',#2005,1.);
#2005 = DIRECTION('',(0.,0.,1.));
#2006 = ORIENTED_EDGE('',*,*,#748,.F.);
#2007 = ORIENTED_EDGE('',*,*,#2008,.T.);
#2008 = EDGE_CURVE('',#749,#2009,#2011,.T.);
#2009 = VERTEX_POINT('',#2010);
#2010 = CARTESIAN_POINT('',(-0.1,-4.78,-2.5));
#2011 = LINE('',#2012,#2013);
#2012 = CARTESIAN_POINT('',(-0.1,-4.78,0.2));
#2013 = VECTOR('',#2014,1.);
#2014 = DIRECTION('',(0.,0.,-1.));
#2015 = ORIENTED_EDGE('',*,*,#2016,.T.);
#2016 = EDGE_CURVE('',#2009,#2017,#2019,.T.);
#2017 = VERTEX_POINT('',#2018);
#2018 = CARTESIAN_POINT('',(-0.1,-4.93,-3.1));
#2019 = LINE('',#2020,#2021);
#2020 = CARTESIAN_POINT('',(-0.1,-4.78,-2.5));
#2021 = VECTOR('',#2022,1.);
#2022 = DIRECTION('',(-2.692686352073E-17,-0.242535625036,
    -0.970142500145));
#2023 = ORIENTED_EDGE('',*,*,#2024,.F.);
#2024 = EDGE_CURVE('',#2025,#2017,#2027,.T.);
#2025 = VERTEX_POINT('',#2026);
#2026 = CARTESIAN_POINT('',(-0.1,-5.23,-3.1));
#2027 = LINE('',#2028,#2029);
#2028 = CARTESIAN_POINT('',(-0.1,-5.23,-3.1));
#2029 = VECTOR('',#2030,1.);
#2030 = DIRECTION('',(1.110223024625E-16,1.,0.));
#2031 = ORIENTED_EDGE('',*,*,#2032,.T.);
#2032 = EDGE_CURVE('',#2025,#2000,#2033,.T.);
#2033 = LINE('',#2034,#2035);
#2034 = CARTESIAN_POINT('',(-0.1,-5.23,-3.1));
#2035 = VECTOR('',#2036,1.);
#2036 = DIRECTION('',(-2.692686352073E-17,-0.242535625036,0.970142500145
    ));
#2037 = PLANE('',#2038);
#2038 = AXIS2_PLACEMENT_3D('',#2039,#2040,#2041);
#2039 = CARTESIAN_POINT('',(-0.1,-5.08,3.911477598424));
#2040 = DIRECTION('',(-1.,1.110223024625E-16,0.));
#2041 = DIRECTION('',(0.,0.,1.));
#2042 = ADVANCED_FACE('',(#2043),#2054,.T.);
#2043 = FACE_BOUND('',#2044,.T.);
#2044 = EDGE_LOOP('',(#2045,#2046,#2047,#2053));
#2045 = ORIENTED_EDGE('',*,*,#796,.F.);
#2046 = ORIENTED_EDGE('',*,*,#806,.T.);
#2047 = ORIENTED_EDGE('',*,*,#2048,.T.);
#2048 = EDGE_CURVE('',#807,#847,#2049,.T.);
#2049 = LINE('',#2050,#2051);
#2050 = CARTESIAN_POINT('',(-0.1,-2.84,0.2));
#2051 = VECTOR('',#2052,1.);
#2052 = DIRECTION('',(1.,-1.110223024625E-16,0.));
#2053 = ORIENTED_EDGE('',*,*,#854,.T.);
#2054 = PLANE('',#2055);
#2055 = AXIS2_PLACEMENT_3D('',#2056,#2057,#2058);
#2056 = CARTESIAN_POINT('',(-0.1,-2.84,0.2));
#2057 = DIRECTION('',(0.,-0.,-1.));
#2058 = DIRECTION('',(-1.110223024625E-16,-1.,0.));
#2059 = ADVANCED_FACE('',(#2060),#2101,.F.);
#2060 = FACE_BOUND('',#2061,.F.);
#2061 = EDGE_LOOP('',(#2062,#2070,#2071,#2079,#2087,#2095));
#2062 = ORIENTED_EDGE('',*,*,#2063,.T.);
#2063 = EDGE_CURVE('',#2064,#847,#2066,.T.);
#2064 = VERTEX_POINT('',#2065);
#2065 = CARTESIAN_POINT('',(0.1,-2.84,-2.5));
#2066 = LINE('',#2067,#2068);
#2067 = CARTESIAN_POINT('',(0.1,-2.84,-2.5));
#2068 = VECTOR('',#2069,1.);
#2069 = DIRECTION('',(0.,0.,1.));
#2070 = ORIENTED_EDGE('',*,*,#846,.F.);
#2071 = ORIENTED_EDGE('',*,*,#2072,.T.);
#2072 = EDGE_CURVE('',#839,#2073,#2075,.T.);
#2073 = VERTEX_POINT('',#2074);
#2074 = CARTESIAN_POINT('',(0.1,-2.24,-2.5));
#2075 = LINE('',#2076,#2077);
#2076 = CARTESIAN_POINT('',(0.1,-2.24,0.2));
#2077 = VECTOR('',#2078,1.);
#2078 = DIRECTION('',(0.,0.,-1.));
#2079 = ORIENTED_EDGE('',*,*,#2080,.T.);
#2080 = EDGE_CURVE('',#2073,#2081,#2083,.T.);
#2081 = VERTEX_POINT('',#2082);
#2082 = CARTESIAN_POINT('',(0.1,-2.39,-3.1));
#2083 = LINE('',#2084,#2085);
#2084 = CARTESIAN_POINT('',(0.1,-2.24,-2.5));
#2085 = VECTOR('',#2086,1.);
#2086 = DIRECTION('',(-2.692686352073E-17,-0.242535625036,
    -0.970142500145));
#2087 = ORIENTED_EDGE('',*,*,#2088,.T.);
#2088 = EDGE_CURVE('',#2081,#2089,#2091,.T.);
#2089 = VERTEX_POINT('',#2090);
#2090 = CARTESIAN_POINT('',(0.1,-2.69,-3.1));
#2091 = LINE('',#2092,#2093);
#2092 = CARTESIAN_POINT('',(0.1,-2.39,-3.1));
#2093 = VECTOR('',#2094,1.);
#2094 = DIRECTION('',(-1.110223024625E-16,-1.,0.));
#2095 = ORIENTED_EDGE('',*,*,#2096,.T.);
#2096 = EDGE_CURVE('',#2089,#2064,#2097,.T.);
#2097 = LINE('',#2098,#2099);
#2098 = CARTESIAN_POINT('',(0.1,-2.69,-3.1));
#2099 = VECTOR('',#2100,1.);
#2100 = DIRECTION('',(-2.692686352073E-17,-0.242535625036,0.970142500145
    ));
#2101 = PLANE('',#2102);
#2102 = AXIS2_PLACEMENT_3D('',#2103,#2104,#2105);
#2103 = CARTESIAN_POINT('',(0.1,-2.54,3.911477598424));
#2104 = DIRECTION('',(-1.,1.110223024625E-16,0.));
#2105 = DIRECTION('',(0.,0.,1.));
#2106 = ADVANCED_FACE('',(#2107),#2118,.T.);
#2107 = FACE_BOUND('',#2108,.T.);
#2108 = EDGE_LOOP('',(#2109,#2115,#2116,#2117));
#2109 = ORIENTED_EDGE('',*,*,#2110,.F.);
#2110 = EDGE_CURVE('',#815,#839,#2111,.T.);
#2111 = LINE('',#2112,#2113);
#2112 = CARTESIAN_POINT('',(-0.1,-2.24,0.2));
#2113 = VECTOR('',#2114,1.);
#2114 = DIRECTION('',(1.,-1.110223024625E-16,0.));
#2115 = ORIENTED_EDGE('',*,*,#822,.T.);
#2116 = ORIENTED_EDGE('',*,*,#830,.T.);
#2117 = ORIENTED_EDGE('',*,*,#838,.T.);
#2118 = PLANE('',#2119);
#2119 = AXIS2_PLACEMENT_3D('',#2120,#2121,#2122);
#2120 = CARTESIAN_POINT('',(-0.1,-2.84,0.2));
#2121 = DIRECTION('',(0.,-0.,-1.));
#2122 = DIRECTION('',(-1.110223024625E-16,-1.,0.));
#2123 = ADVANCED_FACE('',(#2124),#2165,.T.);
#2124 = FACE_BOUND('',#2125,.T.);
#2125 = EDGE_LOOP('',(#2126,#2134,#2135,#2143,#2151,#2159));
#2126 = ORIENTED_EDGE('',*,*,#2127,.T.);
#2127 = EDGE_CURVE('',#2128,#807,#2130,.T.);
#2128 = VERTEX_POINT('',#2129);
#2129 = CARTESIAN_POINT('',(-0.1,-2.84,-2.5));
#2130 = LINE('',#2131,#2132);
#2131 = CARTESIAN_POINT('',(-0.1,-2.84,-2.5));
#2132 = VECTOR('',#2133,1.);
#2133 = DIRECTION('',(0.,0.,1.));
#2134 = ORIENTED_EDGE('',*,*,#814,.F.);
#2135 = ORIENTED_EDGE('',*,*,#2136,.T.);
#2136 = EDGE_CURVE('',#815,#2137,#2139,.T.);
#2137 = VERTEX_POINT('',#2138);
#2138 = CARTESIAN_POINT('',(-0.1,-2.24,-2.5));
#2139 = LINE('',#2140,#2141);
#2140 = CARTESIAN_POINT('',(-0.1,-2.24,0.2));
#2141 = VECTOR('',#2142,1.);
#2142 = DIRECTION('',(0.,0.,-1.));
#2143 = ORIENTED_EDGE('',*,*,#2144,.T.);
#2144 = EDGE_CURVE('',#2137,#2145,#2147,.T.);
#2145 = VERTEX_POINT('',#2146);
#2146 = CARTESIAN_POINT('',(-0.1,-2.39,-3.1));
#2147 = LINE('',#2148,#2149);
#2148 = CARTESIAN_POINT('',(-0.1,-2.24,-2.5));
#2149 = VECTOR('',#2150,1.);
#2150 = DIRECTION('',(-2.692686352073E-17,-0.242535625036,
    -0.970142500145));
#2151 = ORIENTED_EDGE('',*,*,#2152,.F.);
#2152 = EDGE_CURVE('',#2153,#2145,#2155,.T.);
#2153 = VERTEX_POINT('',#2154);
#2154 = CARTESIAN_POINT('',(-0.1,-2.69,-3.1));
#2155 = LINE('',#2156,#2157);
#2156 = CARTESIAN_POINT('',(-0.1,-2.69,-3.1));
#2157 = VECTOR('',#2158,1.);
#2158 = DIRECTION('',(1.110223024625E-16,1.,0.));
#2159 = ORIENTED_EDGE('',*,*,#2160,.T.);
#2160 = EDGE_CURVE('',#2153,#2128,#2161,.T.);
#2161 = LINE('',#2162,#2163);
#2162 = CARTESIAN_POINT('',(-0.1,-2.69,-3.1));
#2163 = VECTOR('',#2164,1.);
#2164 = DIRECTION('',(-2.692686352073E-17,-0.242535625036,0.970142500145
    ));
#2165 = PLANE('',#2166);
#2166 = AXIS2_PLACEMENT_3D('',#2167,#2168,#2169);
#2167 = CARTESIAN_POINT('',(-0.1,-2.54,3.911477598424));
#2168 = DIRECTION('',(-1.,1.110223024625E-16,0.));
#2169 = DIRECTION('',(0.,0.,1.));
#2170 = ADVANCED_FACE('',(#2171),#2182,.T.);
#2171 = FACE_BOUND('',#2172,.T.);
#2172 = EDGE_LOOP('',(#2173,#2174,#2175,#2181));
#2173 = ORIENTED_EDGE('',*,*,#862,.F.);
#2174 = ORIENTED_EDGE('',*,*,#872,.T.);
#2175 = ORIENTED_EDGE('',*,*,#2176,.T.);
#2176 = EDGE_CURVE('',#873,#913,#2177,.T.);
#2177 = LINE('',#2178,#2179);
#2178 = CARTESIAN_POINT('',(-0.1,-0.3,0.2));
#2179 = VECTOR('',#2180,1.);
#2180 = DIRECTION('',(1.,-1.110223024625E-16,0.));
#2181 = ORIENTED_EDGE('',*,*,#920,.T.);
#2182 = PLANE('',#2183);
#2183 = AXIS2_PLACEMENT_3D('',#2184,#2185,#2186);
#2184 = CARTESIAN_POINT('',(-0.1,-0.3,0.2));
#2185 = DIRECTION('',(0.,-0.,-1.));
#2186 = DIRECTION('',(-1.110223024625E-16,-1.,0.));
#2187 = ADVANCED_FACE('',(#2188),#2229,.F.);
#2188 = FACE_BOUND('',#2189,.F.);
#2189 = EDGE_LOOP('',(#2190,#2198,#2199,#2207,#2215,#2223));
#2190 = ORIENTED_EDGE('',*,*,#2191,.T.);
#2191 = EDGE_CURVE('',#2192,#913,#2194,.T.);
#2192 = VERTEX_POINT('',#2193);
#2193 = CARTESIAN_POINT('',(0.1,-0.3,-2.5));
#2194 = LINE('',#2195,#2196);
#2195 = CARTESIAN_POINT('',(0.1,-0.3,-2.5));
#2196 = VECTOR('',#2197,1.);
#2197 = DIRECTION('',(0.,0.,1.));
#2198 = ORIENTED_EDGE('',*,*,#912,.F.);
#2199 = ORIENTED_EDGE('',*,*,#2200,.T.);
#2200 = EDGE_CURVE('',#905,#2201,#2203,.T.);
#2201 = VERTEX_POINT('',#2202);
#2202 = CARTESIAN_POINT('',(0.1,0.3,-2.5));
#2203 = LINE('',#2204,#2205);
#2204 = CARTESIAN_POINT('',(0.1,0.3,0.2));
#2205 = VECTOR('',#2206,1.);
#2206 = DIRECTION('',(0.,0.,-1.));
#2207 = ORIENTED_EDGE('',*,*,#2208,.T.);
#2208 = EDGE_CURVE('',#2201,#2209,#2211,.T.);
#2209 = VERTEX_POINT('',#2210);
#2210 = CARTESIAN_POINT('',(0.1,0.15,-3.1));
#2211 = LINE('',#2212,#2213);
#2212 = CARTESIAN_POINT('',(0.1,0.3,-2.5));
#2213 = VECTOR('',#2214,1.);
#2214 = DIRECTION('',(-2.692686352073E-17,-0.242535625036,
    -0.970142500145));
#2215 = ORIENTED_EDGE('',*,*,#2216,.T.);
#2216 = EDGE_CURVE('',#2209,#2217,#2219,.T.);
#2217 = VERTEX_POINT('',#2218);
#2218 = CARTESIAN_POINT('',(0.1,-0.15,-3.1));
#2219 = LINE('',#2220,#2221);
#2220 = CARTESIAN_POINT('',(0.1,0.15,-3.1));
#2221 = VECTOR('',#2222,1.);
#2222 = DIRECTION('',(-1.110223024625E-16,-1.,0.));
#2223 = ORIENTED_EDGE('',*,*,#2224,.T.);
#2224 = EDGE_CURVE('',#2217,#2192,#2225,.T.);
#2225 = LINE('',#2226,#2227);
#2226 = CARTESIAN_POINT('',(0.1,-0.15,-3.1));
#2227 = VECTOR('',#2228,1.);
#2228 = DIRECTION('',(-2.692686352073E-17,-0.242535625036,0.970142500145
    ));
#2229 = PLANE('',#2230);
#2230 = AXIS2_PLACEMENT_3D('',#2231,#2232,#2233);
#2231 = CARTESIAN_POINT('',(0.1,-1.110223024625E-17,3.911477598424));
#2232 = DIRECTION('',(-1.,1.110223024625E-16,0.));
#2233 = DIRECTION('',(0.,0.,1.));
#2234 = ADVANCED_FACE('',(#2235),#2246,.T.);
#2235 = FACE_BOUND('',#2236,.T.);
#2236 = EDGE_LOOP('',(#2237,#2243,#2244,#2245));
#2237 = ORIENTED_EDGE('',*,*,#2238,.F.);
#2238 = EDGE_CURVE('',#881,#905,#2239,.T.);
#2239 = LINE('',#2240,#2241);
#2240 = CARTESIAN_POINT('',(-0.1,0.3,0.2));
#2241 = VECTOR('',#2242,1.);
#2242 = DIRECTION('',(1.,-1.110223024625E-16,0.));
#2243 = ORIENTED_EDGE('',*,*,#888,.T.);
#2244 = ORIENTED_EDGE('',*,*,#896,.T.);
#2245 = ORIENTED_EDGE('',*,*,#904,.T.);
#2246 = PLANE('',#2247);
#2247 = AXIS2_PLACEMENT_3D('',#2248,#2249,#2250);
#2248 = CARTESIAN_POINT('',(-0.1,-0.3,0.2));
#2249 = DIRECTION('',(0.,-0.,-1.));
#2250 = DIRECTION('',(-1.110223024625E-16,-1.,0.));
#2251 = ADVANCED_FACE('',(#2252),#2293,.T.);
#2252 = FACE_BOUND('',#2253,.T.);
#2253 = EDGE_LOOP('',(#2254,#2262,#2263,#2271,#2279,#2287));
#2254 = ORIENTED_EDGE('',*,*,#2255,.T.);
#2255 = EDGE_CURVE('',#2256,#873,#2258,.T.);
#2256 = VERTEX_POINT('',#2257);
#2257 = CARTESIAN_POINT('',(-0.1,-0.3,-2.5));
#2258 = LINE('',#2259,#2260);
#2259 = CARTESIAN_POINT('',(-0.1,-0.3,-2.5));
#2260 = VECTOR('',#2261,1.);
#2261 = DIRECTION('',(0.,0.,1.));
#2262 = ORIENTED_EDGE('',*,*,#880,.F.);
#2263 = ORIENTED_EDGE('',*,*,#2264,.T.);
#2264 = EDGE_CURVE('',#881,#2265,#2267,.T.);
#2265 = VERTEX_POINT('',#2266);
#2266 = CARTESIAN_POINT('',(-0.1,0.3,-2.5));
#2267 = LINE('',#2268,#2269);
#2268 = CARTESIAN_POINT('',(-0.1,0.3,0.2));
#2269 = VECTOR('',#2270,1.);
#2270 = DIRECTION('',(0.,0.,-1.));
#2271 = ORIENTED_EDGE('',*,*,#2272,.T.);
#2272 = EDGE_CURVE('',#2265,#2273,#2275,.T.);
#2273 = VERTEX_POINT('',#2274);
#2274 = CARTESIAN_POINT('',(-0.1,0.15,-3.1));
#2275 = LINE('',#2276,#2277);
#2276 = CARTESIAN_POINT('',(-0.1,0.3,-2.5));
#2277 = VECTOR('',#2278,1.);
#2278 = DIRECTION('',(-2.692686352073E-17,-0.242535625036,
    -0.970142500145));
#2279 = ORIENTED_EDGE('',*,*,#2280,.F.);
#2280 = EDGE_CURVE('',#2281,#2273,#2283,.T.);
#2281 = VERTEX_POINT('',#2282);
#2282 = CARTESIAN_POINT('',(-0.1,-0.15,-3.1));
#2283 = LINE('',#2284,#2285);
#2284 = CARTESIAN_POINT('',(-0.1,-0.15,-3.1));
#2285 = VECTOR('',#2286,1.);
#2286 = DIRECTION('',(1.110223024625E-16,1.,0.));
#2287 = ORIENTED_EDGE('',*,*,#2288,.T.);
#2288 = EDGE_CURVE('',#2281,#2256,#2289,.T.);
#2289 = LINE('',#2290,#2291);
#2290 = CARTESIAN_POINT('',(-0.1,-0.15,-3.1));
#2291 = VECTOR('',#2292,1.);
#2292 = DIRECTION('',(-2.692686352073E-17,-0.242535625036,0.970142500145
    ));
#2293 = PLANE('',#2294);
#2294 = AXIS2_PLACEMENT_3D('',#2295,#2296,#2297);
#2295 = CARTESIAN_POINT('',(-0.1,1.110223024625E-17,3.911477598424));
#2296 = DIRECTION('',(-1.,1.110223024625E-16,0.));
#2297 = DIRECTION('',(0.,0.,1.));
#2298 = ADVANCED_FACE('',(#2299),#2324,.F.);
#2299 = FACE_BOUND('',#2300,.F.);
#2300 = EDGE_LOOP('',(#2301,#2309,#2317,#2323));
#2301 = ORIENTED_EDGE('',*,*,#2302,.T.);
#2302 = EDGE_CURVE('',#959,#2303,#2305,.T.);
#2303 = VERTEX_POINT('',#2304);
#2304 = CARTESIAN_POINT('',(0.3,-13.,0.9));
#2305 = LINE('',#2306,#2307);
#2306 = CARTESIAN_POINT('',(0.3,-13.,8.2));
#2307 = VECTOR('',#2308,1.);
#2308 = DIRECTION('',(0.,-0.,-1.));
#2309 = ORIENTED_EDGE('',*,*,#2310,.T.);
#2310 = EDGE_CURVE('',#2303,#2311,#2313,.T.);
#2311 = VERTEX_POINT('',#2312);
#2312 = CARTESIAN_POINT('',(0.3,-12.4,0.9));
#2313 = LINE('',#2314,#2315);
#2314 = CARTESIAN_POINT('',(0.3,-13.,0.9));
#2315 = VECTOR('',#2316,1.);
#2316 = DIRECTION('',(1.110223024625E-16,1.,0.));
#2317 = ORIENTED_EDGE('',*,*,#2318,.F.);
#2318 = EDGE_CURVE('',#968,#2311,#2319,.T.);
#2319 = LINE('',#2320,#2321);
#2320 = CARTESIAN_POINT('',(0.3,-12.4,8.2));
#2321 = VECTOR('',#2322,1.);
#2322 = DIRECTION('',(0.,-0.,-1.));
#2323 = ORIENTED_EDGE('',*,*,#975,.F.);
#2324 = PLANE('',#2325);
#2325 = AXIS2_PLACEMENT_3D('',#2326,#2327,#2328);
#2326 = CARTESIAN_POINT('',(0.3,-13.,8.2));
#2327 = DIRECTION('',(1.,-1.110223024625E-16,0.));
#2328 = DIRECTION('',(1.110223024625E-16,1.,0.));
#2329 = ADVANCED_FACE('',(#2330),#2380,.F.);
#2330 = FACE_BOUND('',#2331,.F.);
#2331 = EDGE_LOOP('',(#2332,#2333,#2334,#2342,#2350,#2358,#2366,#2374));
#2332 = ORIENTED_EDGE('',*,*,#999,.F.);
#2333 = ORIENTED_EDGE('',*,*,#2318,.T.);
#2334 = ORIENTED_EDGE('',*,*,#2335,.T.);
#2335 = EDGE_CURVE('',#2311,#2336,#2338,.T.);
#2336 = VERTEX_POINT('',#2337);
#2337 = CARTESIAN_POINT('',(0.1,-12.4,0.9));
#2338 = LINE('',#2339,#2340);
#2339 = CARTESIAN_POINT('',(0.3,-12.4,0.9));
#2340 = VECTOR('',#2341,1.);
#2341 = DIRECTION('',(-1.,1.110223024625E-16,0.));
#2342 = ORIENTED_EDGE('',*,*,#2343,.T.);
#2343 = EDGE_CURVE('',#2336,#2344,#2346,.T.);
#2344 = VERTEX_POINT('',#2345);
#2345 = CARTESIAN_POINT('',(0.1,-12.4,7.4));
#2346 = LINE('',#2347,#2348);
#2347 = CARTESIAN_POINT('',(0.1,-12.4,6.055738799212));
#2348 = VECTOR('',#2349,1.);
#2349 = DIRECTION('',(0.,-0.,1.));
#2350 = ORIENTED_EDGE('',*,*,#2351,.F.);
#2351 = EDGE_CURVE('',#2352,#2344,#2354,.T.);
#2352 = VERTEX_POINT('',#2353);
#2353 = CARTESIAN_POINT('',(-0.1,-12.4,7.4));
#2354 = LINE('',#2355,#2356);
#2355 = CARTESIAN_POINT('',(-0.1,-12.4,7.4));
#2356 = VECTOR('',#2357,1.);
#2357 = DIRECTION('',(1.,-1.110223024625E-16,0.));
#2358 = ORIENTED_EDGE('',*,*,#2359,.F.);
#2359 = EDGE_CURVE('',#2360,#2352,#2362,.T.);
#2360 = VERTEX_POINT('',#2361);
#2361 = CARTESIAN_POINT('',(-0.1,-12.4,0.9));
#2362 = LINE('',#2363,#2364);
#2363 = CARTESIAN_POINT('',(-0.1,-12.4,6.055738799212));
#2364 = VECTOR('',#2365,1.);
#2365 = DIRECTION('',(0.,-0.,1.));
#2366 = ORIENTED_EDGE('',*,*,#2367,.T.);
#2367 = EDGE_CURVE('',#2360,#2368,#2370,.T.);
#2368 = VERTEX_POINT('',#2369);
#2369 = CARTESIAN_POINT('',(-0.3,-12.4,0.9));
#2370 = LINE('',#2371,#2372);
#2371 = CARTESIAN_POINT('',(0.3,-12.4,0.9));
#2372 = VECTOR('',#2373,1.);
#2373 = DIRECTION('',(-1.,1.110223024625E-16,0.));
#2374 = ORIENTED_EDGE('',*,*,#2375,.F.);
#2375 = EDGE_CURVE('',#992,#2368,#2376,.T.);
#2376 = LINE('',#2377,#2378);
#2377 = CARTESIAN_POINT('',(-0.3,-12.4,8.2));
#2378 = VECTOR('',#2379,1.);
#2379 = DIRECTION('',(0.,-0.,-1.));
#2380 = PLANE('',#2381);
#2381 = AXIS2_PLACEMENT_3D('',#2382,#2383,#2384);
#2382 = CARTESIAN_POINT('',(0.3,-12.4,8.2));
#2383 = DIRECTION('',(1.110223024625E-16,1.,0.));
#2384 = DIRECTION('',(-1.,1.110223024625E-16,0.));
#2385 = ADVANCED_FACE('',(#2386),#2404,.F.);
#2386 = FACE_BOUND('',#2387,.F.);
#2387 = EDGE_LOOP('',(#2388,#2389,#2397,#2403));
#2388 = ORIENTED_EDGE('',*,*,#2375,.T.);
#2389 = ORIENTED_EDGE('',*,*,#2390,.T.);
#2390 = EDGE_CURVE('',#2368,#2391,#2393,.T.);
#2391 = VERTEX_POINT('',#2392);
#2392 = CARTESIAN_POINT('',(-0.3,-13.,0.9));
#2393 = LINE('',#2394,#2395);
#2394 = CARTESIAN_POINT('',(-0.3,-12.4,0.9));
#2395 = VECTOR('',#2396,1.);
#2396 = DIRECTION('',(-1.110223024625E-16,-1.,0.));
#2397 = ORIENTED_EDGE('',*,*,#2398,.F.);
#2398 = EDGE_CURVE('',#1016,#2391,#2399,.T.);
#2399 = LINE('',#2400,#2401);
#2400 = CARTESIAN_POINT('',(-0.3,-13.,8.2));
#2401 = VECTOR('',#2402,1.);
#2402 = DIRECTION('',(0.,-0.,-1.));
#2403 = ORIENTED_EDGE('',*,*,#1023,.F.);
#2404 = PLANE('',#2405);
#2405 = AXIS2_PLACEMENT_3D('',#2406,#2407,#2408);
#2406 = CARTESIAN_POINT('',(-0.3,-12.4,8.2));
#2407 = DIRECTION('',(-1.,1.110223024625E-16,0.));
#2408 = DIRECTION('',(-1.110223024625E-16,-1.,0.));
#2409 = ADVANCED_FACE('',(#2410),#2453,.F.);
#2410 = FACE_BOUND('',#2411,.F.);
#2411 = EDGE_LOOP('',(#2412,#2413,#2414,#2422,#2430,#2438,#2446,#2452));
#2412 = ORIENTED_EDGE('',*,*,#1040,.F.);
#2413 = ORIENTED_EDGE('',*,*,#2398,.T.);
#2414 = ORIENTED_EDGE('',*,*,#2415,.T.);
#2415 = EDGE_CURVE('',#2391,#2416,#2418,.T.);
#2416 = VERTEX_POINT('',#2417);
#2417 = CARTESIAN_POINT('',(-0.1,-13.,0.9));
#2418 = LINE('',#2419,#2420);
#2419 = CARTESIAN_POINT('',(-0.3,-13.,0.9));
#2420 = VECTOR('',#2421,1.);
#2421 = DIRECTION('',(1.,-1.110223024625E-16,0.));
#2422 = ORIENTED_EDGE('',*,*,#2423,.F.);
#2423 = EDGE_CURVE('',#2424,#2416,#2426,.T.);
#2424 = VERTEX_POINT('',#2425);
#2425 = CARTESIAN_POINT('',(-0.1,-13.,7.4));
#2426 = LINE('',#2427,#2428);
#2427 = CARTESIAN_POINT('',(-0.1,-13.,6.055738799212));
#2428 = VECTOR('',#2429,1.);
#2429 = DIRECTION('',(-0.,0.,-1.));
#2430 = ORIENTED_EDGE('',*,*,#2431,.T.);
#2431 = EDGE_CURVE('',#2424,#2432,#2434,.T.);
#2432 = VERTEX_POINT('',#2433);
#2433 = CARTESIAN_POINT('',(0.1,-13.,7.4));
#2434 = LINE('',#2435,#2436);
#2435 = CARTESIAN_POINT('',(-0.1,-13.,7.4));
#2436 = VECTOR('',#2437,1.);
#2437 = DIRECTION('',(1.,-1.110223024625E-16,0.));
#2438 = ORIENTED_EDGE('',*,*,#2439,.T.);
#2439 = EDGE_CURVE('',#2432,#2440,#2442,.T.);
#2440 = VERTEX_POINT('',#2441);
#2441 = CARTESIAN_POINT('',(0.1,-13.,0.9));
#2442 = LINE('',#2443,#2444);
#2443 = CARTESIAN_POINT('',(0.1,-13.,6.055738799212));
#2444 = VECTOR('',#2445,1.);
#2445 = DIRECTION('',(-0.,0.,-1.));
#2446 = ORIENTED_EDGE('',*,*,#2447,.T.);
#2447 = EDGE_CURVE('',#2440,#2303,#2448,.T.);
#2448 = LINE('',#2449,#2450);
#2449 = CARTESIAN_POINT('',(-0.3,-13.,0.9));
#2450 = VECTOR('',#2451,1.);
#2451 = DIRECTION('',(1.,-1.110223024625E-16,0.));
#2452 = ORIENTED_EDGE('',*,*,#2302,.F.);
#2453 = PLANE('',#2454);
#2454 = AXIS2_PLACEMENT_3D('',#2455,#2456,#2457);
#2455 = CARTESIAN_POINT('',(-0.3,-13.,8.2));
#2456 = DIRECTION('',(-1.110223024625E-16,-1.,0.));
#2457 = DIRECTION('',(1.,-1.110223024625E-16,0.));
#2458 = ADVANCED_FACE('',(#2459),#2484,.F.);
#2459 = FACE_BOUND('',#2460,.F.);
#2460 = EDGE_LOOP('',(#2461,#2469,#2477,#2483));
#2461 = ORIENTED_EDGE('',*,*,#2462,.T.);
#2462 = EDGE_CURVE('',#1055,#2463,#2465,.T.);
#2463 = VERTEX_POINT('',#2464);
#2464 = CARTESIAN_POINT('',(0.3,-10.46,0.9));
#2465 = LINE('',#2466,#2467);
#2466 = CARTESIAN_POINT('',(0.3,-10.46,8.2));
#2467 = VECTOR('',#2468,1.);
#2468 = DIRECTION('',(0.,-0.,-1.));
#2469 = ORIENTED_EDGE('',*,*,#2470,.T.);
#2470 = EDGE_CURVE('',#2463,#2471,#2473,.T.);
#2471 = VERTEX_POINT('',#2472);
#2472 = CARTESIAN_POINT('',(0.3,-9.86,0.9));
#2473 = LINE('',#2474,#2475);
#2474 = CARTESIAN_POINT('',(0.3,-10.46,0.9));
#2475 = VECTOR('',#2476,1.);
#2476 = DIRECTION('',(1.110223024625E-16,1.,0.));
#2477 = ORIENTED_EDGE('',*,*,#2478,.F.);
#2478 = EDGE_CURVE('',#1064,#2471,#2479,.T.);
#2479 = LINE('',#2480,#2481);
#2480 = CARTESIAN_POINT('',(0.3,-9.86,8.2));
#2481 = VECTOR('',#2482,1.);
#2482 = DIRECTION('',(0.,-0.,-1.));
#2483 = ORIENTED_EDGE('',*,*,#1071,.F.);
#2484 = PLANE('',#2485);
#2485 = AXIS2_PLACEMENT_3D('',#2486,#2487,#2488);
#2486 = CARTESIAN_POINT('',(0.3,-10.46,8.2));
#2487 = DIRECTION('',(1.,-1.110223024625E-16,0.));
#2488 = DIRECTION('',(1.110223024625E-16,1.,0.));
#2489 = ADVANCED_FACE('',(#2490),#2540,.F.);
#2490 = FACE_BOUND('',#2491,.F.);
#2491 = EDGE_LOOP('',(#2492,#2493,#2494,#2502,#2510,#2518,#2526,#2534));
#2492 = ORIENTED_EDGE('',*,*,#1095,.F.);
#2493 = ORIENTED_EDGE('',*,*,#2478,.T.);
#2494 = ORIENTED_EDGE('',*,*,#2495,.T.);
#2495 = EDGE_CURVE('',#2471,#2496,#2498,.T.);
#2496 = VERTEX_POINT('',#2497);
#2497 = CARTESIAN_POINT('',(0.1,-9.86,0.9));
#2498 = LINE('',#2499,#2500);
#2499 = CARTESIAN_POINT('',(0.3,-9.86,0.9));
#2500 = VECTOR('',#2501,1.);
#2501 = DIRECTION('',(-1.,1.110223024625E-16,0.));
#2502 = ORIENTED_EDGE('',*,*,#2503,.T.);
#2503 = EDGE_CURVE('',#2496,#2504,#2506,.T.);
#2504 = VERTEX_POINT('',#2505);
#2505 = CARTESIAN_POINT('',(0.1,-9.86,7.4));
#2506 = LINE('',#2507,#2508);
#2507 = CARTESIAN_POINT('',(0.1,-9.86,6.055738799212));
#2508 = VECTOR('',#2509,1.);
#2509 = DIRECTION('',(0.,-0.,1.));
#2510 = ORIENTED_EDGE('',*,*,#2511,.F.);
#2511 = EDGE_CURVE('',#2512,#2504,#2514,.T.);
#2512 = VERTEX_POINT('',#2513);
#2513 = CARTESIAN_POINT('',(-0.1,-9.86,7.4));
#2514 = LINE('',#2515,#2516);
#2515 = CARTESIAN_POINT('',(-0.1,-9.86,7.4));
#2516 = VECTOR('',#2517,1.);
#2517 = DIRECTION('',(1.,-1.110223024625E-16,0.));
#2518 = ORIENTED_EDGE('',*,*,#2519,.F.);
#2519 = EDGE_CURVE('',#2520,#2512,#2522,.T.);
#2520 = VERTEX_POINT('',#2521);
#2521 = CARTESIAN_POINT('',(-0.1,-9.86,0.9));
#2522 = LINE('',#2523,#2524);
#2523 = CARTESIAN_POINT('',(-0.1,-9.86,6.055738799212));
#2524 = VECTOR('',#2525,1.);
#2525 = DIRECTION('',(0.,-0.,1.));
#2526 = ORIENTED_EDGE('',*,*,#2527,.T.);
#2527 = EDGE_CURVE('',#2520,#2528,#2530,.T.);
#2528 = VERTEX_POINT('',#2529);
#2529 = CARTESIAN_POINT('',(-0.3,-9.86,0.9));
#2530 = LINE('',#2531,#2532);
#2531 = CARTESIAN_POINT('',(0.3,-9.86,0.9));
#2532 = VECTOR('',#2533,1.);
#2533 = DIRECTION('',(-1.,1.110223024625E-16,0.));
#2534 = ORIENTED_EDGE('',*,*,#2535,.F.);
#2535 = EDGE_CURVE('',#1088,#2528,#2536,.T.);
#2536 = LINE('',#2537,#2538);
#2537 = CARTESIAN_POINT('',(-0.3,-9.86,8.2));
#2538 = VECTOR('',#2539,1.);
#2539 = DIRECTION('',(0.,-0.,-1.));
#2540 = PLANE('',#2541);
#2541 = AXIS2_PLACEMENT_3D('',#2542,#2543,#2544);
#2542 = CARTESIAN_POINT('',(0.3,-9.86,8.2));
#2543 = DIRECTION('',(1.110223024625E-16,1.,0.));
#2544 = DIRECTION('',(-1.,1.110223024625E-16,0.));
#2545 = ADVANCED_FACE('',(#2546),#2564,.F.);
#2546 = FACE_BOUND('',#2547,.F.);
#2547 = EDGE_LOOP('',(#2548,#2549,#2557,#2563));
#2548 = ORIENTED_EDGE('',*,*,#2535,.T.);
#2549 = ORIENTED_EDGE('',*,*,#2550,.T.);
#2550 = EDGE_CURVE('',#2528,#2551,#2553,.T.);
#2551 = VERTEX_POINT('',#2552);
#2552 = CARTESIAN_POINT('',(-0.3,-10.46,0.9));
#2553 = LINE('',#2554,#2555);
#2554 = CARTESIAN_POINT('',(-0.3,-9.86,0.9));
#2555 = VECTOR('',#2556,1.);
#2556 = DIRECTION('',(-1.110223024625E-16,-1.,0.));
#2557 = ORIENTED_EDGE('',*,*,#2558,.F.);
#2558 = EDGE_CURVE('',#1112,#2551,#2559,.T.);
#2559 = LINE('',#2560,#2561);
#2560 = CARTESIAN_POINT('',(-0.3,-10.46,8.2));
#2561 = VECTOR('',#2562,1.);
#2562 = DIRECTION('',(0.,-0.,-1.));
#2563 = ORIENTED_EDGE('',*,*,#1119,.F.);
#2564 = PLANE('',#2565);
#2565 = AXIS2_PLACEMENT_3D('',#2566,#2567,#2568);
#2566 = CARTESIAN_POINT('',(-0.3,-9.86,8.2));
#2567 = DIRECTION('',(-1.,1.110223024625E-16,0.));
#2568 = DIRECTION('',(-1.110223024625E-16,-1.,0.));
#2569 = ADVANCED_FACE('',(#2570),#2613,.F.);
#2570 = FACE_BOUND('',#2571,.F.);
#2571 = EDGE_LOOP('',(#2572,#2573,#2574,#2582,#2590,#2598,#2606,#2612));
#2572 = ORIENTED_EDGE('',*,*,#1136,.F.);
#2573 = ORIENTED_EDGE('',*,*,#2558,.T.);
#2574 = ORIENTED_EDGE('',*,*,#2575,.T.);
#2575 = EDGE_CURVE('',#2551,#2576,#2578,.T.);
#2576 = VERTEX_POINT('',#2577);
#2577 = CARTESIAN_POINT('',(-0.1,-10.46,0.9));
#2578 = LINE('',#2579,#2580);
#2579 = CARTESIAN_POINT('',(-0.3,-10.46,0.9));
#2580 = VECTOR('',#2581,1.);
#2581 = DIRECTION('',(1.,-1.110223024625E-16,0.));
#2582 = ORIENTED_EDGE('',*,*,#2583,.F.);
#2583 = EDGE_CURVE('',#2584,#2576,#2586,.T.);
#2584 = VERTEX_POINT('',#2585);
#2585 = CARTESIAN_POINT('',(-0.1,-10.46,7.4));
#2586 = LINE('',#2587,#2588);
#2587 = CARTESIAN_POINT('',(-0.1,-10.46,6.055738799212));
#2588 = VECTOR('',#2589,1.);
#2589 = DIRECTION('',(-0.,0.,-1.));
#2590 = ORIENTED_EDGE('',*,*,#2591,.T.);
#2591 = EDGE_CURVE('',#2584,#2592,#2594,.T.);
#2592 = VERTEX_POINT('',#2593);
#2593 = CARTESIAN_POINT('',(0.1,-10.46,7.4));
#2594 = LINE('',#2595,#2596);
#2595 = CARTESIAN_POINT('',(-0.1,-10.46,7.4));
#2596 = VECTOR('',#2597,1.);
#2597 = DIRECTION('',(1.,-1.110223024625E-16,0.));
#2598 = ORIENTED_EDGE('',*,*,#2599,.T.);
#2599 = EDGE_CURVE('',#2592,#2600,#2602,.T.);
#2600 = VERTEX_POINT('',#2601);
#2601 = CARTESIAN_POINT('',(0.1,-10.46,0.9));
#2602 = LINE('',#2603,#2604);
#2603 = CARTESIAN_POINT('',(0.1,-10.46,6.055738799212));
#2604 = VECTOR('',#2605,1.);
#2605 = DIRECTION('',(-0.,0.,-1.));
#2606 = ORIENTED_EDGE('',*,*,#2607,.T.);
#2607 = EDGE_CURVE('',#2600,#2463,#2608,.T.);
#2608 = LINE('',#2609,#2610);
#2609 = CARTESIAN_POINT('',(-0.3,-10.46,0.9));
#2610 = VECTOR('',#2611,1.);
#2611 = DIRECTION('',(1.,-1.110223024625E-16,0.));
#2612 = ORIENTED_EDGE('',*,*,#2462,.F.);
#2613 = PLANE('',#2614);
#2614 = AXIS2_PLACEMENT_3D('',#2615,#2616,#2617);
#2615 = CARTESIAN_POINT('',(-0.3,-10.46,8.2));
#2616 = DIRECTION('',(-1.110223024625E-16,-1.,0.));
#2617 = DIRECTION('',(1.,-1.110223024625E-16,0.));
#2618 = ADVANCED_FACE('',(#2619),#2644,.F.);
#2619 = FACE_BOUND('',#2620,.F.);
#2620 = EDGE_LOOP('',(#2621,#2629,#2637,#2643));
#2621 = ORIENTED_EDGE('',*,*,#2622,.T.);
#2622 = EDGE_CURVE('',#1151,#2623,#2625,.T.);
#2623 = VERTEX_POINT('',#2624);
#2624 = CARTESIAN_POINT('',(0.3,-7.92,0.9));
#2625 = LINE('',#2626,#2627);
#2626 = CARTESIAN_POINT('',(0.3,-7.92,8.2));
#2627 = VECTOR('',#2628,1.);
#2628 = DIRECTION('',(0.,-0.,-1.));
#2629 = ORIENTED_EDGE('',*,*,#2630,.T.);
#2630 = EDGE_CURVE('',#2623,#2631,#2633,.T.);
#2631 = VERTEX_POINT('',#2632);
#2632 = CARTESIAN_POINT('',(0.3,-7.32,0.9));
#2633 = LINE('',#2634,#2635);
#2634 = CARTESIAN_POINT('',(0.3,-7.92,0.9));
#2635 = VECTOR('',#2636,1.);
#2636 = DIRECTION('',(1.110223024625E-16,1.,0.));
#2637 = ORIENTED_EDGE('',*,*,#2638,.F.);
#2638 = EDGE_CURVE('',#1160,#2631,#2639,.T.);
#2639 = LINE('',#2640,#2641);
#2640 = CARTESIAN_POINT('',(0.3,-7.32,8.2));
#2641 = VECTOR('',#2642,1.);
#2642 = DIRECTION('',(0.,-0.,-1.));
#2643 = ORIENTED_EDGE('',*,*,#1167,.F.);
#2644 = PLANE('',#2645);
#2645 = AXIS2_PLACEMENT_3D('',#2646,#2647,#2648);
#2646 = CARTESIAN_POINT('',(0.3,-7.92,8.2));
#2647 = DIRECTION('',(1.,-1.110223024625E-16,0.));
#2648 = DIRECTION('',(1.110223024625E-16,1.,0.));
#2649 = ADVANCED_FACE('',(#2650),#2700,.F.);
#2650 = FACE_BOUND('',#2651,.F.);
#2651 = EDGE_LOOP('',(#2652,#2653,#2654,#2662,#2670,#2678,#2686,#2694));
#2652 = ORIENTED_EDGE('',*,*,#1191,.F.);
#2653 = ORIENTED_EDGE('',*,*,#2638,.T.);
#2654 = ORIENTED_EDGE('',*,*,#2655,.T.);
#2655 = EDGE_CURVE('',#2631,#2656,#2658,.T.);
#2656 = VERTEX_POINT('',#2657);
#2657 = CARTESIAN_POINT('',(0.1,-7.32,0.9));
#2658 = LINE('',#2659,#2660);
#2659 = CARTESIAN_POINT('',(0.3,-7.32,0.9));
#2660 = VECTOR('',#2661,1.);
#2661 = DIRECTION('',(-1.,1.110223024625E-16,0.));
#2662 = ORIENTED_EDGE('',*,*,#2663,.T.);
#2663 = EDGE_CURVE('',#2656,#2664,#2666,.T.);
#2664 = VERTEX_POINT('',#2665);
#2665 = CARTESIAN_POINT('',(0.1,-7.32,7.4));
#2666 = LINE('',#2667,#2668);
#2667 = CARTESIAN_POINT('',(0.1,-7.32,6.055738799212));
#2668 = VECTOR('',#2669,1.);
#2669 = DIRECTION('',(0.,-0.,1.));
#2670 = ORIENTED_EDGE('',*,*,#2671,.F.);
#2671 = EDGE_CURVE('',#2672,#2664,#2674,.T.);
#2672 = VERTEX_POINT('',#2673);
#2673 = CARTESIAN_POINT('',(-0.1,-7.32,7.4));
#2674 = LINE('',#2675,#2676);
#2675 = CARTESIAN_POINT('',(-0.1,-7.32,7.4));
#2676 = VECTOR('',#2677,1.);
#2677 = DIRECTION('',(1.,-1.110223024625E-16,0.));
#2678 = ORIENTED_EDGE('',*,*,#2679,.F.);
#2679 = EDGE_CURVE('',#2680,#2672,#2682,.T.);
#2680 = VERTEX_POINT('',#2681);
#2681 = CARTESIAN_POINT('',(-0.1,-7.32,0.9));
#2682 = LINE('',#2683,#2684);
#2683 = CARTESIAN_POINT('',(-0.1,-7.32,6.055738799212));
#2684 = VECTOR('',#2685,1.);
#2685 = DIRECTION('',(0.,-0.,1.));
#2686 = ORIENTED_EDGE('',*,*,#2687,.T.);
#2687 = EDGE_CURVE('',#2680,#2688,#2690,.T.);
#2688 = VERTEX_POINT('',#2689);
#2689 = CARTESIAN_POINT('',(-0.3,-7.32,0.9));
#2690 = LINE('',#2691,#2692);
#2691 = CARTESIAN_POINT('',(0.3,-7.32,0.9));
#2692 = VECTOR('',#2693,1.);
#2693 = DIRECTION('',(-1.,1.110223024625E-16,0.));
#2694 = ORIENTED_EDGE('',*,*,#2695,.F.);
#2695 = EDGE_CURVE('',#1184,#2688,#2696,.T.);
#2696 = LINE('',#2697,#2698);
#2697 = CARTESIAN_POINT('',(-0.3,-7.32,8.2));
#2698 = VECTOR('',#2699,1.);
#2699 = DIRECTION('',(0.,-0.,-1.));
#2700 = PLANE('',#2701);
#2701 = AXIS2_PLACEMENT_3D('',#2702,#2703,#2704);
#2702 = CARTESIAN_POINT('',(0.3,-7.32,8.2));
#2703 = DIRECTION('',(1.110223024625E-16,1.,0.));
#2704 = DIRECTION('',(-1.,1.110223024625E-16,0.));
#2705 = ADVANCED_FACE('',(#2706),#2724,.F.);
#2706 = FACE_BOUND('',#2707,.F.);
#2707 = EDGE_LOOP('',(#2708,#2709,#2717,#2723));
#2708 = ORIENTED_EDGE('',*,*,#2695,.T.);
#2709 = ORIENTED_EDGE('',*,*,#2710,.T.);
#2710 = EDGE_CURVE('',#2688,#2711,#2713,.T.);
#2711 = VERTEX_POINT('',#2712);
#2712 = CARTESIAN_POINT('',(-0.3,-7.92,0.9));
#2713 = LINE('',#2714,#2715);
#2714 = CARTESIAN_POINT('',(-0.3,-7.32,0.9));
#2715 = VECTOR('',#2716,1.);
#2716 = DIRECTION('',(-1.110223024625E-16,-1.,0.));
#2717 = ORIENTED_EDGE('',*,*,#2718,.F.);
#2718 = EDGE_CURVE('',#1208,#2711,#2719,.T.);
#2719 = LINE('',#2720,#2721);
#2720 = CARTESIAN_POINT('',(-0.3,-7.92,8.2));
#2721 = VECTOR('',#2722,1.);
#2722 = DIRECTION('',(0.,-0.,-1.));
#2723 = ORIENTED_EDGE('',*,*,#1215,.F.);
#2724 = PLANE('',#2725);
#2725 = AXIS2_PLACEMENT_3D('',#2726,#2727,#2728);
#2726 = CARTESIAN_POINT('',(-0.3,-7.32,8.2));
#2727 = DIRECTION('',(-1.,1.110223024625E-16,0.));
#2728 = DIRECTION('',(-1.110223024625E-16,-1.,0.));
#2729 = ADVANCED_FACE('',(#2730),#2773,.F.);
#2730 = FACE_BOUND('',#2731,.F.);
#2731 = EDGE_LOOP('',(#2732,#2733,#2734,#2742,#2750,#2758,#2766,#2772));
#2732 = ORIENTED_EDGE('',*,*,#1232,.F.);
#2733 = ORIENTED_EDGE('',*,*,#2718,.T.);
#2734 = ORIENTED_EDGE('',*,*,#2735,.T.);
#2735 = EDGE_CURVE('',#2711,#2736,#2738,.T.);
#2736 = VERTEX_POINT('',#2737);
#2737 = CARTESIAN_POINT('',(-0.1,-7.92,0.9));
#2738 = LINE('',#2739,#2740);
#2739 = CARTESIAN_POINT('',(-0.3,-7.92,0.9));
#2740 = VECTOR('',#2741,1.);
#2741 = DIRECTION('',(1.,-1.110223024625E-16,0.));
#2742 = ORIENTED_EDGE('',*,*,#2743,.F.);
#2743 = EDGE_CURVE('',#2744,#2736,#2746,.T.);
#2744 = VERTEX_POINT('',#2745);
#2745 = CARTESIAN_POINT('',(-0.1,-7.92,7.4));
#2746 = LINE('',#2747,#2748);
#2747 = CARTESIAN_POINT('',(-0.1,-7.92,6.055738799212));
#2748 = VECTOR('',#2749,1.);
#2749 = DIRECTION('',(-0.,0.,-1.));
#2750 = ORIENTED_EDGE('',*,*,#2751,.T.);
#2751 = EDGE_CURVE('',#2744,#2752,#2754,.T.);
#2752 = VERTEX_POINT('',#2753);
#2753 = CARTESIAN_POINT('',(0.1,-7.92,7.4));
#2754 = LINE('',#2755,#2756);
#2755 = CARTESIAN_POINT('',(-0.1,-7.92,7.4));
#2756 = VECTOR('',#2757,1.);
#2757 = DIRECTION('',(1.,-1.110223024625E-16,0.));
#2758 = ORIENTED_EDGE('',*,*,#2759,.T.);
#2759 = EDGE_CURVE('',#2752,#2760,#2762,.T.);
#2760 = VERTEX_POINT('',#2761);
#2761 = CARTESIAN_POINT('',(0.1,-7.92,0.9));
#2762 = LINE('',#2763,#2764);
#2763 = CARTESIAN_POINT('',(0.1,-7.92,6.055738799212));
#2764 = VECTOR('',#2765,1.);
#2765 = DIRECTION('',(-0.,0.,-1.));
#2766 = ORIENTED_EDGE('',*,*,#2767,.T.);
#2767 = EDGE_CURVE('',#2760,#2623,#2768,.T.);
#2768 = LINE('',#2769,#2770);
#2769 = CARTESIAN_POINT('',(-0.3,-7.92,0.9));
#2770 = VECTOR('',#2771,1.);
#2771 = DIRECTION('',(1.,-1.110223024625E-16,0.));
#2772 = ORIENTED_EDGE('',*,*,#2622,.F.);
#2773 = PLANE('',#2774);
#2774 = AXIS2_PLACEMENT_3D('',#2775,#2776,#2777);
#2775 = CARTESIAN_POINT('',(-0.3,-7.92,8.2));
#2776 = DIRECTION('',(-1.110223024625E-16,-1.,0.));
#2777 = DIRECTION('',(1.,-1.110223024625E-16,0.));
#2778 = ADVANCED_FACE('',(#2779),#2804,.F.);
#2779 = FACE_BOUND('',#2780,.F.);
#2780 = EDGE_LOOP('',(#2781,#2789,#2797,#2803));
#2781 = ORIENTED_EDGE('',*,*,#2782,.T.);
#2782 = EDGE_CURVE('',#1247,#2783,#2785,.T.);
#2783 = VERTEX_POINT('',#2784);
#2784 = CARTESIAN_POINT('',(0.3,-5.38,0.9));
#2785 = LINE('',#2786,#2787);
#2786 = CARTESIAN_POINT('',(0.3,-5.38,8.2));
#2787 = VECTOR('',#2788,1.);
#2788 = DIRECTION('',(0.,-0.,-1.));
#2789 = ORIENTED_EDGE('',*,*,#2790,.T.);
#2790 = EDGE_CURVE('',#2783,#2791,#2793,.T.);
#2791 = VERTEX_POINT('',#2792);
#2792 = CARTESIAN_POINT('',(0.3,-4.78,0.9));
#2793 = LINE('',#2794,#2795);
#2794 = CARTESIAN_POINT('',(0.3,-5.38,0.9));
#2795 = VECTOR('',#2796,1.);
#2796 = DIRECTION('',(1.110223024625E-16,1.,0.));
#2797 = ORIENTED_EDGE('',*,*,#2798,.F.);
#2798 = EDGE_CURVE('',#1256,#2791,#2799,.T.);
#2799 = LINE('',#2800,#2801);
#2800 = CARTESIAN_POINT('',(0.3,-4.78,8.2));
#2801 = VECTOR('',#2802,1.);
#2802 = DIRECTION('',(0.,-0.,-1.));
#2803 = ORIENTED_EDGE('',*,*,#1263,.F.);
#2804 = PLANE('',#2805);
#2805 = AXIS2_PLACEMENT_3D('',#2806,#2807,#2808);
#2806 = CARTESIAN_POINT('',(0.3,-5.38,8.2));
#2807 = DIRECTION('',(1.,-1.110223024625E-16,0.));
#2808 = DIRECTION('',(1.110223024625E-16,1.,0.));
#2809 = ADVANCED_FACE('',(#2810),#2860,.F.);
#2810 = FACE_BOUND('',#2811,.F.);
#2811 = EDGE_LOOP('',(#2812,#2813,#2814,#2822,#2830,#2838,#2846,#2854));
#2812 = ORIENTED_EDGE('',*,*,#1287,.F.);
#2813 = ORIENTED_EDGE('',*,*,#2798,.T.);
#2814 = ORIENTED_EDGE('',*,*,#2815,.T.);
#2815 = EDGE_CURVE('',#2791,#2816,#2818,.T.);
#2816 = VERTEX_POINT('',#2817);
#2817 = CARTESIAN_POINT('',(0.1,-4.78,0.9));
#2818 = LINE('',#2819,#2820);
#2819 = CARTESIAN_POINT('',(0.3,-4.78,0.9));
#2820 = VECTOR('',#2821,1.);
#2821 = DIRECTION('',(-1.,1.110223024625E-16,0.));
#2822 = ORIENTED_EDGE('',*,*,#2823,.T.);
#2823 = EDGE_CURVE('',#2816,#2824,#2826,.T.);
#2824 = VERTEX_POINT('',#2825);
#2825 = CARTESIAN_POINT('',(0.1,-4.78,7.4));
#2826 = LINE('',#2827,#2828);
#2827 = CARTESIAN_POINT('',(0.1,-4.78,6.055738799212));
#2828 = VECTOR('',#2829,1.);
#2829 = DIRECTION('',(0.,-0.,1.));
#2830 = ORIENTED_EDGE('',*,*,#2831,.F.);
#2831 = EDGE_CURVE('',#2832,#2824,#2834,.T.);
#2832 = VERTEX_POINT('',#2833);
#2833 = CARTESIAN_POINT('',(-0.1,-4.78,7.4));
#2834 = LINE('',#2835,#2836);
#2835 = CARTESIAN_POINT('',(-0.1,-4.78,7.4));
#2836 = VECTOR('',#2837,1.);
#2837 = DIRECTION('',(1.,-1.110223024625E-16,0.));
#2838 = ORIENTED_EDGE('',*,*,#2839,.F.);
#2839 = EDGE_CURVE('',#2840,#2832,#2842,.T.);
#2840 = VERTEX_POINT('',#2841);
#2841 = CARTESIAN_POINT('',(-0.1,-4.78,0.9));
#2842 = LINE('',#2843,#2844);
#2843 = CARTESIAN_POINT('',(-0.1,-4.78,6.055738799212));
#2844 = VECTOR('',#2845,1.);
#2845 = DIRECTION('',(0.,-0.,1.));
#2846 = ORIENTED_EDGE('',*,*,#2847,.T.);
#2847 = EDGE_CURVE('',#2840,#2848,#2850,.T.);
#2848 = VERTEX_POINT('',#2849);
#2849 = CARTESIAN_POINT('',(-0.3,-4.78,0.9));
#2850 = LINE('',#2851,#2852);
#2851 = CARTESIAN_POINT('',(0.3,-4.78,0.9));
#2852 = VECTOR('',#2853,1.);
#2853 = DIRECTION('',(-1.,1.110223024625E-16,0.));
#2854 = ORIENTED_EDGE('',*,*,#2855,.F.);
#2855 = EDGE_CURVE('',#1280,#2848,#2856,.T.);
#2856 = LINE('',#2857,#2858);
#2857 = CARTESIAN_POINT('',(-0.3,-4.78,8.2));
#2858 = VECTOR('',#2859,1.);
#2859 = DIRECTION('',(0.,-0.,-1.));
#2860 = PLANE('',#2861);
#2861 = AXIS2_PLACEMENT_3D('',#2862,#2863,#2864);
#2862 = CARTESIAN_POINT('',(0.3,-4.78,8.2));
#2863 = DIRECTION('',(1.110223024625E-16,1.,0.));
#2864 = DIRECTION('',(-1.,1.110223024625E-16,0.));
#2865 = ADVANCED_FACE('',(#2866),#2884,.F.);
#2866 = FACE_BOUND('',#2867,.F.);
#2867 = EDGE_LOOP('',(#2868,#2869,#2877,#2883));
#2868 = ORIENTED_EDGE('',*,*,#2855,.T.);
#2869 = ORIENTED_EDGE('',*,*,#2870,.T.);
#2870 = EDGE_CURVE('',#2848,#2871,#2873,.T.);
#2871 = VERTEX_POINT('',#2872);
#2872 = CARTESIAN_POINT('',(-0.3,-5.38,0.9));
#2873 = LINE('',#2874,#2875);
#2874 = CARTESIAN_POINT('',(-0.3,-4.78,0.9));
#2875 = VECTOR('',#2876,1.);
#2876 = DIRECTION('',(-1.110223024625E-16,-1.,0.));
#2877 = ORIENTED_EDGE('',*,*,#2878,.F.);
#2878 = EDGE_CURVE('',#1304,#2871,#2879,.T.);
#2879 = LINE('',#2880,#2881);
#2880 = CARTESIAN_POINT('',(-0.3,-5.38,8.2));
#2881 = VECTOR('',#2882,1.);
#2882 = DIRECTION('',(0.,-0.,-1.));
#2883 = ORIENTED_EDGE('',*,*,#1311,.F.);
#2884 = PLANE('',#2885);
#2885 = AXIS2_PLACEMENT_3D('',#2886,#2887,#2888);
#2886 = CARTESIAN_POINT('',(-0.3,-4.78,8.2));
#2887 = DIRECTION('',(-1.,1.110223024625E-16,0.));
#2888 = DIRECTION('',(-1.110223024625E-16,-1.,0.));
#2889 = ADVANCED_FACE('',(#2890),#2933,.F.);
#2890 = FACE_BOUND('',#2891,.F.);
#2891 = EDGE_LOOP('',(#2892,#2893,#2894,#2902,#2910,#2918,#2926,#2932));
#2892 = ORIENTED_EDGE('',*,*,#1328,.F.);
#2893 = ORIENTED_EDGE('',*,*,#2878,.T.);
#2894 = ORIENTED_EDGE('',*,*,#2895,.T.);
#2895 = EDGE_CURVE('',#2871,#2896,#2898,.T.);
#2896 = VERTEX_POINT('',#2897);
#2897 = CARTESIAN_POINT('',(-0.1,-5.38,0.9));
#2898 = LINE('',#2899,#2900);
#2899 = CARTESIAN_POINT('',(-0.3,-5.38,0.9));
#2900 = VECTOR('',#2901,1.);
#2901 = DIRECTION('',(1.,-1.110223024625E-16,0.));
#2902 = ORIENTED_EDGE('',*,*,#2903,.F.);
#2903 = EDGE_CURVE('',#2904,#2896,#2906,.T.);
#2904 = VERTEX_POINT('',#2905);
#2905 = CARTESIAN_POINT('',(-0.1,-5.38,7.4));
#2906 = LINE('',#2907,#2908);
#2907 = CARTESIAN_POINT('',(-0.1,-5.38,6.055738799212));
#2908 = VECTOR('',#2909,1.);
#2909 = DIRECTION('',(-0.,0.,-1.));
#2910 = ORIENTED_EDGE('',*,*,#2911,.T.);
#2911 = EDGE_CURVE('',#2904,#2912,#2914,.T.);
#2912 = VERTEX_POINT('',#2913);
#2913 = CARTESIAN_POINT('',(0.1,-5.38,7.4));
#2914 = LINE('',#2915,#2916);
#2915 = CARTESIAN_POINT('',(-0.1,-5.38,7.4));
#2916 = VECTOR('',#2917,1.);
#2917 = DIRECTION('',(1.,-1.110223024625E-16,0.));
#2918 = ORIENTED_EDGE('',*,*,#2919,.T.);
#2919 = EDGE_CURVE('',#2912,#2920,#2922,.T.);
#2920 = VERTEX_POINT('',#2921);
#2921 = CARTESIAN_POINT('',(0.1,-5.38,0.9));
#2922 = LINE('',#2923,#2924);
#2923 = CARTESIAN_POINT('',(0.1,-5.38,6.055738799212));
#2924 = VECTOR('',#2925,1.);
#2925 = DIRECTION('',(-0.,0.,-1.));
#2926 = ORIENTED_EDGE('',*,*,#2927,.T.);
#2927 = EDGE_CURVE('',#2920,#2783,#2928,.T.);
#2928 = LINE('',#2929,#2930);
#2929 = CARTESIAN_POINT('',(-0.3,-5.38,0.9));
#2930 = VECTOR('',#2931,1.);
#2931 = DIRECTION('',(1.,-1.110223024625E-16,0.));
#2932 = ORIENTED_EDGE('',*,*,#2782,.F.);
#2933 = PLANE('',#2934);
#2934 = AXIS2_PLACEMENT_3D('',#2935,#2936,#2937);
#2935 = CARTESIAN_POINT('',(-0.3,-5.38,8.2));
#2936 = DIRECTION('',(-1.110223024625E-16,-1.,0.));
#2937 = DIRECTION('',(1.,-1.110223024625E-16,0.));
#2938 = ADVANCED_FACE('',(#2939),#2964,.F.);
#2939 = FACE_BOUND('',#2940,.F.);
#2940 = EDGE_LOOP('',(#2941,#2949,#2957,#2963));
#2941 = ORIENTED_EDGE('',*,*,#2942,.T.);
#2942 = EDGE_CURVE('',#1343,#2943,#2945,.T.);
#2943 = VERTEX_POINT('',#2944);
#2944 = CARTESIAN_POINT('',(0.3,-2.84,0.9));
#2945 = LINE('',#2946,#2947);
#2946 = CARTESIAN_POINT('',(0.3,-2.84,8.2));
#2947 = VECTOR('',#2948,1.);
#2948 = DIRECTION('',(0.,-0.,-1.));
#2949 = ORIENTED_EDGE('',*,*,#2950,.T.);
#2950 = EDGE_CURVE('',#2943,#2951,#2953,.T.);
#2951 = VERTEX_POINT('',#2952);
#2952 = CARTESIAN_POINT('',(0.3,-2.24,0.9));
#2953 = LINE('',#2954,#2955);
#2954 = CARTESIAN_POINT('',(0.3,-2.84,0.9));
#2955 = VECTOR('',#2956,1.);
#2956 = DIRECTION('',(1.110223024625E-16,1.,0.));
#2957 = ORIENTED_EDGE('',*,*,#2958,.F.);
#2958 = EDGE_CURVE('',#1352,#2951,#2959,.T.);
#2959 = LINE('',#2960,#2961);
#2960 = CARTESIAN_POINT('',(0.3,-2.24,8.2));
#2961 = VECTOR('',#2962,1.);
#2962 = DIRECTION('',(0.,-0.,-1.));
#2963 = ORIENTED_EDGE('',*,*,#1359,.F.);
#2964 = PLANE('',#2965);
#2965 = AXIS2_PLACEMENT_3D('',#2966,#2967,#2968);
#2966 = CARTESIAN_POINT('',(0.3,-2.84,8.2));
#2967 = DIRECTION('',(1.,-1.110223024625E-16,0.));
#2968 = DIRECTION('',(1.110223024625E-16,1.,0.));
#2969 = ADVANCED_FACE('',(#2970),#3020,.F.);
#2970 = FACE_BOUND('',#2971,.F.);
#2971 = EDGE_LOOP('',(#2972,#2973,#2974,#2982,#2990,#2998,#3006,#3014));
#2972 = ORIENTED_EDGE('',*,*,#1383,.F.);
#2973 = ORIENTED_EDGE('',*,*,#2958,.T.);
#2974 = ORIENTED_EDGE('',*,*,#2975,.T.);
#2975 = EDGE_CURVE('',#2951,#2976,#2978,.T.);
#2976 = VERTEX_POINT('',#2977);
#2977 = CARTESIAN_POINT('',(0.1,-2.24,0.9));
#2978 = LINE('',#2979,#2980);
#2979 = CARTESIAN_POINT('',(0.3,-2.24,0.9));
#2980 = VECTOR('',#2981,1.);
#2981 = DIRECTION('',(-1.,1.110223024625E-16,0.));
#2982 = ORIENTED_EDGE('',*,*,#2983,.T.);
#2983 = EDGE_CURVE('',#2976,#2984,#2986,.T.);
#2984 = VERTEX_POINT('',#2985);
#2985 = CARTESIAN_POINT('',(0.1,-2.24,7.4));
#2986 = LINE('',#2987,#2988);
#2987 = CARTESIAN_POINT('',(0.1,-2.24,6.055738799212));
#2988 = VECTOR('',#2989,1.);
#2989 = DIRECTION('',(0.,-0.,1.));
#2990 = ORIENTED_EDGE('',*,*,#2991,.F.);
#2991 = EDGE_CURVE('',#2992,#2984,#2994,.T.);
#2992 = VERTEX_POINT('',#2993);
#2993 = CARTESIAN_POINT('',(-0.1,-2.24,7.4));
#2994 = LINE('',#2995,#2996);
#2995 = CARTESIAN_POINT('',(-0.1,-2.24,7.4));
#2996 = VECTOR('',#2997,1.);
#2997 = DIRECTION('',(1.,-1.110223024625E-16,0.));
#2998 = ORIENTED_EDGE('',*,*,#2999,.F.);
#2999 = EDGE_CURVE('',#3000,#2992,#3002,.T.);
#3000 = VERTEX_POINT('',#3001);
#3001 = CARTESIAN_POINT('',(-0.1,-2.24,0.9));
#3002 = LINE('',#3003,#3004);
#3003 = CARTESIAN_POINT('',(-0.1,-2.24,6.055738799212));
#3004 = VECTOR('',#3005,1.);
#3005 = DIRECTION('',(0.,-0.,1.));
#3006 = ORIENTED_EDGE('',*,*,#3007,.T.);
#3007 = EDGE_CURVE('',#3000,#3008,#3010,.T.);
#3008 = VERTEX_POINT('',#3009);
#3009 = CARTESIAN_POINT('',(-0.3,-2.24,0.9));
#3010 = LINE('',#3011,#3012);
#3011 = CARTESIAN_POINT('',(0.3,-2.24,0.9));
#3012 = VECTOR('',#3013,1.);
#3013 = DIRECTION('',(-1.,1.110223024625E-16,0.));
#3014 = ORIENTED_EDGE('',*,*,#3015,.F.);
#3015 = EDGE_CURVE('',#1376,#3008,#3016,.T.);
#3016 = LINE('',#3017,#3018);
#3017 = CARTESIAN_POINT('',(-0.3,-2.24,8.2));
#3018 = VECTOR('',#3019,1.);
#3019 = DIRECTION('',(0.,-0.,-1.));
#3020 = PLANE('',#3021);
#3021 = AXIS2_PLACEMENT_3D('',#3022,#3023,#3024);
#3022 = CARTESIAN_POINT('',(0.3,-2.24,8.2));
#3023 = DIRECTION('',(1.110223024625E-16,1.,0.));
#3024 = DIRECTION('',(-1.,1.110223024625E-16,0.));
#3025 = ADVANCED_FACE('',(#3026),#3044,.F.);
#3026 = FACE_BOUND('',#3027,.F.);
#3027 = EDGE_LOOP('',(#3028,#3029,#3037,#3043));
#3028 = ORIENTED_EDGE('',*,*,#3015,.T.);
#3029 = ORIENTED_EDGE('',*,*,#3030,.T.);
#3030 = EDGE_CURVE('',#3008,#3031,#3033,.T.);
#3031 = VERTEX_POINT('',#3032);
#3032 = CARTESIAN_POINT('',(-0.3,-2.84,0.9));
#3033 = LINE('',#3034,#3035);
#3034 = CARTESIAN_POINT('',(-0.3,-2.24,0.9));
#3035 = VECTOR('',#3036,1.);
#3036 = DIRECTION('',(-1.110223024625E-16,-1.,0.));
#3037 = ORIENTED_EDGE('',*,*,#3038,.F.);
#3038 = EDGE_CURVE('',#1400,#3031,#3039,.T.);
#3039 = LINE('',#3040,#3041);
#3040 = CARTESIAN_POINT('',(-0.3,-2.84,8.2));
#3041 = VECTOR('',#3042,1.);
#3042 = DIRECTION('',(0.,-0.,-1.));
#3043 = ORIENTED_EDGE('',*,*,#1407,.F.);
#3044 = PLANE('',#3045);
#3045 = AXIS2_PLACEMENT_3D('',#3046,#3047,#3048);
#3046 = CARTESIAN_POINT('',(-0.3,-2.24,8.2));
#3047 = DIRECTION('',(-1.,1.110223024625E-16,0.));
#3048 = DIRECTION('',(-1.110223024625E-16,-1.,0.));
#3049 = ADVANCED_FACE('',(#3050),#3093,.F.);
#3050 = FACE_BOUND('',#3051,.F.);
#3051 = EDGE_LOOP('',(#3052,#3053,#3054,#3062,#3070,#3078,#3086,#3092));
#3052 = ORIENTED_EDGE('',*,*,#1424,.F.);
#3053 = ORIENTED_EDGE('',*,*,#3038,.T.);
#3054 = ORIENTED_EDGE('',*,*,#3055,.T.);
#3055 = EDGE_CURVE('',#3031,#3056,#3058,.T.);
#3056 = VERTEX_POINT('',#3057);
#3057 = CARTESIAN_POINT('',(-0.1,-2.84,0.9));
#3058 = LINE('',#3059,#3060);
#3059 = CARTESIAN_POINT('',(-0.3,-2.84,0.9));
#3060 = VECTOR('',#3061,1.);
#3061 = DIRECTION('',(1.,-1.110223024625E-16,0.));
#3062 = ORIENTED_EDGE('',*,*,#3063,.F.);
#3063 = EDGE_CURVE('',#3064,#3056,#3066,.T.);
#3064 = VERTEX_POINT('',#3065);
#3065 = CARTESIAN_POINT('',(-0.1,-2.84,7.4));
#3066 = LINE('',#3067,#3068);
#3067 = CARTESIAN_POINT('',(-0.1,-2.84,6.055738799212));
#3068 = VECTOR('',#3069,1.);
#3069 = DIRECTION('',(-0.,0.,-1.));
#3070 = ORIENTED_EDGE('',*,*,#3071,.T.);
#3071 = EDGE_CURVE('',#3064,#3072,#3074,.T.);
#3072 = VERTEX_POINT('',#3073);
#3073 = CARTESIAN_POINT('',(0.1,-2.84,7.4));
#3074 = LINE('',#3075,#3076);
#3075 = CARTESIAN_POINT('',(-0.1,-2.84,7.4));
#3076 = VECTOR('',#3077,1.);
#3077 = DIRECTION('',(1.,-1.110223024625E-16,0.));
#3078 = ORIENTED_EDGE('',*,*,#3079,.T.);
#3079 = EDGE_CURVE('',#3072,#3080,#3082,.T.);
#3080 = VERTEX_POINT('',#3081);
#3081 = CARTESIAN_POINT('',(0.1,-2.84,0.9));
#3082 = LINE('',#3083,#3084);
#3083 = CARTESIAN_POINT('',(0.1,-2.84,6.055738799212));
#3084 = VECTOR('',#3085,1.);
#3085 = DIRECTION('',(-0.,0.,-1.));
#3086 = ORIENTED_EDGE('',*,*,#3087,.T.);
#3087 = EDGE_CURVE('',#3080,#2943,#3088,.T.);
#3088 = LINE('',#3089,#3090);
#3089 = CARTESIAN_POINT('',(-0.3,-2.84,0.9));
#3090 = VECTOR('',#3091,1.);
#3091 = DIRECTION('',(1.,-1.110223024625E-16,0.));
#3092 = ORIENTED_EDGE('',*,*,#2942,.F.);
#3093 = PLANE('',#3094);
#3094 = AXIS2_PLACEMENT_3D('',#3095,#3096,#3097);
#3095 = CARTESIAN_POINT('',(-0.3,-2.84,8.2));
#3096 = DIRECTION('',(-1.110223024625E-16,-1.,0.));
#3097 = DIRECTION('',(1.,-1.110223024625E-16,0.));
#3098 = ADVANCED_FACE('',(#3099),#3124,.F.);
#3099 = FACE_BOUND('',#3100,.F.);
#3100 = EDGE_LOOP('',(#3101,#3109,#3117,#3123));
#3101 = ORIENTED_EDGE('',*,*,#3102,.T.);
#3102 = EDGE_CURVE('',#1439,#3103,#3105,.T.);
#3103 = VERTEX_POINT('',#3104);
#3104 = CARTESIAN_POINT('',(0.3,-0.3,0.9));
#3105 = LINE('',#3106,#3107);
#3106 = CARTESIAN_POINT('',(0.3,-0.3,8.2));
#3107 = VECTOR('',#3108,1.);
#3108 = DIRECTION('',(0.,-0.,-1.));
#3109 = ORIENTED_EDGE('',*,*,#3110,.T.);
#3110 = EDGE_CURVE('',#3103,#3111,#3113,.T.);
#3111 = VERTEX_POINT('',#3112);
#3112 = CARTESIAN_POINT('',(0.3,0.3,0.9));
#3113 = LINE('',#3114,#3115);
#3114 = CARTESIAN_POINT('',(0.3,-0.3,0.9));
#3115 = VECTOR('',#3116,1.);
#3116 = DIRECTION('',(1.110223024625E-16,1.,0.));
#3117 = ORIENTED_EDGE('',*,*,#3118,.F.);
#3118 = EDGE_CURVE('',#1448,#3111,#3119,.T.);
#3119 = LINE('',#3120,#3121);
#3120 = CARTESIAN_POINT('',(0.3,0.3,8.2));
#3121 = VECTOR('',#3122,1.);
#3122 = DIRECTION('',(0.,-0.,-1.));
#3123 = ORIENTED_EDGE('',*,*,#1455,.F.);
#3124 = PLANE('',#3125);
#3125 = AXIS2_PLACEMENT_3D('',#3126,#3127,#3128);
#3126 = CARTESIAN_POINT('',(0.3,-0.3,8.2));
#3127 = DIRECTION('',(1.,-1.110223024625E-16,0.));
#3128 = DIRECTION('',(1.110223024625E-16,1.,0.));
#3129 = ADVANCED_FACE('',(#3130),#3180,.F.);
#3130 = FACE_BOUND('',#3131,.F.);
#3131 = EDGE_LOOP('',(#3132,#3133,#3134,#3142,#3150,#3158,#3166,#3174));
#3132 = ORIENTED_EDGE('',*,*,#1479,.F.);
#3133 = ORIENTED_EDGE('',*,*,#3118,.T.);
#3134 = ORIENTED_EDGE('',*,*,#3135,.T.);
#3135 = EDGE_CURVE('',#3111,#3136,#3138,.T.);
#3136 = VERTEX_POINT('',#3137);
#3137 = CARTESIAN_POINT('',(0.1,0.3,0.9));
#3138 = LINE('',#3139,#3140);
#3139 = CARTESIAN_POINT('',(0.3,0.3,0.9));
#3140 = VECTOR('',#3141,1.);
#3141 = DIRECTION('',(-1.,1.110223024625E-16,0.));
#3142 = ORIENTED_EDGE('',*,*,#3143,.T.);
#3143 = EDGE_CURVE('',#3136,#3144,#3146,.T.);
#3144 = VERTEX_POINT('',#3145);
#3145 = CARTESIAN_POINT('',(0.1,0.3,7.4));
#3146 = LINE('',#3147,#3148);
#3147 = CARTESIAN_POINT('',(0.1,0.3,6.055738799212));
#3148 = VECTOR('',#3149,1.);
#3149 = DIRECTION('',(0.,-0.,1.));
#3150 = ORIENTED_EDGE('',*,*,#3151,.F.);
#3151 = EDGE_CURVE('',#3152,#3144,#3154,.T.);
#3152 = VERTEX_POINT('',#3153);
#3153 = CARTESIAN_POINT('',(-0.1,0.3,7.4));
#3154 = LINE('',#3155,#3156);
#3155 = CARTESIAN_POINT('',(-0.1,0.3,7.4));
#3156 = VECTOR('',#3157,1.);
#3157 = DIRECTION('',(1.,-1.110223024625E-16,0.));
#3158 = ORIENTED_EDGE('',*,*,#3159,.F.);
#3159 = EDGE_CURVE('',#3160,#3152,#3162,.T.);
#3160 = VERTEX_POINT('',#3161);
#3161 = CARTESIAN_POINT('',(-0.1,0.3,0.9));
#3162 = LINE('',#3163,#3164);
#3163 = CARTESIAN_POINT('',(-0.1,0.3,6.055738799212));
#3164 = VECTOR('',#3165,1.);
#3165 = DIRECTION('',(0.,-0.,1.));
#3166 = ORIENTED_EDGE('',*,*,#3167,.T.);
#3167 = EDGE_CURVE('',#3160,#3168,#3170,.T.);
#3168 = VERTEX_POINT('',#3169);
#3169 = CARTESIAN_POINT('',(-0.3,0.3,0.9));
#3170 = LINE('',#3171,#3172);
#3171 = CARTESIAN_POINT('',(0.3,0.3,0.9));
#3172 = VECTOR('',#3173,1.);
#3173 = DIRECTION('',(-1.,1.110223024625E-16,0.));
#3174 = ORIENTED_EDGE('',*,*,#3175,.F.);
#3175 = EDGE_CURVE('',#1472,#3168,#3176,.T.);
#3176 = LINE('',#3177,#3178);
#3177 = CARTESIAN_POINT('',(-0.3,0.3,8.2));
#3178 = VECTOR('',#3179,1.);
#3179 = DIRECTION('',(0.,-0.,-1.));
#3180 = PLANE('',#3181);
#3181 = AXIS2_PLACEMENT_3D('',#3182,#3183,#3184);
#3182 = CARTESIAN_POINT('',(0.3,0.3,8.2));
#3183 = DIRECTION('',(1.110223024625E-16,1.,0.));
#3184 = DIRECTION('',(-1.,1.110223024625E-16,0.));
#3185 = ADVANCED_FACE('',(#3186),#3204,.F.);
#3186 = FACE_BOUND('',#3187,.F.);
#3187 = EDGE_LOOP('',(#3188,#3189,#3197,#3203));
#3188 = ORIENTED_EDGE('',*,*,#3175,.T.);
#3189 = ORIENTED_EDGE('',*,*,#3190,.T.);
#3190 = EDGE_CURVE('',#3168,#3191,#3193,.T.);
#3191 = VERTEX_POINT('',#3192);
#3192 = CARTESIAN_POINT('',(-0.3,-0.3,0.9));
#3193 = LINE('',#3194,#3195);
#3194 = CARTESIAN_POINT('',(-0.3,0.3,0.9));
#3195 = VECTOR('',#3196,1.);
#3196 = DIRECTION('',(-1.110223024625E-16,-1.,0.));
#3197 = ORIENTED_EDGE('',*,*,#3198,.F.);
#3198 = EDGE_CURVE('',#1496,#3191,#3199,.T.);
#3199 = LINE('',#3200,#3201);
#3200 = CARTESIAN_POINT('',(-0.3,-0.3,8.2));
#3201 = VECTOR('',#3202,1.);
#3202 = DIRECTION('',(0.,-0.,-1.));
#3203 = ORIENTED_EDGE('',*,*,#1503,.F.);
#3204 = PLANE('',#3205);
#3205 = AXIS2_PLACEMENT_3D('',#3206,#3207,#3208);
#3206 = CARTESIAN_POINT('',(-0.3,0.3,8.2));
#3207 = DIRECTION('',(-1.,1.110223024625E-16,0.));
#3208 = DIRECTION('',(-1.110223024625E-16,-1.,0.));
#3209 = ADVANCED_FACE('',(#3210),#3253,.F.);
#3210 = FACE_BOUND('',#3211,.F.);
#3211 = EDGE_LOOP('',(#3212,#3213,#3214,#3222,#3230,#3238,#3246,#3252));
#3212 = ORIENTED_EDGE('',*,*,#1520,.F.);
#3213 = ORIENTED_EDGE('',*,*,#3198,.T.);
#3214 = ORIENTED_EDGE('',*,*,#3215,.T.);
#3215 = EDGE_CURVE('',#3191,#3216,#3218,.T.);
#3216 = VERTEX_POINT('',#3217);
#3217 = CARTESIAN_POINT('',(-0.1,-0.3,0.9));
#3218 = LINE('',#3219,#3220);
#3219 = CARTESIAN_POINT('',(-0.3,-0.3,0.9));
#3220 = VECTOR('',#3221,1.);
#3221 = DIRECTION('',(1.,-1.110223024625E-16,0.));
#3222 = ORIENTED_EDGE('',*,*,#3223,.F.);
#3223 = EDGE_CURVE('',#3224,#3216,#3226,.T.);
#3224 = VERTEX_POINT('',#3225);
#3225 = CARTESIAN_POINT('',(-0.1,-0.3,7.4));
#3226 = LINE('',#3227,#3228);
#3227 = CARTESIAN_POINT('',(-0.1,-0.3,6.055738799212));
#3228 = VECTOR('',#3229,1.);
#3229 = DIRECTION('',(-0.,0.,-1.));
#3230 = ORIENTED_EDGE('',*,*,#3231,.T.);
#3231 = EDGE_CURVE('',#3224,#3232,#3234,.T.);
#3232 = VERTEX_POINT('',#3233);
#3233 = CARTESIAN_POINT('',(0.1,-0.3,7.4));
#3234 = LINE('',#3235,#3236);
#3235 = CARTESIAN_POINT('',(-0.1,-0.3,7.4));
#3236 = VECTOR('',#3237,1.);
#3237 = DIRECTION('',(1.,-1.110223024625E-16,0.));
#3238 = ORIENTED_EDGE('',*,*,#3239,.T.);
#3239 = EDGE_CURVE('',#3232,#3240,#3242,.T.);
#3240 = VERTEX_POINT('',#3241);
#3241 = CARTESIAN_POINT('',(0.1,-0.3,0.9));
#3242 = LINE('',#3243,#3244);
#3243 = CARTESIAN_POINT('',(0.1,-0.3,6.055738799212));
#3244 = VECTOR('',#3245,1.);
#3245 = DIRECTION('',(-0.,0.,-1.));
#3246 = ORIENTED_EDGE('',*,*,#3247,.T.);
#3247 = EDGE_CURVE('',#3240,#3103,#3248,.T.);
#3248 = LINE('',#3249,#3250);
#3249 = CARTESIAN_POINT('',(-0.3,-0.3,0.9));
#3250 = VECTOR('',#3251,1.);
#3251 = DIRECTION('',(1.,-1.110223024625E-16,0.));
#3252 = ORIENTED_EDGE('',*,*,#3102,.F.);
#3253 = PLANE('',#3254);
#3254 = AXIS2_PLACEMENT_3D('',#3255,#3256,#3257);
#3255 = CARTESIAN_POINT('',(-0.3,-0.3,8.2));
#3256 = DIRECTION('',(-1.110223024625E-16,-1.,0.));
#3257 = DIRECTION('',(1.,-1.110223024625E-16,0.));
#3258 = ADVANCED_FACE('',(#3259),#3270,.T.);
#3259 = FACE_BOUND('',#3260,.T.);
#3260 = EDGE_LOOP('',(#3261,#3267,#3268,#3269));
#3261 = ORIENTED_EDGE('',*,*,#3262,.T.);
#3262 = EDGE_CURVE('',#1616,#1552,#3263,.T.);
#3263 = LINE('',#3264,#3265);
#3264 = CARTESIAN_POINT('',(-0.1,-13.,-2.5));
#3265 = VECTOR('',#3266,1.);
#3266 = DIRECTION('',(1.,-1.110223024625E-16,0.));
#3267 = ORIENTED_EDGE('',*,*,#1551,.T.);
#3268 = ORIENTED_EDGE('',*,*,#1536,.F.);
#3269 = ORIENTED_EDGE('',*,*,#1615,.F.);
#3270 = PLANE('',#3271);
#3271 = AXIS2_PLACEMENT_3D('',#3272,#3273,#3274);
#3272 = CARTESIAN_POINT('',(-0.1,-13.,-2.5));
#3273 = DIRECTION('',(-1.110223024625E-16,-1.,0.));
#3274 = DIRECTION('',(0.,0.,1.));
#3275 = ADVANCED_FACE('',(#3276),#3287,.T.);
#3276 = FACE_BOUND('',#3277,.T.);
#3277 = EDGE_LOOP('',(#3278,#3284,#3285,#3286));
#3278 = ORIENTED_EDGE('',*,*,#3279,.T.);
#3279 = EDGE_CURVE('',#1641,#1577,#3280,.T.);
#3280 = LINE('',#3281,#3282);
#3281 = CARTESIAN_POINT('',(-0.1,-12.85,-3.1));
#3282 = VECTOR('',#3283,1.);
#3283 = DIRECTION('',(1.,-1.110223024625E-16,0.));
#3284 = ORIENTED_EDGE('',*,*,#1584,.T.);
#3285 = ORIENTED_EDGE('',*,*,#3262,.F.);
#3286 = ORIENTED_EDGE('',*,*,#1648,.F.);
#3287 = PLANE('',#3288);
#3288 = AXIS2_PLACEMENT_3D('',#3289,#3290,#3291);
#3289 = CARTESIAN_POINT('',(-0.1,-12.85,-3.1));
#3290 = DIRECTION('',(-1.077074540829E-16,-0.970142500145,
    -0.242535625036));
#3291 = DIRECTION('',(-2.692686352073E-17,-0.242535625036,0.970142500145
    ));
#3292 = ADVANCED_FACE('',(#3293),#3304,.T.);
#3293 = FACE_BOUND('',#3294,.T.);
#3294 = EDGE_LOOP('',(#3295,#3301,#3302,#3303));
#3295 = ORIENTED_EDGE('',*,*,#3296,.T.);
#3296 = EDGE_CURVE('',#1633,#1569,#3297,.T.);
#3297 = LINE('',#3298,#3299);
#3298 = CARTESIAN_POINT('',(-0.1,-12.55,-3.1));
#3299 = VECTOR('',#3300,1.);
#3300 = DIRECTION('',(1.,-1.110223024625E-16,0.));
#3301 = ORIENTED_EDGE('',*,*,#1576,.T.);
#3302 = ORIENTED_EDGE('',*,*,#3279,.F.);
#3303 = ORIENTED_EDGE('',*,*,#1640,.T.);
#3304 = PLANE('',#3305);
#3305 = AXIS2_PLACEMENT_3D('',#3306,#3307,#3308);
#3306 = CARTESIAN_POINT('',(-0.1,-12.55,-3.1));
#3307 = DIRECTION('',(0.,-0.,-1.));
#3308 = DIRECTION('',(-1.110223024625E-16,-1.,0.));
#3309 = ADVANCED_FACE('',(#3310),#3321,.T.);
#3310 = FACE_BOUND('',#3311,.T.);
#3311 = EDGE_LOOP('',(#3312,#3318,#3319,#3320));
#3312 = ORIENTED_EDGE('',*,*,#3313,.T.);
#3313 = EDGE_CURVE('',#1625,#1561,#3314,.T.);
#3314 = LINE('',#3315,#3316);
#3315 = CARTESIAN_POINT('',(-0.1,-12.4,-2.5));
#3316 = VECTOR('',#3317,1.);
#3317 = DIRECTION('',(1.,-1.110223024625E-16,0.));
#3318 = ORIENTED_EDGE('',*,*,#1568,.T.);
#3319 = ORIENTED_EDGE('',*,*,#3296,.F.);
#3320 = ORIENTED_EDGE('',*,*,#1632,.F.);
#3321 = PLANE('',#3322);
#3322 = AXIS2_PLACEMENT_3D('',#3323,#3324,#3325);
#3323 = CARTESIAN_POINT('',(-0.1,-12.4,-2.5));
#3324 = DIRECTION('',(1.077074540829E-16,0.970142500145,-0.242535625036)
  );
#3325 = DIRECTION('',(-2.692686352073E-17,-0.242535625036,
    -0.970142500145));
#3326 = ADVANCED_FACE('',(#3327),#3333,.T.);
#3327 = FACE_BOUND('',#3328,.T.);
#3328 = EDGE_LOOP('',(#3329,#3330,#3331,#3332));
#3329 = ORIENTED_EDGE('',*,*,#1598,.T.);
#3330 = ORIENTED_EDGE('',*,*,#1560,.T.);
#3331 = ORIENTED_EDGE('',*,*,#3313,.F.);
#3332 = ORIENTED_EDGE('',*,*,#1624,.F.);
#3333 = PLANE('',#3334);
#3334 = AXIS2_PLACEMENT_3D('',#3335,#3336,#3337);
#3335 = CARTESIAN_POINT('',(-0.1,-12.4,0.2));
#3336 = DIRECTION('',(1.110223024625E-16,1.,0.));
#3337 = DIRECTION('',(0.,0.,-1.));
#3338 = ADVANCED_FACE('',(#3339),#3350,.T.);
#3339 = FACE_BOUND('',#3340,.T.);
#3340 = EDGE_LOOP('',(#3341,#3347,#3348,#3349));
#3341 = ORIENTED_EDGE('',*,*,#3342,.T.);
#3342 = EDGE_CURVE('',#1744,#1680,#3343,.T.);
#3343 = LINE('',#3344,#3345);
#3344 = CARTESIAN_POINT('',(-0.1,-10.46,-2.5));
#3345 = VECTOR('',#3346,1.);
#3346 = DIRECTION('',(1.,-1.110223024625E-16,0.));
#3347 = ORIENTED_EDGE('',*,*,#1679,.T.);
#3348 = ORIENTED_EDGE('',*,*,#1664,.F.);
#3349 = ORIENTED_EDGE('',*,*,#1743,.F.);
#3350 = PLANE('',#3351);
#3351 = AXIS2_PLACEMENT_3D('',#3352,#3353,#3354);
#3352 = CARTESIAN_POINT('',(-0.1,-10.46,-2.5));
#3353 = DIRECTION('',(-1.110223024625E-16,-1.,0.));
#3354 = DIRECTION('',(0.,0.,1.));
#3355 = ADVANCED_FACE('',(#3356),#3367,.T.);
#3356 = FACE_BOUND('',#3357,.T.);
#3357 = EDGE_LOOP('',(#3358,#3364,#3365,#3366));
#3358 = ORIENTED_EDGE('',*,*,#3359,.T.);
#3359 = EDGE_CURVE('',#1769,#1705,#3360,.T.);
#3360 = LINE('',#3361,#3362);
#3361 = CARTESIAN_POINT('',(-0.1,-10.31,-3.1));
#3362 = VECTOR('',#3363,1.);
#3363 = DIRECTION('',(1.,-1.110223024625E-16,0.));
#3364 = ORIENTED_EDGE('',*,*,#1712,.T.);
#3365 = ORIENTED_EDGE('',*,*,#3342,.F.);
#3366 = ORIENTED_EDGE('',*,*,#1776,.F.);
#3367 = PLANE('',#3368);
#3368 = AXIS2_PLACEMENT_3D('',#3369,#3370,#3371);
#3369 = CARTESIAN_POINT('',(-0.1,-10.31,-3.1));
#3370 = DIRECTION('',(-1.077074540829E-16,-0.970142500145,
    -0.242535625036));
#3371 = DIRECTION('',(-2.692686352073E-17,-0.242535625036,0.970142500145
    ));
#3372 = ADVANCED_FACE('',(#3373),#3384,.T.);
#3373 = FACE_BOUND('',#3374,.T.);
#3374 = EDGE_LOOP('',(#3375,#3381,#3382,#3383));
#3375 = ORIENTED_EDGE('',*,*,#3376,.T.);
#3376 = EDGE_CURVE('',#1761,#1697,#3377,.T.);
#3377 = LINE('',#3378,#3379);
#3378 = CARTESIAN_POINT('',(-0.1,-10.01,-3.1));
#3379 = VECTOR('',#3380,1.);
#3380 = DIRECTION('',(1.,-1.110223024625E-16,0.));
#3381 = ORIENTED_EDGE('',*,*,#1704,.T.);
#3382 = ORIENTED_EDGE('',*,*,#3359,.F.);
#3383 = ORIENTED_EDGE('',*,*,#1768,.T.);
#3384 = PLANE('',#3385);
#3385 = AXIS2_PLACEMENT_3D('',#3386,#3387,#3388);
#3386 = CARTESIAN_POINT('',(-0.1,-10.01,-3.1));
#3387 = DIRECTION('',(0.,-0.,-1.));
#3388 = DIRECTION('',(-1.110223024625E-16,-1.,0.));
#3389 = ADVANCED_FACE('',(#3390),#3401,.T.);
#3390 = FACE_BOUND('',#3391,.T.);
#3391 = EDGE_LOOP('',(#3392,#3398,#3399,#3400));
#3392 = ORIENTED_EDGE('',*,*,#3393,.T.);
#3393 = EDGE_CURVE('',#1753,#1689,#3394,.T.);
#3394 = LINE('',#3395,#3396);
#3395 = CARTESIAN_POINT('',(-0.1,-9.86,-2.5));
#3396 = VECTOR('',#3397,1.);
#3397 = DIRECTION('',(1.,-1.110223024625E-16,0.));
#3398 = ORIENTED_EDGE('',*,*,#1696,.T.);
#3399 = ORIENTED_EDGE('',*,*,#3376,.F.);
#3400 = ORIENTED_EDGE('',*,*,#1760,.F.);
#3401 = PLANE('',#3402);
#3402 = AXIS2_PLACEMENT_3D('',#3403,#3404,#3405);
#3403 = CARTESIAN_POINT('',(-0.1,-9.86,-2.5));
#3404 = DIRECTION('',(1.077074540829E-16,0.970142500145,-0.242535625036)
  );
#3405 = DIRECTION('',(-2.692686352073E-17,-0.242535625036,
    -0.970142500145));
#3406 = ADVANCED_FACE('',(#3407),#3413,.T.);
#3407 = FACE_BOUND('',#3408,.T.);
#3408 = EDGE_LOOP('',(#3409,#3410,#3411,#3412));
#3409 = ORIENTED_EDGE('',*,*,#1726,.T.);
#3410 = ORIENTED_EDGE('',*,*,#1688,.T.);
#3411 = ORIENTED_EDGE('',*,*,#3393,.F.);
#3412 = ORIENTED_EDGE('',*,*,#1752,.F.);
#3413 = PLANE('',#3414);
#3414 = AXIS2_PLACEMENT_3D('',#3415,#3416,#3417);
#3415 = CARTESIAN_POINT('',(-0.1,-9.86,0.2));
#3416 = DIRECTION('',(1.110223024625E-16,1.,0.));
#3417 = DIRECTION('',(0.,0.,-1.));
#3418 = ADVANCED_FACE('',(#3419),#3430,.T.);
#3419 = FACE_BOUND('',#3420,.T.);
#3420 = EDGE_LOOP('',(#3421,#3427,#3428,#3429));
#3421 = ORIENTED_EDGE('',*,*,#3422,.T.);
#3422 = EDGE_CURVE('',#1872,#1808,#3423,.T.);
#3423 = LINE('',#3424,#3425);
#3424 = CARTESIAN_POINT('',(-0.1,-7.92,-2.5));
#3425 = VECTOR('',#3426,1.);
#3426 = DIRECTION('',(1.,-1.110223024625E-16,0.));
#3427 = ORIENTED_EDGE('',*,*,#1807,.T.);
#3428 = ORIENTED_EDGE('',*,*,#1792,.F.);
#3429 = ORIENTED_EDGE('',*,*,#1871,.F.);
#3430 = PLANE('',#3431);
#3431 = AXIS2_PLACEMENT_3D('',#3432,#3433,#3434);
#3432 = CARTESIAN_POINT('',(-0.1,-7.92,-2.5));
#3433 = DIRECTION('',(-1.110223024625E-16,-1.,0.));
#3434 = DIRECTION('',(0.,0.,1.));
#3435 = ADVANCED_FACE('',(#3436),#3447,.T.);
#3436 = FACE_BOUND('',#3437,.T.);
#3437 = EDGE_LOOP('',(#3438,#3444,#3445,#3446));
#3438 = ORIENTED_EDGE('',*,*,#3439,.T.);
#3439 = EDGE_CURVE('',#1897,#1833,#3440,.T.);
#3440 = LINE('',#3441,#3442);
#3441 = CARTESIAN_POINT('',(-0.1,-7.77,-3.1));
#3442 = VECTOR('',#3443,1.);
#3443 = DIRECTION('',(1.,-1.110223024625E-16,0.));
#3444 = ORIENTED_EDGE('',*,*,#1840,.T.);
#3445 = ORIENTED_EDGE('',*,*,#3422,.F.);
#3446 = ORIENTED_EDGE('',*,*,#1904,.F.);
#3447 = PLANE('',#3448);
#3448 = AXIS2_PLACEMENT_3D('',#3449,#3450,#3451);
#3449 = CARTESIAN_POINT('',(-0.1,-7.77,-3.1));
#3450 = DIRECTION('',(-1.077074540829E-16,-0.970142500145,
    -0.242535625036));
#3451 = DIRECTION('',(-2.692686352073E-17,-0.242535625036,0.970142500145
    ));
#3452 = ADVANCED_FACE('',(#3453),#3464,.T.);
#3453 = FACE_BOUND('',#3454,.T.);
#3454 = EDGE_LOOP('',(#3455,#3461,#3462,#3463));
#3455 = ORIENTED_EDGE('',*,*,#3456,.T.);
#3456 = EDGE_CURVE('',#1889,#1825,#3457,.T.);
#3457 = LINE('',#3458,#3459);
#3458 = CARTESIAN_POINT('',(-0.1,-7.47,-3.1));
#3459 = VECTOR('',#3460,1.);
#3460 = DIRECTION('',(1.,-1.110223024625E-16,0.));
#3461 = ORIENTED_EDGE('',*,*,#1832,.T.);
#3462 = ORIENTED_EDGE('',*,*,#3439,.F.);
#3463 = ORIENTED_EDGE('',*,*,#1896,.T.);
#3464 = PLANE('',#3465);
#3465 = AXIS2_PLACEMENT_3D('',#3466,#3467,#3468);
#3466 = CARTESIAN_POINT('',(-0.1,-7.47,-3.1));
#3467 = DIRECTION('',(0.,-0.,-1.));
#3468 = DIRECTION('',(-1.110223024625E-16,-1.,0.));
#3469 = ADVANCED_FACE('',(#3470),#3481,.T.);
#3470 = FACE_BOUND('',#3471,.T.);
#3471 = EDGE_LOOP('',(#3472,#3478,#3479,#3480));
#3472 = ORIENTED_EDGE('',*,*,#3473,.T.);
#3473 = EDGE_CURVE('',#1881,#1817,#3474,.T.);
#3474 = LINE('',#3475,#3476);
#3475 = CARTESIAN_POINT('',(-0.1,-7.32,-2.5));
#3476 = VECTOR('',#3477,1.);
#3477 = DIRECTION('',(1.,-1.110223024625E-16,0.));
#3478 = ORIENTED_EDGE('',*,*,#1824,.T.);
#3479 = ORIENTED_EDGE('',*,*,#3456,.F.);
#3480 = ORIENTED_EDGE('',*,*,#1888,.F.);
#3481 = PLANE('',#3482);
#3482 = AXIS2_PLACEMENT_3D('',#3483,#3484,#3485);
#3483 = CARTESIAN_POINT('',(-0.1,-7.32,-2.5));
#3484 = DIRECTION('',(1.077074540829E-16,0.970142500145,-0.242535625036)
  );
#3485 = DIRECTION('',(-2.692686352073E-17,-0.242535625036,
    -0.970142500145));
#3486 = ADVANCED_FACE('',(#3487),#3493,.T.);
#3487 = FACE_BOUND('',#3488,.T.);
#3488 = EDGE_LOOP('',(#3489,#3490,#3491,#3492));
#3489 = ORIENTED_EDGE('',*,*,#1854,.T.);
#3490 = ORIENTED_EDGE('',*,*,#1816,.T.);
#3491 = ORIENTED_EDGE('',*,*,#3473,.F.);
#3492 = ORIENTED_EDGE('',*,*,#1880,.F.);
#3493 = PLANE('',#3494);
#3494 = AXIS2_PLACEMENT_3D('',#3495,#3496,#3497);
#3495 = CARTESIAN_POINT('',(-0.1,-7.32,0.2));
#3496 = DIRECTION('',(1.110223024625E-16,1.,0.));
#3497 = DIRECTION('',(0.,0.,-1.));
#3498 = ADVANCED_FACE('',(#3499),#3510,.T.);
#3499 = FACE_BOUND('',#3500,.T.);
#3500 = EDGE_LOOP('',(#3501,#3507,#3508,#3509));
#3501 = ORIENTED_EDGE('',*,*,#3502,.T.);
#3502 = EDGE_CURVE('',#2000,#1936,#3503,.T.);
#3503 = LINE('',#3504,#3505);
#3504 = CARTESIAN_POINT('',(-0.1,-5.38,-2.5));
#3505 = VECTOR('',#3506,1.);
#3506 = DIRECTION('',(1.,-1.110223024625E-16,0.));
#3507 = ORIENTED_EDGE('',*,*,#1935,.T.);
#3508 = ORIENTED_EDGE('',*,*,#1920,.F.);
#3509 = ORIENTED_EDGE('',*,*,#1999,.F.);
#3510 = PLANE('',#3511);
#3511 = AXIS2_PLACEMENT_3D('',#3512,#3513,#3514);
#3512 = CARTESIAN_POINT('',(-0.1,-5.38,-2.5));
#3513 = DIRECTION('',(-1.110223024625E-16,-1.,0.));
#3514 = DIRECTION('',(0.,0.,1.));
#3515 = ADVANCED_FACE('',(#3516),#3527,.T.);
#3516 = FACE_BOUND('',#3517,.T.);
#3517 = EDGE_LOOP('',(#3518,#3524,#3525,#3526));
#3518 = ORIENTED_EDGE('',*,*,#3519,.T.);
#3519 = EDGE_CURVE('',#2025,#1961,#3520,.T.);
#3520 = LINE('',#3521,#3522);
#3521 = CARTESIAN_POINT('',(-0.1,-5.23,-3.1));
#3522 = VECTOR('',#3523,1.);
#3523 = DIRECTION('',(1.,-1.110223024625E-16,0.));
#3524 = ORIENTED_EDGE('',*,*,#1968,.T.);
#3525 = ORIENTED_EDGE('',*,*,#3502,.F.);
#3526 = ORIENTED_EDGE('',*,*,#2032,.F.);
#3527 = PLANE('',#3528);
#3528 = AXIS2_PLACEMENT_3D('',#3529,#3530,#3531);
#3529 = CARTESIAN_POINT('',(-0.1,-5.23,-3.1));
#3530 = DIRECTION('',(-1.077074540829E-16,-0.970142500145,
    -0.242535625036));
#3531 = DIRECTION('',(-2.692686352073E-17,-0.242535625036,0.970142500145
    ));
#3532 = ADVANCED_FACE('',(#3533),#3544,.T.);
#3533 = FACE_BOUND('',#3534,.T.);
#3534 = EDGE_LOOP('',(#3535,#3541,#3542,#3543));
#3535 = ORIENTED_EDGE('',*,*,#3536,.T.);
#3536 = EDGE_CURVE('',#2017,#1953,#3537,.T.);
#3537 = LINE('',#3538,#3539);
#3538 = CARTESIAN_POINT('',(-0.1,-4.93,-3.1));
#3539 = VECTOR('',#3540,1.);
#3540 = DIRECTION('',(1.,-1.110223024625E-16,0.));
#3541 = ORIENTED_EDGE('',*,*,#1960,.T.);
#3542 = ORIENTED_EDGE('',*,*,#3519,.F.);
#3543 = ORIENTED_EDGE('',*,*,#2024,.T.);
#3544 = PLANE('',#3545);
#3545 = AXIS2_PLACEMENT_3D('',#3546,#3547,#3548);
#3546 = CARTESIAN_POINT('',(-0.1,-4.93,-3.1));
#3547 = DIRECTION('',(0.,-0.,-1.));
#3548 = DIRECTION('',(-1.110223024625E-16,-1.,0.));
#3549 = ADVANCED_FACE('',(#3550),#3561,.T.);
#3550 = FACE_BOUND('',#3551,.T.);
#3551 = EDGE_LOOP('',(#3552,#3558,#3559,#3560));
#3552 = ORIENTED_EDGE('',*,*,#3553,.T.);
#3553 = EDGE_CURVE('',#2009,#1945,#3554,.T.);
#3554 = LINE('',#3555,#3556);
#3555 = CARTESIAN_POINT('',(-0.1,-4.78,-2.5));
#3556 = VECTOR('',#3557,1.);
#3557 = DIRECTION('',(1.,-1.110223024625E-16,0.));
#3558 = ORIENTED_EDGE('',*,*,#1952,.T.);
#3559 = ORIENTED_EDGE('',*,*,#3536,.F.);
#3560 = ORIENTED_EDGE('',*,*,#2016,.F.);
#3561 = PLANE('',#3562);
#3562 = AXIS2_PLACEMENT_3D('',#3563,#3564,#3565);
#3563 = CARTESIAN_POINT('',(-0.1,-4.78,-2.5));
#3564 = DIRECTION('',(1.077074540829E-16,0.970142500145,-0.242535625036)
  );
#3565 = DIRECTION('',(-2.692686352073E-17,-0.242535625036,
    -0.970142500145));
#3566 = ADVANCED_FACE('',(#3567),#3573,.T.);
#3567 = FACE_BOUND('',#3568,.T.);
#3568 = EDGE_LOOP('',(#3569,#3570,#3571,#3572));
#3569 = ORIENTED_EDGE('',*,*,#1982,.T.);
#3570 = ORIENTED_EDGE('',*,*,#1944,.T.);
#3571 = ORIENTED_EDGE('',*,*,#3553,.F.);
#3572 = ORIENTED_EDGE('',*,*,#2008,.F.);
#3573 = PLANE('',#3574);
#3574 = AXIS2_PLACEMENT_3D('',#3575,#3576,#3577);
#3575 = CARTESIAN_POINT('',(-0.1,-4.78,0.2));
#3576 = DIRECTION('',(1.110223024625E-16,1.,0.));
#3577 = DIRECTION('',(0.,0.,-1.));
#3578 = ADVANCED_FACE('',(#3579),#3590,.T.);
#3579 = FACE_BOUND('',#3580,.T.);
#3580 = EDGE_LOOP('',(#3581,#3587,#3588,#3589));
#3581 = ORIENTED_EDGE('',*,*,#3582,.T.);
#3582 = EDGE_CURVE('',#2128,#2064,#3583,.T.);
#3583 = LINE('',#3584,#3585);
#3584 = CARTESIAN_POINT('',(-0.1,-2.84,-2.5));
#3585 = VECTOR('',#3586,1.);
#3586 = DIRECTION('',(1.,-1.110223024625E-16,0.));
#3587 = ORIENTED_EDGE('',*,*,#2063,.T.);
#3588 = ORIENTED_EDGE('',*,*,#2048,.F.);
#3589 = ORIENTED_EDGE('',*,*,#2127,.F.);
#3590 = PLANE('',#3591);
#3591 = AXIS2_PLACEMENT_3D('',#3592,#3593,#3594);
#3592 = CARTESIAN_POINT('',(-0.1,-2.84,-2.5));
#3593 = DIRECTION('',(-1.110223024625E-16,-1.,0.));
#3594 = DIRECTION('',(0.,0.,1.));
#3595 = ADVANCED_FACE('',(#3596),#3607,.T.);
#3596 = FACE_BOUND('',#3597,.T.);
#3597 = EDGE_LOOP('',(#3598,#3604,#3605,#3606));
#3598 = ORIENTED_EDGE('',*,*,#3599,.T.);
#3599 = EDGE_CURVE('',#2153,#2089,#3600,.T.);
#3600 = LINE('',#3601,#3602);
#3601 = CARTESIAN_POINT('',(-0.1,-2.69,-3.1));
#3602 = VECTOR('',#3603,1.);
#3603 = DIRECTION('',(1.,-1.110223024625E-16,0.));
#3604 = ORIENTED_EDGE('',*,*,#2096,.T.);
#3605 = ORIENTED_EDGE('',*,*,#3582,.F.);
#3606 = ORIENTED_EDGE('',*,*,#2160,.F.);
#3607 = PLANE('',#3608);
#3608 = AXIS2_PLACEMENT_3D('',#3609,#3610,#3611);
#3609 = CARTESIAN_POINT('',(-0.1,-2.69,-3.1));
#3610 = DIRECTION('',(-1.077074540829E-16,-0.970142500145,
    -0.242535625036));
#3611 = DIRECTION('',(-2.692686352073E-17,-0.242535625036,0.970142500145
    ));
#3612 = ADVANCED_FACE('',(#3613),#3624,.T.);
#3613 = FACE_BOUND('',#3614,.T.);
#3614 = EDGE_LOOP('',(#3615,#3621,#3622,#3623));
#3615 = ORIENTED_EDGE('',*,*,#3616,.T.);
#3616 = EDGE_CURVE('',#2145,#2081,#3617,.T.);
#3617 = LINE('',#3618,#3619);
#3618 = CARTESIAN_POINT('',(-0.1,-2.39,-3.1));
#3619 = VECTOR('',#3620,1.);
#3620 = DIRECTION('',(1.,-1.110223024625E-16,0.));
#3621 = ORIENTED_EDGE('',*,*,#2088,.T.);
#3622 = ORIENTED_EDGE('',*,*,#3599,.F.);
#3623 = ORIENTED_EDGE('',*,*,#2152,.T.);
#3624 = PLANE('',#3625);
#3625 = AXIS2_PLACEMENT_3D('',#3626,#3627,#3628);
#3626 = CARTESIAN_POINT('',(-0.1,-2.39,-3.1));
#3627 = DIRECTION('',(0.,-0.,-1.));
#3628 = DIRECTION('',(-1.110223024625E-16,-1.,0.));
#3629 = ADVANCED_FACE('',(#3630),#3641,.T.);
#3630 = FACE_BOUND('',#3631,.T.);
#3631 = EDGE_LOOP('',(#3632,#3638,#3639,#3640));
#3632 = ORIENTED_EDGE('',*,*,#3633,.T.);
#3633 = EDGE_CURVE('',#2137,#2073,#3634,.T.);
#3634 = LINE('',#3635,#3636);
#3635 = CARTESIAN_POINT('',(-0.1,-2.24,-2.5));
#3636 = VECTOR('',#3637,1.);
#3637 = DIRECTION('',(1.,-1.110223024625E-16,0.));
#3638 = ORIENTED_EDGE('',*,*,#2080,.T.);
#3639 = ORIENTED_EDGE('',*,*,#3616,.F.);
#3640 = ORIENTED_EDGE('',*,*,#2144,.F.);
#3641 = PLANE('',#3642);
#3642 = AXIS2_PLACEMENT_3D('',#3643,#3644,#3645);
#3643 = CARTESIAN_POINT('',(-0.1,-2.24,-2.5));
#3644 = DIRECTION('',(1.077074540829E-16,0.970142500145,-0.242535625036)
  );
#3645 = DIRECTION('',(-2.692686352073E-17,-0.242535625036,
    -0.970142500145));
#3646 = ADVANCED_FACE('',(#3647),#3653,.T.);
#3647 = FACE_BOUND('',#3648,.T.);
#3648 = EDGE_LOOP('',(#3649,#3650,#3651,#3652));
#3649 = ORIENTED_EDGE('',*,*,#2110,.T.);
#3650 = ORIENTED_EDGE('',*,*,#2072,.T.);
#3651 = ORIENTED_EDGE('',*,*,#3633,.F.);
#3652 = ORIENTED_EDGE('',*,*,#2136,.F.);
#3653 = PLANE('',#3654);
#3654 = AXIS2_PLACEMENT_3D('',#3655,#3656,#3657);
#3655 = CARTESIAN_POINT('',(-0.1,-2.24,0.2));
#3656 = DIRECTION('',(1.110223024625E-16,1.,0.));
#3657 = DIRECTION('',(0.,0.,-1.));
#3658 = ADVANCED_FACE('',(#3659),#3670,.T.);
#3659 = FACE_BOUND('',#3660,.T.);
#3660 = EDGE_LOOP('',(#3661,#3667,#3668,#3669));
#3661 = ORIENTED_EDGE('',*,*,#3662,.T.);
#3662 = EDGE_CURVE('',#2256,#2192,#3663,.T.);
#3663 = LINE('',#3664,#3665);
#3664 = CARTESIAN_POINT('',(-0.1,-0.3,-2.5));
#3665 = VECTOR('',#3666,1.);
#3666 = DIRECTION('',(1.,-1.110223024625E-16,0.));
#3667 = ORIENTED_EDGE('',*,*,#2191,.T.);
#3668 = ORIENTED_EDGE('',*,*,#2176,.F.);
#3669 = ORIENTED_EDGE('',*,*,#2255,.F.);
#3670 = PLANE('',#3671);
#3671 = AXIS2_PLACEMENT_3D('',#3672,#3673,#3674);
#3672 = CARTESIAN_POINT('',(-0.1,-0.3,-2.5));
#3673 = DIRECTION('',(-1.110223024625E-16,-1.,0.));
#3674 = DIRECTION('',(0.,0.,1.));
#3675 = ADVANCED_FACE('',(#3676),#3687,.T.);
#3676 = FACE_BOUND('',#3677,.T.);
#3677 = EDGE_LOOP('',(#3678,#3684,#3685,#3686));
#3678 = ORIENTED_EDGE('',*,*,#3679,.T.);
#3679 = EDGE_CURVE('',#2281,#2217,#3680,.T.);
#3680 = LINE('',#3681,#3682);
#3681 = CARTESIAN_POINT('',(-0.1,-0.15,-3.1));
#3682 = VECTOR('',#3683,1.);
#3683 = DIRECTION('',(1.,-1.110223024625E-16,0.));
#3684 = ORIENTED_EDGE('',*,*,#2224,.T.);
#3685 = ORIENTED_EDGE('',*,*,#3662,.F.);
#3686 = ORIENTED_EDGE('',*,*,#2288,.F.);
#3687 = PLANE('',#3688);
#3688 = AXIS2_PLACEMENT_3D('',#3689,#3690,#3691);
#3689 = CARTESIAN_POINT('',(-0.1,-0.15,-3.1));
#3690 = DIRECTION('',(-1.077074540829E-16,-0.970142500145,
    -0.242535625036));
#3691 = DIRECTION('',(-2.692686352073E-17,-0.242535625036,0.970142500145
    ));
#3692 = ADVANCED_FACE('',(#3693),#3704,.T.);
#3693 = FACE_BOUND('',#3694,.T.);
#3694 = EDGE_LOOP('',(#3695,#3701,#3702,#3703));
#3695 = ORIENTED_EDGE('',*,*,#3696,.T.);
#3696 = EDGE_CURVE('',#2273,#2209,#3697,.T.);
#3697 = LINE('',#3698,#3699);
#3698 = CARTESIAN_POINT('',(-0.1,0.15,-3.1));
#3699 = VECTOR('',#3700,1.);
#3700 = DIRECTION('',(1.,-1.110223024625E-16,0.));
#3701 = ORIENTED_EDGE('',*,*,#2216,.T.);
#3702 = ORIENTED_EDGE('',*,*,#3679,.F.);
#3703 = ORIENTED_EDGE('',*,*,#2280,.T.);
#3704 = PLANE('',#3705);
#3705 = AXIS2_PLACEMENT_3D('',#3706,#3707,#3708);
#3706 = CARTESIAN_POINT('',(-0.1,0.15,-3.1));
#3707 = DIRECTION('',(0.,-0.,-1.));
#3708 = DIRECTION('',(-1.110223024625E-16,-1.,0.));
#3709 = ADVANCED_FACE('',(#3710),#3721,.T.);
#3710 = FACE_BOUND('',#3711,.T.);
#3711 = EDGE_LOOP('',(#3712,#3718,#3719,#3720));
#3712 = ORIENTED_EDGE('',*,*,#3713,.T.);
#3713 = EDGE_CURVE('',#2265,#2201,#3714,.T.);
#3714 = LINE('',#3715,#3716);
#3715 = CARTESIAN_POINT('',(-0.1,0.3,-2.5));
#3716 = VECTOR('',#3717,1.);
#3717 = DIRECTION('',(1.,-1.110223024625E-16,0.));
#3718 = ORIENTED_EDGE('',*,*,#2208,.T.);
#3719 = ORIENTED_EDGE('',*,*,#3696,.F.);
#3720 = ORIENTED_EDGE('',*,*,#2272,.F.);
#3721 = PLANE('',#3722);
#3722 = AXIS2_PLACEMENT_3D('',#3723,#3724,#3725);
#3723 = CARTESIAN_POINT('',(-0.1,0.3,-2.5));
#3724 = DIRECTION('',(1.077074540829E-16,0.970142500145,-0.242535625036)
  );
#3725 = DIRECTION('',(-2.692686352073E-17,-0.242535625036,
    -0.970142500145));
#3726 = ADVANCED_FACE('',(#3727),#3733,.T.);
#3727 = FACE_BOUND('',#3728,.T.);
#3728 = EDGE_LOOP('',(#3729,#3730,#3731,#3732));
#3729 = ORIENTED_EDGE('',*,*,#2238,.T.);
#3730 = ORIENTED_EDGE('',*,*,#2200,.T.);
#3731 = ORIENTED_EDGE('',*,*,#3713,.F.);
#3732 = ORIENTED_EDGE('',*,*,#2264,.F.);
#3733 = PLANE('',#3734);
#3734 = AXIS2_PLACEMENT_3D('',#3735,#3736,#3737);
#3735 = CARTESIAN_POINT('',(-0.1,0.3,0.2));
#3736 = DIRECTION('',(1.110223024625E-16,1.,0.));
#3737 = DIRECTION('',(0.,0.,-1.));
#3738 = ADVANCED_FACE('',(#3739),#3750,.T.);
#3739 = FACE_BOUND('',#3740,.T.);
#3740 = EDGE_LOOP('',(#3741,#3742,#3743,#3744));
#3741 = ORIENTED_EDGE('',*,*,#2447,.T.);
#3742 = ORIENTED_EDGE('',*,*,#2310,.T.);
#3743 = ORIENTED_EDGE('',*,*,#2335,.T.);
#3744 = ORIENTED_EDGE('',*,*,#3745,.T.);
#3745 = EDGE_CURVE('',#2336,#2440,#3746,.T.);
#3746 = LINE('',#3747,#3748);
#3747 = CARTESIAN_POINT('',(0.1,-12.7,0.9));
#3748 = VECTOR('',#3749,1.);
#3749 = DIRECTION('',(-1.110223024625E-16,-1.,0.));
#3750 = PLANE('',#3751);
#3751 = AXIS2_PLACEMENT_3D('',#3752,#3753,#3754);
#3752 = CARTESIAN_POINT('',(-1.492093485804E-15,-12.7,0.9));
#3753 = DIRECTION('',(0.,0.,1.));
#3754 = DIRECTION('',(1.110223024625E-16,1.,-0.));
#3755 = ADVANCED_FACE('',(#3756),#3767,.T.);
#3756 = FACE_BOUND('',#3757,.T.);
#3757 = EDGE_LOOP('',(#3758,#3759,#3765,#3766));
#3758 = ORIENTED_EDGE('',*,*,#2415,.T.);
#3759 = ORIENTED_EDGE('',*,*,#3760,.F.);
#3760 = EDGE_CURVE('',#2360,#2416,#3761,.T.);
#3761 = LINE('',#3762,#3763);
#3762 = CARTESIAN_POINT('',(-0.1,-12.7,0.9));
#3763 = VECTOR('',#3764,1.);
#3764 = DIRECTION('',(-1.110223024625E-16,-1.,0.));
#3765 = ORIENTED_EDGE('',*,*,#2367,.T.);
#3766 = ORIENTED_EDGE('',*,*,#2390,.T.);
#3767 = PLANE('',#3768);
#3768 = AXIS2_PLACEMENT_3D('',#3769,#3770,#3771);
#3769 = CARTESIAN_POINT('',(-1.492093485804E-15,-12.7,0.9));
#3770 = DIRECTION('',(0.,0.,1.));
#3771 = DIRECTION('',(1.110223024625E-16,1.,-0.));
#3772 = ADVANCED_FACE('',(#3773),#3816,.T.);
#3773 = FACE_BOUND('',#3774,.T.);
#3774 = EDGE_LOOP('',(#3775,#3776,#3784,#3792,#3800,#3808,#3814,#3815));
#3775 = ORIENTED_EDGE('',*,*,#2423,.F.);
#3776 = ORIENTED_EDGE('',*,*,#3777,.T.);
#3777 = EDGE_CURVE('',#2424,#3778,#3780,.T.);
#3778 = VERTEX_POINT('',#3779);
#3779 = CARTESIAN_POINT('',(-0.1,-12.95,7.35));
#3780 = LINE('',#3781,#3782);
#3781 = CARTESIAN_POINT('',(-0.1,-13.,7.4));
#3782 = VECTOR('',#3783,1.);
#3783 = DIRECTION('',(7.850462293414E-17,0.707106781187,-0.707106781187)
  );
#3784 = ORIENTED_EDGE('',*,*,#3785,.T.);
#3785 = EDGE_CURVE('',#3778,#3786,#3788,.T.);
#3786 = VERTEX_POINT('',#3787);
#3787 = CARTESIAN_POINT('',(-0.1,-12.95,1.25));
#3788 = LINE('',#3789,#3790);
#3789 = CARTESIAN_POINT('',(-0.1,-12.95,7.35));
#3790 = VECTOR('',#3791,1.);
#3791 = DIRECTION('',(0.,0.,-1.));
#3792 = ORIENTED_EDGE('',*,*,#3793,.T.);
#3793 = EDGE_CURVE('',#3786,#3794,#3796,.T.);
#3794 = VERTEX_POINT('',#3795);
#3795 = CARTESIAN_POINT('',(-0.1,-12.45,1.25));
#3796 = LINE('',#3797,#3798);
#3797 = CARTESIAN_POINT('',(-0.1,-12.95,1.25));
#3798 = VECTOR('',#3799,1.);
#3799 = DIRECTION('',(1.110223024625E-16,1.,0.));
#3800 = ORIENTED_EDGE('',*,*,#3801,.T.);
#3801 = EDGE_CURVE('',#3794,#3802,#3804,.T.);
#3802 = VERTEX_POINT('',#3803);
#3803 = CARTESIAN_POINT('',(-0.1,-12.45,7.35));
#3804 = LINE('',#3805,#3806);
#3805 = CARTESIAN_POINT('',(-0.1,-12.45,1.25));
#3806 = VECTOR('',#3807,1.);
#3807 = DIRECTION('',(0.,0.,1.));
#3808 = ORIENTED_EDGE('',*,*,#3809,.T.);
#3809 = EDGE_CURVE('',#3802,#2352,#3810,.T.);
#3810 = LINE('',#3811,#3812);
#3811 = CARTESIAN_POINT('',(-0.1,-12.45,7.35));
#3812 = VECTOR('',#3813,1.);
#3813 = DIRECTION('',(7.850462293414E-17,0.707106781187,0.707106781187)
  );
#3814 = ORIENTED_EDGE('',*,*,#2359,.F.);
#3815 = ORIENTED_EDGE('',*,*,#3760,.T.);
#3816 = PLANE('',#3817);
#3817 = AXIS2_PLACEMENT_3D('',#3818,#3819,#3820);
#3818 = CARTESIAN_POINT('',(-0.1,-12.7,3.911477598424));
#3819 = DIRECTION('',(-1.,1.110223024625E-16,0.));
#3820 = DIRECTION('',(0.,0.,1.));
#3821 = ADVANCED_FACE('',(#3822),#3840,.T.);
#3822 = FACE_BOUND('',#3823,.T.);
#3823 = EDGE_LOOP('',(#3824,#3832,#3838,#3839));
#3824 = ORIENTED_EDGE('',*,*,#3825,.T.);
#3825 = EDGE_CURVE('',#3802,#3826,#3828,.T.);
#3826 = VERTEX_POINT('',#3827);
#3827 = CARTESIAN_POINT('',(0.1,-12.45,7.35));
#3828 = LINE('',#3829,#3830);
#3829 = CARTESIAN_POINT('',(-0.1,-12.45,7.35));
#3830 = VECTOR('',#3831,1.);
#3831 = DIRECTION('',(1.,-1.110223024625E-16,0.));
#3832 = ORIENTED_EDGE('',*,*,#3833,.T.);
#3833 = EDGE_CURVE('',#3826,#2344,#3834,.T.);
#3834 = LINE('',#3835,#3836);
#3835 = CARTESIAN_POINT('',(0.1,-12.45,7.35));
#3836 = VECTOR('',#3837,1.);
#3837 = DIRECTION('',(7.850462293414E-17,0.707106781187,0.707106781187)
  );
#3838 = ORIENTED_EDGE('',*,*,#2351,.F.);
#3839 = ORIENTED_EDGE('',*,*,#3809,.F.);
#3840 = PLANE('',#3841);
#3841 = AXIS2_PLACEMENT_3D('',#3842,#3843,#3844);
#3842 = CARTESIAN_POINT('',(-0.1,-12.45,7.35));
#3843 = DIRECTION('',(-7.850462293414E-17,-0.707106781187,0.707106781187
    ));
#3844 = DIRECTION('',(7.850462293414E-17,0.707106781187,0.707106781187)
  );
#3845 = ADVANCED_FACE('',(#3846),#3882,.F.);
#3846 = FACE_BOUND('',#3847,.F.);
#3847 = EDGE_LOOP('',(#3848,#3849,#3857,#3865,#3873,#3879,#3880,#3881));
#3848 = ORIENTED_EDGE('',*,*,#2439,.F.);
#3849 = ORIENTED_EDGE('',*,*,#3850,.T.);
#3850 = EDGE_CURVE('',#2432,#3851,#3853,.T.);
#3851 = VERTEX_POINT('',#3852);
#3852 = CARTESIAN_POINT('',(0.1,-12.95,7.35));
#3853 = LINE('',#3854,#3855);
#3854 = CARTESIAN_POINT('',(0.1,-13.,7.4));
#3855 = VECTOR('',#3856,1.);
#3856 = DIRECTION('',(7.850462293414E-17,0.707106781187,-0.707106781187)
  );
#3857 = ORIENTED_EDGE('',*,*,#3858,.T.);
#3858 = EDGE_CURVE('',#3851,#3859,#3861,.T.);
#3859 = VERTEX_POINT('',#3860);
#3860 = CARTESIAN_POINT('',(0.1,-12.95,1.25));
#3861 = LINE('',#3862,#3863);
#3862 = CARTESIAN_POINT('',(0.1,-12.95,7.35));
#3863 = VECTOR('',#3864,1.);
#3864 = DIRECTION('',(0.,0.,-1.));
#3865 = ORIENTED_EDGE('',*,*,#3866,.T.);
#3866 = EDGE_CURVE('',#3859,#3867,#3869,.T.);
#3867 = VERTEX_POINT('',#3868);
#3868 = CARTESIAN_POINT('',(0.1,-12.45,1.25));
#3869 = LINE('',#3870,#3871);
#3870 = CARTESIAN_POINT('',(0.1,-12.95,1.25));
#3871 = VECTOR('',#3872,1.);
#3872 = DIRECTION('',(1.110223024625E-16,1.,0.));
#3873 = ORIENTED_EDGE('',*,*,#3874,.T.);
#3874 = EDGE_CURVE('',#3867,#3826,#3875,.T.);
#3875 = LINE('',#3876,#3877);
#3876 = CARTESIAN_POINT('',(0.1,-12.45,1.25));
#3877 = VECTOR('',#3878,1.);
#3878 = DIRECTION('',(0.,0.,1.));
#3879 = ORIENTED_EDGE('',*,*,#3833,.T.);
#3880 = ORIENTED_EDGE('',*,*,#2343,.F.);
#3881 = ORIENTED_EDGE('',*,*,#3745,.T.);
#3882 = PLANE('',#3883);
#3883 = AXIS2_PLACEMENT_3D('',#3884,#3885,#3886);
#3884 = CARTESIAN_POINT('',(0.1,-12.7,3.911477598424));
#3885 = DIRECTION('',(-1.,1.110223024625E-16,0.));
#3886 = DIRECTION('',(0.,0.,1.));
#3887 = ADVANCED_FACE('',(#3888),#3899,.T.);
#3888 = FACE_BOUND('',#3889,.T.);
#3889 = EDGE_LOOP('',(#3890,#3891,#3892,#3898));
#3890 = ORIENTED_EDGE('',*,*,#2431,.T.);
#3891 = ORIENTED_EDGE('',*,*,#3850,.T.);
#3892 = ORIENTED_EDGE('',*,*,#3893,.F.);
#3893 = EDGE_CURVE('',#3778,#3851,#3894,.T.);
#3894 = LINE('',#3895,#3896);
#3895 = CARTESIAN_POINT('',(-0.1,-12.95,7.35));
#3896 = VECTOR('',#3897,1.);
#3897 = DIRECTION('',(1.,-1.110223024625E-16,0.));
#3898 = ORIENTED_EDGE('',*,*,#3777,.F.);
#3899 = PLANE('',#3900);
#3900 = AXIS2_PLACEMENT_3D('',#3901,#3902,#3903);
#3901 = CARTESIAN_POINT('',(-0.1,-13.,7.4));
#3902 = DIRECTION('',(7.850462293414E-17,0.707106781187,0.707106781187)
  );
#3903 = DIRECTION('',(7.850462293414E-17,0.707106781187,-0.707106781187)
  );
#3904 = ADVANCED_FACE('',(#3905),#3916,.T.);
#3905 = FACE_BOUND('',#3906,.T.);
#3906 = EDGE_LOOP('',(#3907,#3908,#3909,#3910));
#3907 = ORIENTED_EDGE('',*,*,#2607,.T.);
#3908 = ORIENTED_EDGE('',*,*,#2470,.T.);
#3909 = ORIENTED_EDGE('',*,*,#2495,.T.);
#3910 = ORIENTED_EDGE('',*,*,#3911,.T.);
#3911 = EDGE_CURVE('',#2496,#2600,#3912,.T.);
#3912 = LINE('',#3913,#3914);
#3913 = CARTESIAN_POINT('',(0.1,-10.16,0.9));
#3914 = VECTOR('',#3915,1.);
#3915 = DIRECTION('',(-1.110223024625E-16,-1.,0.));
#3916 = PLANE('',#3917);
#3917 = AXIS2_PLACEMENT_3D('',#3918,#3919,#3920);
#3918 = CARTESIAN_POINT('',(-1.210096837549E-15,-10.16,0.9));
#3919 = DIRECTION('',(0.,0.,1.));
#3920 = DIRECTION('',(1.110223024625E-16,1.,-0.));
#3921 = ADVANCED_FACE('',(#3922),#3933,.T.);
#3922 = FACE_BOUND('',#3923,.T.);
#3923 = EDGE_LOOP('',(#3924,#3925,#3931,#3932));
#3924 = ORIENTED_EDGE('',*,*,#2575,.T.);
#3925 = ORIENTED_EDGE('',*,*,#3926,.F.);
#3926 = EDGE_CURVE('',#2520,#2576,#3927,.T.);
#3927 = LINE('',#3928,#3929);
#3928 = CARTESIAN_POINT('',(-0.1,-10.16,0.9));
#3929 = VECTOR('',#3930,1.);
#3930 = DIRECTION('',(-1.110223024625E-16,-1.,0.));
#3931 = ORIENTED_EDGE('',*,*,#2527,.T.);
#3932 = ORIENTED_EDGE('',*,*,#2550,.T.);
#3933 = PLANE('',#3934);
#3934 = AXIS2_PLACEMENT_3D('',#3935,#3936,#3937);
#3935 = CARTESIAN_POINT('',(-1.210096837549E-15,-10.16,0.9));
#3936 = DIRECTION('',(0.,0.,1.));
#3937 = DIRECTION('',(1.110223024625E-16,1.,-0.));
#3938 = ADVANCED_FACE('',(#3939),#3982,.T.);
#3939 = FACE_BOUND('',#3940,.T.);
#3940 = EDGE_LOOP('',(#3941,#3942,#3950,#3958,#3966,#3974,#3980,#3981));
#3941 = ORIENTED_EDGE('',*,*,#2583,.F.);
#3942 = ORIENTED_EDGE('',*,*,#3943,.T.);
#3943 = EDGE_CURVE('',#2584,#3944,#3946,.T.);
#3944 = VERTEX_POINT('',#3945);
#3945 = CARTESIAN_POINT('',(-0.1,-10.41,7.35));
#3946 = LINE('',#3947,#3948);
#3947 = CARTESIAN_POINT('',(-0.1,-10.46,7.4));
#3948 = VECTOR('',#3949,1.);
#3949 = DIRECTION('',(7.850462293414E-17,0.707106781187,-0.707106781187)
  );
#3950 = ORIENTED_EDGE('',*,*,#3951,.T.);
#3951 = EDGE_CURVE('',#3944,#3952,#3954,.T.);
#3952 = VERTEX_POINT('',#3953);
#3953 = CARTESIAN_POINT('',(-0.1,-10.41,1.25));
#3954 = LINE('',#3955,#3956);
#3955 = CARTESIAN_POINT('',(-0.1,-10.41,7.35));
#3956 = VECTOR('',#3957,1.);
#3957 = DIRECTION('',(0.,0.,-1.));
#3958 = ORIENTED_EDGE('',*,*,#3959,.T.);
#3959 = EDGE_CURVE('',#3952,#3960,#3962,.T.);
#3960 = VERTEX_POINT('',#3961);
#3961 = CARTESIAN_POINT('',(-0.1,-9.91,1.25));
#3962 = LINE('',#3963,#3964);
#3963 = CARTESIAN_POINT('',(-0.1,-10.41,1.25));
#3964 = VECTOR('',#3965,1.);
#3965 = DIRECTION('',(1.110223024625E-16,1.,0.));
#3966 = ORIENTED_EDGE('',*,*,#3967,.T.);
#3967 = EDGE_CURVE('',#3960,#3968,#3970,.T.);
#3968 = VERTEX_POINT('',#3969);
#3969 = CARTESIAN_POINT('',(-0.1,-9.91,7.35));
#3970 = LINE('',#3971,#3972);
#3971 = CARTESIAN_POINT('',(-0.1,-9.91,1.25));
#3972 = VECTOR('',#3973,1.);
#3973 = DIRECTION('',(0.,0.,1.));
#3974 = ORIENTED_EDGE('',*,*,#3975,.T.);
#3975 = EDGE_CURVE('',#3968,#2512,#3976,.T.);
#3976 = LINE('',#3977,#3978);
#3977 = CARTESIAN_POINT('',(-0.1,-9.91,7.35));
#3978 = VECTOR('',#3979,1.);
#3979 = DIRECTION('',(7.850462293414E-17,0.707106781187,0.707106781187)
  );
#3980 = ORIENTED_EDGE('',*,*,#2519,.F.);
#3981 = ORIENTED_EDGE('',*,*,#3926,.T.);
#3982 = PLANE('',#3983);
#3983 = AXIS2_PLACEMENT_3D('',#3984,#3985,#3986);
#3984 = CARTESIAN_POINT('',(-0.1,-10.16,3.911477598424));
#3985 = DIRECTION('',(-1.,1.110223024625E-16,0.));
#3986 = DIRECTION('',(0.,0.,1.));
#3987 = ADVANCED_FACE('',(#3988),#4006,.T.);
#3988 = FACE_BOUND('',#3989,.T.);
#3989 = EDGE_LOOP('',(#3990,#3998,#4004,#4005));
#3990 = ORIENTED_EDGE('',*,*,#3991,.T.);
#3991 = EDGE_CURVE('',#3968,#3992,#3994,.T.);
#3992 = VERTEX_POINT('',#3993);
#3993 = CARTESIAN_POINT('',(0.1,-9.91,7.35));
#3994 = LINE('',#3995,#3996);
#3995 = CARTESIAN_POINT('',(-0.1,-9.91,7.35));
#3996 = VECTOR('',#3997,1.);
#3997 = DIRECTION('',(1.,-1.110223024625E-16,0.));
#3998 = ORIENTED_EDGE('',*,*,#3999,.T.);
#3999 = EDGE_CURVE('',#3992,#2504,#4000,.T.);
#4000 = LINE('',#4001,#4002);
#4001 = CARTESIAN_POINT('',(0.1,-9.91,7.35));
#4002 = VECTOR('',#4003,1.);
#4003 = DIRECTION('',(7.850462293414E-17,0.707106781187,0.707106781187)
  );
#4004 = ORIENTED_EDGE('',*,*,#2511,.F.);
#4005 = ORIENTED_EDGE('',*,*,#3975,.F.);
#4006 = PLANE('',#4007);
#4007 = AXIS2_PLACEMENT_3D('',#4008,#4009,#4010);
#4008 = CARTESIAN_POINT('',(-0.1,-9.91,7.35));
#4009 = DIRECTION('',(-7.850462293414E-17,-0.707106781187,0.707106781187
    ));
#4010 = DIRECTION('',(7.850462293414E-17,0.707106781187,0.707106781187)
  );
#4011 = ADVANCED_FACE('',(#4012),#4048,.F.);
#4012 = FACE_BOUND('',#4013,.F.);
#4013 = EDGE_LOOP('',(#4014,#4015,#4023,#4031,#4039,#4045,#4046,#4047));
#4014 = ORIENTED_EDGE('',*,*,#2599,.F.);
#4015 = ORIENTED_EDGE('',*,*,#4016,.T.);
#4016 = EDGE_CURVE('',#2592,#4017,#4019,.T.);
#4017 = VERTEX_POINT('',#4018);
#4018 = CARTESIAN_POINT('',(0.1,-10.41,7.35));
#4019 = LINE('',#4020,#4021);
#4020 = CARTESIAN_POINT('',(0.1,-10.46,7.4));
#4021 = VECTOR('',#4022,1.);
#4022 = DIRECTION('',(7.850462293414E-17,0.707106781187,-0.707106781187)
  );
#4023 = ORIENTED_EDGE('',*,*,#4024,.T.);
#4024 = EDGE_CURVE('',#4017,#4025,#4027,.T.);
#4025 = VERTEX_POINT('',#4026);
#4026 = CARTESIAN_POINT('',(0.1,-10.41,1.25));
#4027 = LINE('',#4028,#4029);
#4028 = CARTESIAN_POINT('',(0.1,-10.41,7.35));
#4029 = VECTOR('',#4030,1.);
#4030 = DIRECTION('',(0.,0.,-1.));
#4031 = ORIENTED_EDGE('',*,*,#4032,.T.);
#4032 = EDGE_CURVE('',#4025,#4033,#4035,.T.);
#4033 = VERTEX_POINT('',#4034);
#4034 = CARTESIAN_POINT('',(0.1,-9.91,1.25));
#4035 = LINE('',#4036,#4037);
#4036 = CARTESIAN_POINT('',(0.1,-10.41,1.25));
#4037 = VECTOR('',#4038,1.);
#4038 = DIRECTION('',(1.110223024625E-16,1.,0.));
#4039 = ORIENTED_EDGE('',*,*,#4040,.T.);
#4040 = EDGE_CURVE('',#4033,#3992,#4041,.T.);
#4041 = LINE('',#4042,#4043);
#4042 = CARTESIAN_POINT('',(0.1,-9.91,1.25));
#4043 = VECTOR('',#4044,1.);
#4044 = DIRECTION('',(0.,0.,1.));
#4045 = ORIENTED_EDGE('',*,*,#3999,.T.);
#4046 = ORIENTED_EDGE('',*,*,#2503,.F.);
#4047 = ORIENTED_EDGE('',*,*,#3911,.T.);
#4048 = PLANE('',#4049);
#4049 = AXIS2_PLACEMENT_3D('',#4050,#4051,#4052);
#4050 = CARTESIAN_POINT('',(0.1,-10.16,3.911477598424));
#4051 = DIRECTION('',(-1.,1.110223024625E-16,0.));
#4052 = DIRECTION('',(0.,0.,1.));
#4053 = ADVANCED_FACE('',(#4054),#4065,.T.);
#4054 = FACE_BOUND('',#4055,.T.);
#4055 = EDGE_LOOP('',(#4056,#4057,#4058,#4064));
#4056 = ORIENTED_EDGE('',*,*,#2591,.T.);
#4057 = ORIENTED_EDGE('',*,*,#4016,.T.);
#4058 = ORIENTED_EDGE('',*,*,#4059,.F.);
#4059 = EDGE_CURVE('',#3944,#4017,#4060,.T.);
#4060 = LINE('',#4061,#4062);
#4061 = CARTESIAN_POINT('',(-0.1,-10.41,7.35));
#4062 = VECTOR('',#4063,1.);
#4063 = DIRECTION('',(1.,-1.110223024625E-16,0.));
#4064 = ORIENTED_EDGE('',*,*,#3943,.F.);
#4065 = PLANE('',#4066);
#4066 = AXIS2_PLACEMENT_3D('',#4067,#4068,#4069);
#4067 = CARTESIAN_POINT('',(-0.1,-10.46,7.4));
#4068 = DIRECTION('',(7.850462293414E-17,0.707106781187,0.707106781187)
  );
#4069 = DIRECTION('',(7.850462293414E-17,0.707106781187,-0.707106781187)
  );
#4070 = ADVANCED_FACE('',(#4071),#4082,.T.);
#4071 = FACE_BOUND('',#4072,.T.);
#4072 = EDGE_LOOP('',(#4073,#4074,#4075,#4076));
#4073 = ORIENTED_EDGE('',*,*,#2767,.T.);
#4074 = ORIENTED_EDGE('',*,*,#2630,.T.);
#4075 = ORIENTED_EDGE('',*,*,#2655,.T.);
#4076 = ORIENTED_EDGE('',*,*,#4077,.T.);
#4077 = EDGE_CURVE('',#2656,#2760,#4078,.T.);
#4078 = LINE('',#4079,#4080);
#4079 = CARTESIAN_POINT('',(0.1,-7.62,0.9));
#4080 = VECTOR('',#4081,1.);
#4081 = DIRECTION('',(-1.110223024625E-16,-1.,0.));
#4082 = PLANE('',#4083);
#4083 = AXIS2_PLACEMENT_3D('',#4084,#4085,#4086);
#4084 = CARTESIAN_POINT('',(-9.281001892939E-16,-7.62,0.9));
#4085 = DIRECTION('',(0.,0.,1.));
#4086 = DIRECTION('',(1.110223024625E-16,1.,-0.));
#4087 = ADVANCED_FACE('',(#4088),#4099,.T.);
#4088 = FACE_BOUND('',#4089,.T.);
#4089 = EDGE_LOOP('',(#4090,#4091,#4097,#4098));
#4090 = ORIENTED_EDGE('',*,*,#2735,.T.);
#4091 = ORIENTED_EDGE('',*,*,#4092,.F.);
#4092 = EDGE_CURVE('',#2680,#2736,#4093,.T.);
#4093 = LINE('',#4094,#4095);
#4094 = CARTESIAN_POINT('',(-0.1,-7.62,0.9));
#4095 = VECTOR('',#4096,1.);
#4096 = DIRECTION('',(-1.110223024625E-16,-1.,0.));
#4097 = ORIENTED_EDGE('',*,*,#2687,.T.);
#4098 = ORIENTED_EDGE('',*,*,#2710,.T.);
#4099 = PLANE('',#4100);
#4100 = AXIS2_PLACEMENT_3D('',#4101,#4102,#4103);
#4101 = CARTESIAN_POINT('',(-9.281001892939E-16,-7.62,0.9));
#4102 = DIRECTION('',(0.,0.,1.));
#4103 = DIRECTION('',(1.110223024625E-16,1.,-0.));
#4104 = ADVANCED_FACE('',(#4105),#4148,.T.);
#4105 = FACE_BOUND('',#4106,.T.);
#4106 = EDGE_LOOP('',(#4107,#4108,#4116,#4124,#4132,#4140,#4146,#4147));
#4107 = ORIENTED_EDGE('',*,*,#2743,.F.);
#4108 = ORIENTED_EDGE('',*,*,#4109,.T.);
#4109 = EDGE_CURVE('',#2744,#4110,#4112,.T.);
#4110 = VERTEX_POINT('',#4111);
#4111 = CARTESIAN_POINT('',(-0.1,-7.87,7.35));
#4112 = LINE('',#4113,#4114);
#4113 = CARTESIAN_POINT('',(-0.1,-7.92,7.4));
#4114 = VECTOR('',#4115,1.);
#4115 = DIRECTION('',(7.850462293414E-17,0.707106781187,-0.707106781187)
  );
#4116 = ORIENTED_EDGE('',*,*,#4117,.T.);
#4117 = EDGE_CURVE('',#4110,#4118,#4120,.T.);
#4118 = VERTEX_POINT('',#4119);
#4119 = CARTESIAN_POINT('',(-0.1,-7.87,1.25));
#4120 = LINE('',#4121,#4122);
#4121 = CARTESIAN_POINT('',(-0.1,-7.87,7.35));
#4122 = VECTOR('',#4123,1.);
#4123 = DIRECTION('',(0.,0.,-1.));
#4124 = ORIENTED_EDGE('',*,*,#4125,.T.);
#4125 = EDGE_CURVE('',#4118,#4126,#4128,.T.);
#4126 = VERTEX_POINT('',#4127);
#4127 = CARTESIAN_POINT('',(-0.1,-7.37,1.25));
#4128 = LINE('',#4129,#4130);
#4129 = CARTESIAN_POINT('',(-0.1,-7.87,1.25));
#4130 = VECTOR('',#4131,1.);
#4131 = DIRECTION('',(1.110223024625E-16,1.,0.));
#4132 = ORIENTED_EDGE('',*,*,#4133,.T.);
#4133 = EDGE_CURVE('',#4126,#4134,#4136,.T.);
#4134 = VERTEX_POINT('',#4135);
#4135 = CARTESIAN_POINT('',(-0.1,-7.37,7.35));
#4136 = LINE('',#4137,#4138);
#4137 = CARTESIAN_POINT('',(-0.1,-7.37,1.25));
#4138 = VECTOR('',#4139,1.);
#4139 = DIRECTION('',(0.,0.,1.));
#4140 = ORIENTED_EDGE('',*,*,#4141,.T.);
#4141 = EDGE_CURVE('',#4134,#2672,#4142,.T.);
#4142 = LINE('',#4143,#4144);
#4143 = CARTESIAN_POINT('',(-0.1,-7.37,7.35));
#4144 = VECTOR('',#4145,1.);
#4145 = DIRECTION('',(7.850462293414E-17,0.707106781187,0.707106781187)
  );
#4146 = ORIENTED_EDGE('',*,*,#2679,.F.);
#4147 = ORIENTED_EDGE('',*,*,#4092,.T.);
#4148 = PLANE('',#4149);
#4149 = AXIS2_PLACEMENT_3D('',#4150,#4151,#4152);
#4150 = CARTESIAN_POINT('',(-0.1,-7.62,3.911477598424));
#4151 = DIRECTION('',(-1.,1.110223024625E-16,0.));
#4152 = DIRECTION('',(0.,0.,1.));
#4153 = ADVANCED_FACE('',(#4154),#4172,.T.);
#4154 = FACE_BOUND('',#4155,.T.);
#4155 = EDGE_LOOP('',(#4156,#4164,#4170,#4171));
#4156 = ORIENTED_EDGE('',*,*,#4157,.T.);
#4157 = EDGE_CURVE('',#4134,#4158,#4160,.T.);
#4158 = VERTEX_POINT('',#4159);
#4159 = CARTESIAN_POINT('',(0.1,-7.37,7.35));
#4160 = LINE('',#4161,#4162);
#4161 = CARTESIAN_POINT('',(-0.1,-7.37,7.35));
#4162 = VECTOR('',#4163,1.);
#4163 = DIRECTION('',(1.,-1.110223024625E-16,0.));
#4164 = ORIENTED_EDGE('',*,*,#4165,.T.);
#4165 = EDGE_CURVE('',#4158,#2664,#4166,.T.);
#4166 = LINE('',#4167,#4168);
#4167 = CARTESIAN_POINT('',(0.1,-7.37,7.35));
#4168 = VECTOR('',#4169,1.);
#4169 = DIRECTION('',(7.850462293414E-17,0.707106781187,0.707106781187)
  );
#4170 = ORIENTED_EDGE('',*,*,#2671,.F.);
#4171 = ORIENTED_EDGE('',*,*,#4141,.F.);
#4172 = PLANE('',#4173);
#4173 = AXIS2_PLACEMENT_3D('',#4174,#4175,#4176);
#4174 = CARTESIAN_POINT('',(-0.1,-7.37,7.35));
#4175 = DIRECTION('',(-7.850462293414E-17,-0.707106781187,0.707106781187
    ));
#4176 = DIRECTION('',(7.850462293414E-17,0.707106781187,0.707106781187)
  );
#4177 = ADVANCED_FACE('',(#4178),#4214,.F.);
#4178 = FACE_BOUND('',#4179,.F.);
#4179 = EDGE_LOOP('',(#4180,#4181,#4189,#4197,#4205,#4211,#4212,#4213));
#4180 = ORIENTED_EDGE('',*,*,#2759,.F.);
#4181 = ORIENTED_EDGE('',*,*,#4182,.T.);
#4182 = EDGE_CURVE('',#2752,#4183,#4185,.T.);
#4183 = VERTEX_POINT('',#4184);
#4184 = CARTESIAN_POINT('',(0.1,-7.87,7.35));
#4185 = LINE('',#4186,#4187);
#4186 = CARTESIAN_POINT('',(0.1,-7.92,7.4));
#4187 = VECTOR('',#4188,1.);
#4188 = DIRECTION('',(7.850462293414E-17,0.707106781187,-0.707106781187)
  );
#4189 = ORIENTED_EDGE('',*,*,#4190,.T.);
#4190 = EDGE_CURVE('',#4183,#4191,#4193,.T.);
#4191 = VERTEX_POINT('',#4192);
#4192 = CARTESIAN_POINT('',(0.1,-7.87,1.25));
#4193 = LINE('',#4194,#4195);
#4194 = CARTESIAN_POINT('',(0.1,-7.87,7.35));
#4195 = VECTOR('',#4196,1.);
#4196 = DIRECTION('',(0.,0.,-1.));
#4197 = ORIENTED_EDGE('',*,*,#4198,.T.);
#4198 = EDGE_CURVE('',#4191,#4199,#4201,.T.);
#4199 = VERTEX_POINT('',#4200);
#4200 = CARTESIAN_POINT('',(0.1,-7.37,1.25));
#4201 = LINE('',#4202,#4203);
#4202 = CARTESIAN_POINT('',(0.1,-7.87,1.25));
#4203 = VECTOR('',#4204,1.);
#4204 = DIRECTION('',(1.110223024625E-16,1.,0.));
#4205 = ORIENTED_EDGE('',*,*,#4206,.T.);
#4206 = EDGE_CURVE('',#4199,#4158,#4207,.T.);
#4207 = LINE('',#4208,#4209);
#4208 = CARTESIAN_POINT('',(0.1,-7.37,1.25));
#4209 = VECTOR('',#4210,1.);
#4210 = DIRECTION('',(0.,0.,1.));
#4211 = ORIENTED_EDGE('',*,*,#4165,.T.);
#4212 = ORIENTED_EDGE('',*,*,#2663,.F.);
#4213 = ORIENTED_EDGE('',*,*,#4077,.T.);
#4214 = PLANE('',#4215);
#4215 = AXIS2_PLACEMENT_3D('',#4216,#4217,#4218);
#4216 = CARTESIAN_POINT('',(0.1,-7.62,3.911477598424));
#4217 = DIRECTION('',(-1.,1.110223024625E-16,0.));
#4218 = DIRECTION('',(0.,0.,1.));
#4219 = ADVANCED_FACE('',(#4220),#4231,.T.);
#4220 = FACE_BOUND('',#4221,.T.);
#4221 = EDGE_LOOP('',(#4222,#4223,#4224,#4230));
#4222 = ORIENTED_EDGE('',*,*,#2751,.T.);
#4223 = ORIENTED_EDGE('',*,*,#4182,.T.);
#4224 = ORIENTED_EDGE('',*,*,#4225,.F.);
#4225 = EDGE_CURVE('',#4110,#4183,#4226,.T.);
#4226 = LINE('',#4227,#4228);
#4227 = CARTESIAN_POINT('',(-0.1,-7.87,7.35));
#4228 = VECTOR('',#4229,1.);
#4229 = DIRECTION('',(1.,-1.110223024625E-16,0.));
#4230 = ORIENTED_EDGE('',*,*,#4109,.F.);
#4231 = PLANE('',#4232);
#4232 = AXIS2_PLACEMENT_3D('',#4233,#4234,#4235);
#4233 = CARTESIAN_POINT('',(-0.1,-7.92,7.4));
#4234 = DIRECTION('',(7.850462293414E-17,0.707106781187,0.707106781187)
  );
#4235 = DIRECTION('',(7.850462293414E-17,0.707106781187,-0.707106781187)
  );
#4236 = ADVANCED_FACE('',(#4237),#4248,.T.);
#4237 = FACE_BOUND('',#4238,.T.);
#4238 = EDGE_LOOP('',(#4239,#4240,#4241,#4242));
#4239 = ORIENTED_EDGE('',*,*,#2927,.T.);
#4240 = ORIENTED_EDGE('',*,*,#2790,.T.);
#4241 = ORIENTED_EDGE('',*,*,#2815,.T.);
#4242 = ORIENTED_EDGE('',*,*,#4243,.T.);
#4243 = EDGE_CURVE('',#2816,#2920,#4244,.T.);
#4244 = LINE('',#4245,#4246);
#4245 = CARTESIAN_POINT('',(0.1,-5.08,0.9));
#4246 = VECTOR('',#4247,1.);
#4247 = DIRECTION('',(-1.110223024625E-16,-1.,0.));
#4248 = PLANE('',#4249);
#4249 = AXIS2_PLACEMENT_3D('',#4250,#4251,#4252);
#4250 = CARTESIAN_POINT('',(-6.461035410391E-16,-5.08,0.9));
#4251 = DIRECTION('',(0.,0.,1.));
#4252 = DIRECTION('',(1.110223024625E-16,1.,-0.));
#4253 = ADVANCED_FACE('',(#4254),#4265,.T.);
#4254 = FACE_BOUND('',#4255,.T.);
#4255 = EDGE_LOOP('',(#4256,#4257,#4263,#4264));
#4256 = ORIENTED_EDGE('',*,*,#2895,.T.);
#4257 = ORIENTED_EDGE('',*,*,#4258,.F.);
#4258 = EDGE_CURVE('',#2840,#2896,#4259,.T.);
#4259 = LINE('',#4260,#4261);
#4260 = CARTESIAN_POINT('',(-0.1,-5.08,0.9));
#4261 = VECTOR('',#4262,1.);
#4262 = DIRECTION('',(-1.110223024625E-16,-1.,0.));
#4263 = ORIENTED_EDGE('',*,*,#2847,.T.);
#4264 = ORIENTED_EDGE('',*,*,#2870,.T.);
#4265 = PLANE('',#4266);
#4266 = AXIS2_PLACEMENT_3D('',#4267,#4268,#4269);
#4267 = CARTESIAN_POINT('',(-6.461035410391E-16,-5.08,0.9));
#4268 = DIRECTION('',(0.,0.,1.));
#4269 = DIRECTION('',(1.110223024625E-16,1.,-0.));
#4270 = ADVANCED_FACE('',(#4271),#4314,.T.);
#4271 = FACE_BOUND('',#4272,.T.);
#4272 = EDGE_LOOP('',(#4273,#4274,#4282,#4290,#4298,#4306,#4312,#4313));
#4273 = ORIENTED_EDGE('',*,*,#2903,.F.);
#4274 = ORIENTED_EDGE('',*,*,#4275,.T.);
#4275 = EDGE_CURVE('',#2904,#4276,#4278,.T.);
#4276 = VERTEX_POINT('',#4277);
#4277 = CARTESIAN_POINT('',(-0.1,-5.33,7.35));
#4278 = LINE('',#4279,#4280);
#4279 = CARTESIAN_POINT('',(-0.1,-5.38,7.4));
#4280 = VECTOR('',#4281,1.);
#4281 = DIRECTION('',(7.850462293414E-17,0.707106781187,-0.707106781187)
  );
#4282 = ORIENTED_EDGE('',*,*,#4283,.T.);
#4283 = EDGE_CURVE('',#4276,#4284,#4286,.T.);
#4284 = VERTEX_POINT('',#4285);
#4285 = CARTESIAN_POINT('',(-0.1,-5.33,1.25));
#4286 = LINE('',#4287,#4288);
#4287 = CARTESIAN_POINT('',(-0.1,-5.33,7.35));
#4288 = VECTOR('',#4289,1.);
#4289 = DIRECTION('',(0.,0.,-1.));
#4290 = ORIENTED_EDGE('',*,*,#4291,.T.);
#4291 = EDGE_CURVE('',#4284,#4292,#4294,.T.);
#4292 = VERTEX_POINT('',#4293);
#4293 = CARTESIAN_POINT('',(-0.1,-4.83,1.25));
#4294 = LINE('',#4295,#4296);
#4295 = CARTESIAN_POINT('',(-0.1,-5.33,1.25));
#4296 = VECTOR('',#4297,1.);
#4297 = DIRECTION('',(1.110223024625E-16,1.,0.));
#4298 = ORIENTED_EDGE('',*,*,#4299,.T.);
#4299 = EDGE_CURVE('',#4292,#4300,#4302,.T.);
#4300 = VERTEX_POINT('',#4301);
#4301 = CARTESIAN_POINT('',(-0.1,-4.83,7.35));
#4302 = LINE('',#4303,#4304);
#4303 = CARTESIAN_POINT('',(-0.1,-4.83,1.25));
#4304 = VECTOR('',#4305,1.);
#4305 = DIRECTION('',(0.,0.,1.));
#4306 = ORIENTED_EDGE('',*,*,#4307,.T.);
#4307 = EDGE_CURVE('',#4300,#2832,#4308,.T.);
#4308 = LINE('',#4309,#4310);
#4309 = CARTESIAN_POINT('',(-0.1,-4.83,7.35));
#4310 = VECTOR('',#4311,1.);
#4311 = DIRECTION('',(7.850462293414E-17,0.707106781187,0.707106781187)
  );
#4312 = ORIENTED_EDGE('',*,*,#2839,.F.);
#4313 = ORIENTED_EDGE('',*,*,#4258,.T.);
#4314 = PLANE('',#4315);
#4315 = AXIS2_PLACEMENT_3D('',#4316,#4317,#4318);
#4316 = CARTESIAN_POINT('',(-0.1,-5.08,3.911477598424));
#4317 = DIRECTION('',(-1.,1.110223024625E-16,0.));
#4318 = DIRECTION('',(0.,0.,1.));
#4319 = ADVANCED_FACE('',(#4320),#4338,.T.);
#4320 = FACE_BOUND('',#4321,.T.);
#4321 = EDGE_LOOP('',(#4322,#4330,#4336,#4337));
#4322 = ORIENTED_EDGE('',*,*,#4323,.T.);
#4323 = EDGE_CURVE('',#4300,#4324,#4326,.T.);
#4324 = VERTEX_POINT('',#4325);
#4325 = CARTESIAN_POINT('',(0.1,-4.83,7.35));
#4326 = LINE('',#4327,#4328);
#4327 = CARTESIAN_POINT('',(-0.1,-4.83,7.35));
#4328 = VECTOR('',#4329,1.);
#4329 = DIRECTION('',(1.,-1.110223024625E-16,0.));
#4330 = ORIENTED_EDGE('',*,*,#4331,.T.);
#4331 = EDGE_CURVE('',#4324,#2824,#4332,.T.);
#4332 = LINE('',#4333,#4334);
#4333 = CARTESIAN_POINT('',(0.1,-4.83,7.35));
#4334 = VECTOR('',#4335,1.);
#4335 = DIRECTION('',(7.850462293414E-17,0.707106781187,0.707106781187)
  );
#4336 = ORIENTED_EDGE('',*,*,#2831,.F.);
#4337 = ORIENTED_EDGE('',*,*,#4307,.F.);
#4338 = PLANE('',#4339);
#4339 = AXIS2_PLACEMENT_3D('',#4340,#4341,#4342);
#4340 = CARTESIAN_POINT('',(-0.1,-4.83,7.35));
#4341 = DIRECTION('',(-7.850462293414E-17,-0.707106781187,0.707106781187
    ));
#4342 = DIRECTION('',(7.850462293414E-17,0.707106781187,0.707106781187)
  );
#4343 = ADVANCED_FACE('',(#4344),#4380,.F.);
#4344 = FACE_BOUND('',#4345,.F.);
#4345 = EDGE_LOOP('',(#4346,#4347,#4355,#4363,#4371,#4377,#4378,#4379));
#4346 = ORIENTED_EDGE('',*,*,#2919,.F.);
#4347 = ORIENTED_EDGE('',*,*,#4348,.T.);
#4348 = EDGE_CURVE('',#2912,#4349,#4351,.T.);
#4349 = VERTEX_POINT('',#4350);
#4350 = CARTESIAN_POINT('',(0.1,-5.33,7.35));
#4351 = LINE('',#4352,#4353);
#4352 = CARTESIAN_POINT('',(0.1,-5.38,7.4));
#4353 = VECTOR('',#4354,1.);
#4354 = DIRECTION('',(7.850462293414E-17,0.707106781187,-0.707106781187)
  );
#4355 = ORIENTED_EDGE('',*,*,#4356,.T.);
#4356 = EDGE_CURVE('',#4349,#4357,#4359,.T.);
#4357 = VERTEX_POINT('',#4358);
#4358 = CARTESIAN_POINT('',(0.1,-5.33,1.25));
#4359 = LINE('',#4360,#4361);
#4360 = CARTESIAN_POINT('',(0.1,-5.33,7.35));
#4361 = VECTOR('',#4362,1.);
#4362 = DIRECTION('',(0.,0.,-1.));
#4363 = ORIENTED_EDGE('',*,*,#4364,.T.);
#4364 = EDGE_CURVE('',#4357,#4365,#4367,.T.);
#4365 = VERTEX_POINT('',#4366);
#4366 = CARTESIAN_POINT('',(0.1,-4.83,1.25));
#4367 = LINE('',#4368,#4369);
#4368 = CARTESIAN_POINT('',(0.1,-5.33,1.25));
#4369 = VECTOR('',#4370,1.);
#4370 = DIRECTION('',(1.110223024625E-16,1.,0.));
#4371 = ORIENTED_EDGE('',*,*,#4372,.T.);
#4372 = EDGE_CURVE('',#4365,#4324,#4373,.T.);
#4373 = LINE('',#4374,#4375);
#4374 = CARTESIAN_POINT('',(0.1,-4.83,1.25));
#4375 = VECTOR('',#4376,1.);
#4376 = DIRECTION('',(0.,0.,1.));
#4377 = ORIENTED_EDGE('',*,*,#4331,.T.);
#4378 = ORIENTED_EDGE('',*,*,#2823,.F.);
#4379 = ORIENTED_EDGE('',*,*,#4243,.T.);
#4380 = PLANE('',#4381);
#4381 = AXIS2_PLACEMENT_3D('',#4382,#4383,#4384);
#4382 = CARTESIAN_POINT('',(0.1,-5.08,3.911477598424));
#4383 = DIRECTION('',(-1.,1.110223024625E-16,0.));
#4384 = DIRECTION('',(0.,0.,1.));
#4385 = ADVANCED_FACE('',(#4386),#4397,.T.);
#4386 = FACE_BOUND('',#4387,.T.);
#4387 = EDGE_LOOP('',(#4388,#4389,#4390,#4396));
#4388 = ORIENTED_EDGE('',*,*,#2911,.T.);
#4389 = ORIENTED_EDGE('',*,*,#4348,.T.);
#4390 = ORIENTED_EDGE('',*,*,#4391,.F.);
#4391 = EDGE_CURVE('',#4276,#4349,#4392,.T.);
#4392 = LINE('',#4393,#4394);
#4393 = CARTESIAN_POINT('',(-0.1,-5.33,7.35));
#4394 = VECTOR('',#4395,1.);
#4395 = DIRECTION('',(1.,-1.110223024625E-16,0.));
#4396 = ORIENTED_EDGE('',*,*,#4275,.F.);
#4397 = PLANE('',#4398);
#4398 = AXIS2_PLACEMENT_3D('',#4399,#4400,#4401);
#4399 = CARTESIAN_POINT('',(-0.1,-5.38,7.4));
#4400 = DIRECTION('',(7.850462293414E-17,0.707106781187,0.707106781187)
  );
#4401 = DIRECTION('',(7.850462293414E-17,0.707106781187,-0.707106781187)
  );
#4402 = ADVANCED_FACE('',(#4403),#4414,.T.);
#4403 = FACE_BOUND('',#4404,.T.);
#4404 = EDGE_LOOP('',(#4405,#4406,#4407,#4408));
#4405 = ORIENTED_EDGE('',*,*,#3087,.T.);
#4406 = ORIENTED_EDGE('',*,*,#2950,.T.);
#4407 = ORIENTED_EDGE('',*,*,#2975,.T.);
#4408 = ORIENTED_EDGE('',*,*,#4409,.T.);
#4409 = EDGE_CURVE('',#2976,#3080,#4410,.T.);
#4410 = LINE('',#4411,#4412);
#4411 = CARTESIAN_POINT('',(0.1,-2.54,0.9));
#4412 = VECTOR('',#4413,1.);
#4413 = DIRECTION('',(-1.110223024625E-16,-1.,0.));
#4414 = PLANE('',#4415);
#4415 = AXIS2_PLACEMENT_3D('',#4416,#4417,#4418);
#4416 = CARTESIAN_POINT('',(-3.641068927844E-16,-2.54,0.9));
#4417 = DIRECTION('',(0.,0.,1.));
#4418 = DIRECTION('',(1.110223024625E-16,1.,-0.));
#4419 = ADVANCED_FACE('',(#4420),#4431,.T.);
#4420 = FACE_BOUND('',#4421,.T.);
#4421 = EDGE_LOOP('',(#4422,#4423,#4429,#4430));
#4422 = ORIENTED_EDGE('',*,*,#3055,.T.);
#4423 = ORIENTED_EDGE('',*,*,#4424,.F.);
#4424 = EDGE_CURVE('',#3000,#3056,#4425,.T.);
#4425 = LINE('',#4426,#4427);
#4426 = CARTESIAN_POINT('',(-0.1,-2.54,0.9));
#4427 = VECTOR('',#4428,1.);
#4428 = DIRECTION('',(-1.110223024625E-16,-1.,0.));
#4429 = ORIENTED_EDGE('',*,*,#3007,.T.);
#4430 = ORIENTED_EDGE('',*,*,#3030,.T.);
#4431 = PLANE('',#4432);
#4432 = AXIS2_PLACEMENT_3D('',#4433,#4434,#4435);
#4433 = CARTESIAN_POINT('',(-3.641068927844E-16,-2.54,0.9));
#4434 = DIRECTION('',(0.,0.,1.));
#4435 = DIRECTION('',(1.110223024625E-16,1.,-0.));
#4436 = ADVANCED_FACE('',(#4437),#4480,.T.);
#4437 = FACE_BOUND('',#4438,.T.);
#4438 = EDGE_LOOP('',(#4439,#4440,#4448,#4456,#4464,#4472,#4478,#4479));
#4439 = ORIENTED_EDGE('',*,*,#3063,.F.);
#4440 = ORIENTED_EDGE('',*,*,#4441,.T.);
#4441 = EDGE_CURVE('',#3064,#4442,#4444,.T.);
#4442 = VERTEX_POINT('',#4443);
#4443 = CARTESIAN_POINT('',(-0.1,-2.79,7.35));
#4444 = LINE('',#4445,#4446);
#4445 = CARTESIAN_POINT('',(-0.1,-2.84,7.4));
#4446 = VECTOR('',#4447,1.);
#4447 = DIRECTION('',(7.850462293414E-17,0.707106781187,-0.707106781187)
  );
#4448 = ORIENTED_EDGE('',*,*,#4449,.T.);
#4449 = EDGE_CURVE('',#4442,#4450,#4452,.T.);
#4450 = VERTEX_POINT('',#4451);
#4451 = CARTESIAN_POINT('',(-0.1,-2.79,1.25));
#4452 = LINE('',#4453,#4454);
#4453 = CARTESIAN_POINT('',(-0.1,-2.79,7.35));
#4454 = VECTOR('',#4455,1.);
#4455 = DIRECTION('',(0.,0.,-1.));
#4456 = ORIENTED_EDGE('',*,*,#4457,.T.);
#4457 = EDGE_CURVE('',#4450,#4458,#4460,.T.);
#4458 = VERTEX_POINT('',#4459);
#4459 = CARTESIAN_POINT('',(-0.1,-2.29,1.25));
#4460 = LINE('',#4461,#4462);
#4461 = CARTESIAN_POINT('',(-0.1,-2.79,1.25));
#4462 = VECTOR('',#4463,1.);
#4463 = DIRECTION('',(1.110223024625E-16,1.,0.));
#4464 = ORIENTED_EDGE('',*,*,#4465,.T.);
#4465 = EDGE_CURVE('',#4458,#4466,#4468,.T.);
#4466 = VERTEX_POINT('',#4467);
#4467 = CARTESIAN_POINT('',(-0.1,-2.29,7.35));
#4468 = LINE('',#4469,#4470);
#4469 = CARTESIAN_POINT('',(-0.1,-2.29,1.25));
#4470 = VECTOR('',#4471,1.);
#4471 = DIRECTION('',(0.,0.,1.));
#4472 = ORIENTED_EDGE('',*,*,#4473,.T.);
#4473 = EDGE_CURVE('',#4466,#2992,#4474,.T.);
#4474 = LINE('',#4475,#4476);
#4475 = CARTESIAN_POINT('',(-0.1,-2.29,7.35));
#4476 = VECTOR('',#4477,1.);
#4477 = DIRECTION('',(7.850462293414E-17,0.707106781187,0.707106781187)
  );
#4478 = ORIENTED_EDGE('',*,*,#2999,.F.);
#4479 = ORIENTED_EDGE('',*,*,#4424,.T.);
#4480 = PLANE('',#4481);
#4481 = AXIS2_PLACEMENT_3D('',#4482,#4483,#4484);
#4482 = CARTESIAN_POINT('',(-0.1,-2.54,3.911477598424));
#4483 = DIRECTION('',(-1.,1.110223024625E-16,0.));
#4484 = DIRECTION('',(0.,0.,1.));
#4485 = ADVANCED_FACE('',(#4486),#4504,.T.);
#4486 = FACE_BOUND('',#4487,.T.);
#4487 = EDGE_LOOP('',(#4488,#4496,#4502,#4503));
#4488 = ORIENTED_EDGE('',*,*,#4489,.T.);
#4489 = EDGE_CURVE('',#4466,#4490,#4492,.T.);
#4490 = VERTEX_POINT('',#4491);
#4491 = CARTESIAN_POINT('',(0.1,-2.29,7.35));
#4492 = LINE('',#4493,#4494);
#4493 = CARTESIAN_POINT('',(-0.1,-2.29,7.35));
#4494 = VECTOR('',#4495,1.);
#4495 = DIRECTION('',(1.,-1.110223024625E-16,0.));
#4496 = ORIENTED_EDGE('',*,*,#4497,.T.);
#4497 = EDGE_CURVE('',#4490,#2984,#4498,.T.);
#4498 = LINE('',#4499,#4500);
#4499 = CARTESIAN_POINT('',(0.1,-2.29,7.35));
#4500 = VECTOR('',#4501,1.);
#4501 = DIRECTION('',(7.850462293414E-17,0.707106781187,0.707106781187)
  );
#4502 = ORIENTED_EDGE('',*,*,#2991,.F.);
#4503 = ORIENTED_EDGE('',*,*,#4473,.F.);
#4504 = PLANE('',#4505);
#4505 = AXIS2_PLACEMENT_3D('',#4506,#4507,#4508);
#4506 = CARTESIAN_POINT('',(-0.1,-2.29,7.35));
#4507 = DIRECTION('',(-7.850462293414E-17,-0.707106781187,0.707106781187
    ));
#4508 = DIRECTION('',(7.850462293414E-17,0.707106781187,0.707106781187)
  );
#4509 = ADVANCED_FACE('',(#4510),#4546,.F.);
#4510 = FACE_BOUND('',#4511,.F.);
#4511 = EDGE_LOOP('',(#4512,#4513,#4521,#4529,#4537,#4543,#4544,#4545));
#4512 = ORIENTED_EDGE('',*,*,#3079,.F.);
#4513 = ORIENTED_EDGE('',*,*,#4514,.T.);
#4514 = EDGE_CURVE('',#3072,#4515,#4517,.T.);
#4515 = VERTEX_POINT('',#4516);
#4516 = CARTESIAN_POINT('',(0.1,-2.79,7.35));
#4517 = LINE('',#4518,#4519);
#4518 = CARTESIAN_POINT('',(0.1,-2.84,7.4));
#4519 = VECTOR('',#4520,1.);
#4520 = DIRECTION('',(7.850462293414E-17,0.707106781187,-0.707106781187)
  );
#4521 = ORIENTED_EDGE('',*,*,#4522,.T.);
#4522 = EDGE_CURVE('',#4515,#4523,#4525,.T.);
#4523 = VERTEX_POINT('',#4524);
#4524 = CARTESIAN_POINT('',(0.1,-2.79,1.25));
#4525 = LINE('',#4526,#4527);
#4526 = CARTESIAN_POINT('',(0.1,-2.79,7.35));
#4527 = VECTOR('',#4528,1.);
#4528 = DIRECTION('',(0.,0.,-1.));
#4529 = ORIENTED_EDGE('',*,*,#4530,.T.);
#4530 = EDGE_CURVE('',#4523,#4531,#4533,.T.);
#4531 = VERTEX_POINT('',#4532);
#4532 = CARTESIAN_POINT('',(0.1,-2.29,1.25));
#4533 = LINE('',#4534,#4535);
#4534 = CARTESIAN_POINT('',(0.1,-2.79,1.25));
#4535 = VECTOR('',#4536,1.);
#4536 = DIRECTION('',(1.110223024625E-16,1.,0.));
#4537 = ORIENTED_EDGE('',*,*,#4538,.T.);
#4538 = EDGE_CURVE('',#4531,#4490,#4539,.T.);
#4539 = LINE('',#4540,#4541);
#4540 = CARTESIAN_POINT('',(0.1,-2.29,1.25));
#4541 = VECTOR('',#4542,1.);
#4542 = DIRECTION('',(0.,0.,1.));
#4543 = ORIENTED_EDGE('',*,*,#4497,.T.);
#4544 = ORIENTED_EDGE('',*,*,#2983,.F.);
#4545 = ORIENTED_EDGE('',*,*,#4409,.T.);
#4546 = PLANE('',#4547);
#4547 = AXIS2_PLACEMENT_3D('',#4548,#4549,#4550);
#4548 = CARTESIAN_POINT('',(0.1,-2.54,3.911477598424));
#4549 = DIRECTION('',(-1.,1.110223024625E-16,0.));
#4550 = DIRECTION('',(0.,0.,1.));
#4551 = ADVANCED_FACE('',(#4552),#4563,.T.);
#4552 = FACE_BOUND('',#4553,.T.);
#4553 = EDGE_LOOP('',(#4554,#4555,#4556,#4562));
#4554 = ORIENTED_EDGE('',*,*,#3071,.T.);
#4555 = ORIENTED_EDGE('',*,*,#4514,.T.);
#4556 = ORIENTED_EDGE('',*,*,#4557,.F.);
#4557 = EDGE_CURVE('',#4442,#4515,#4558,.T.);
#4558 = LINE('',#4559,#4560);
#4559 = CARTESIAN_POINT('',(-0.1,-2.79,7.35));
#4560 = VECTOR('',#4561,1.);
#4561 = DIRECTION('',(1.,-1.110223024625E-16,0.));
#4562 = ORIENTED_EDGE('',*,*,#4441,.F.);
#4563 = PLANE('',#4564);
#4564 = AXIS2_PLACEMENT_3D('',#4565,#4566,#4567);
#4565 = CARTESIAN_POINT('',(-0.1,-2.84,7.4));
#4566 = DIRECTION('',(7.850462293414E-17,0.707106781187,0.707106781187)
  );
#4567 = DIRECTION('',(7.850462293414E-17,0.707106781187,-0.707106781187)
  );
#4568 = ADVANCED_FACE('',(#4569),#4580,.T.);
#4569 = FACE_BOUND('',#4570,.T.);
#4570 = EDGE_LOOP('',(#4571,#4572,#4573,#4574));
#4571 = ORIENTED_EDGE('',*,*,#3247,.T.);
#4572 = ORIENTED_EDGE('',*,*,#3110,.T.);
#4573 = ORIENTED_EDGE('',*,*,#3135,.T.);
#4574 = ORIENTED_EDGE('',*,*,#4575,.T.);
#4575 = EDGE_CURVE('',#3136,#3240,#4576,.T.);
#4576 = LINE('',#4577,#4578);
#4577 = CARTESIAN_POINT('',(0.1,4.329869796038E-16,0.9));
#4578 = VECTOR('',#4579,1.);
#4579 = DIRECTION('',(-1.110223024625E-16,-1.,0.));
#4580 = PLANE('',#4581);
#4581 = AXIS2_PLACEMENT_3D('',#4582,#4583,#4584);
#4582 = CARTESIAN_POINT('',(-8.211024452957E-17,8.881784197001E-16,0.9)
  );
#4583 = DIRECTION('',(0.,0.,1.));
#4584 = DIRECTION('',(1.110223024625E-16,1.,-0.));
#4585 = ADVANCED_FACE('',(#4586),#4597,.T.);
#4586 = FACE_BOUND('',#4587,.T.);
#4587 = EDGE_LOOP('',(#4588,#4589,#4595,#4596));
#4588 = ORIENTED_EDGE('',*,*,#3215,.T.);
#4589 = ORIENTED_EDGE('',*,*,#4590,.F.);
#4590 = EDGE_CURVE('',#3160,#3216,#4591,.T.);
#4591 = LINE('',#4592,#4593);
#4592 = CARTESIAN_POINT('',(-0.1,4.551914400963E-16,0.9));
#4593 = VECTOR('',#4594,1.);
#4594 = DIRECTION('',(-1.110223024625E-16,-1.,0.));
#4595 = ORIENTED_EDGE('',*,*,#3167,.T.);
#4596 = ORIENTED_EDGE('',*,*,#3190,.T.);
#4597 = PLANE('',#4598);
#4598 = AXIS2_PLACEMENT_3D('',#4599,#4600,#4601);
#4599 = CARTESIAN_POINT('',(-8.211024452957E-17,8.881784197001E-16,0.9)
  );
#4600 = DIRECTION('',(0.,0.,1.));
#4601 = DIRECTION('',(1.110223024625E-16,1.,-0.));
#4602 = ADVANCED_FACE('',(#4603),#4646,.T.);
#4603 = FACE_BOUND('',#4604,.T.);
#4604 = EDGE_LOOP('',(#4605,#4606,#4614,#4622,#4630,#4638,#4644,#4645));
#4605 = ORIENTED_EDGE('',*,*,#3223,.F.);
#4606 = ORIENTED_EDGE('',*,*,#4607,.T.);
#4607 = EDGE_CURVE('',#3224,#4608,#4610,.T.);
#4608 = VERTEX_POINT('',#4609);
#4609 = CARTESIAN_POINT('',(-0.1,-0.25,7.35));
#4610 = LINE('',#4611,#4612);
#4611 = CARTESIAN_POINT('',(-0.1,-0.3,7.4));
#4612 = VECTOR('',#4613,1.);
#4613 = DIRECTION('',(7.850462293414E-17,0.707106781187,-0.707106781187)
  );
#4614 = ORIENTED_EDGE('',*,*,#4615,.T.);
#4615 = EDGE_CURVE('',#4608,#4616,#4618,.T.);
#4616 = VERTEX_POINT('',#4617);
#4617 = CARTESIAN_POINT('',(-0.1,-0.25,1.25));
#4618 = LINE('',#4619,#4620);
#4619 = CARTESIAN_POINT('',(-0.1,-0.25,7.35));
#4620 = VECTOR('',#4621,1.);
#4621 = DIRECTION('',(0.,0.,-1.));
#4622 = ORIENTED_EDGE('',*,*,#4623,.T.);
#4623 = EDGE_CURVE('',#4616,#4624,#4626,.T.);
#4624 = VERTEX_POINT('',#4625);
#4625 = CARTESIAN_POINT('',(-0.1,0.25,1.25));
#4626 = LINE('',#4627,#4628);
#4627 = CARTESIAN_POINT('',(-0.1,-0.25,1.25));
#4628 = VECTOR('',#4629,1.);
#4629 = DIRECTION('',(1.110223024625E-16,1.,0.));
#4630 = ORIENTED_EDGE('',*,*,#4631,.T.);
#4631 = EDGE_CURVE('',#4624,#4632,#4634,.T.);
#4632 = VERTEX_POINT('',#4633);
#4633 = CARTESIAN_POINT('',(-0.1,0.25,7.35));
#4634 = LINE('',#4635,#4636);
#4635 = CARTESIAN_POINT('',(-0.1,0.25,1.25));
#4636 = VECTOR('',#4637,1.);
#4637 = DIRECTION('',(0.,0.,1.));
#4638 = ORIENTED_EDGE('',*,*,#4639,.T.);
#4639 = EDGE_CURVE('',#4632,#3152,#4640,.T.);
#4640 = LINE('',#4641,#4642);
#4641 = CARTESIAN_POINT('',(-0.1,0.25,7.35));
#4642 = VECTOR('',#4643,1.);
#4643 = DIRECTION('',(7.850462293414E-17,0.707106781187,0.707106781187)
  );
#4644 = ORIENTED_EDGE('',*,*,#3159,.F.);
#4645 = ORIENTED_EDGE('',*,*,#4590,.T.);
#4646 = PLANE('',#4647);
#4647 = AXIS2_PLACEMENT_3D('',#4648,#4649,#4650);
#4648 = CARTESIAN_POINT('',(-0.1,1.110223024625E-17,3.911477598424));
#4649 = DIRECTION('',(-1.,1.110223024625E-16,0.));
#4650 = DIRECTION('',(0.,0.,1.));
#4651 = ADVANCED_FACE('',(#4652),#4670,.T.);
#4652 = FACE_BOUND('',#4653,.T.);
#4653 = EDGE_LOOP('',(#4654,#4662,#4668,#4669));
#4654 = ORIENTED_EDGE('',*,*,#4655,.T.);
#4655 = EDGE_CURVE('',#4632,#4656,#4658,.T.);
#4656 = VERTEX_POINT('',#4657);
#4657 = CARTESIAN_POINT('',(0.1,0.25,7.35));
#4658 = LINE('',#4659,#4660);
#4659 = CARTESIAN_POINT('',(-0.1,0.25,7.35));
#4660 = VECTOR('',#4661,1.);
#4661 = DIRECTION('',(1.,-1.110223024625E-16,0.));
#4662 = ORIENTED_EDGE('',*,*,#4663,.T.);
#4663 = EDGE_CURVE('',#4656,#3144,#4664,.T.);
#4664 = LINE('',#4665,#4666);
#4665 = CARTESIAN_POINT('',(0.1,0.25,7.35));
#4666 = VECTOR('',#4667,1.);
#4667 = DIRECTION('',(7.850462293414E-17,0.707106781187,0.707106781187)
  );
#4668 = ORIENTED_EDGE('',*,*,#3151,.F.);
#4669 = ORIENTED_EDGE('',*,*,#4639,.F.);
#4670 = PLANE('',#4671);
#4671 = AXIS2_PLACEMENT_3D('',#4672,#4673,#4674);
#4672 = CARTESIAN_POINT('',(-0.1,0.25,7.35));
#4673 = DIRECTION('',(-7.850462293414E-17,-0.707106781187,0.707106781187
    ));
#4674 = DIRECTION('',(7.850462293414E-17,0.707106781187,0.707106781187)
  );
#4675 = ADVANCED_FACE('',(#4676),#4712,.F.);
#4676 = FACE_BOUND('',#4677,.F.);
#4677 = EDGE_LOOP('',(#4678,#4679,#4687,#4695,#4703,#4709,#4710,#4711));
#4678 = ORIENTED_EDGE('',*,*,#3239,.F.);
#4679 = ORIENTED_EDGE('',*,*,#4680,.T.);
#4680 = EDGE_CURVE('',#3232,#4681,#4683,.T.);
#4681 = VERTEX_POINT('',#4682);
#4682 = CARTESIAN_POINT('',(0.1,-0.25,7.35));
#4683 = LINE('',#4684,#4685);
#4684 = CARTESIAN_POINT('',(0.1,-0.3,7.4));
#4685 = VECTOR('',#4686,1.);
#4686 = DIRECTION('',(7.850462293414E-17,0.707106781187,-0.707106781187)
  );
#4687 = ORIENTED_EDGE('',*,*,#4688,.T.);
#4688 = EDGE_CURVE('',#4681,#4689,#4691,.T.);
#4689 = VERTEX_POINT('',#4690);
#4690 = CARTESIAN_POINT('',(0.1,-0.25,1.25));
#4691 = LINE('',#4692,#4693);
#4692 = CARTESIAN_POINT('',(0.1,-0.25,7.35));
#4693 = VECTOR('',#4694,1.);
#4694 = DIRECTION('',(0.,0.,-1.));
#4695 = ORIENTED_EDGE('',*,*,#4696,.T.);
#4696 = EDGE_CURVE('',#4689,#4697,#4699,.T.);
#4697 = VERTEX_POINT('',#4698);
#4698 = CARTESIAN_POINT('',(0.1,0.25,1.25));
#4699 = LINE('',#4700,#4701);
#4700 = CARTESIAN_POINT('',(0.1,-0.25,1.25));
#4701 = VECTOR('',#4702,1.);
#4702 = DIRECTION('',(1.110223024625E-16,1.,0.));
#4703 = ORIENTED_EDGE('',*,*,#4704,.T.);
#4704 = EDGE_CURVE('',#4697,#4656,#4705,.T.);
#4705 = LINE('',#4706,#4707);
#4706 = CARTESIAN_POINT('',(0.1,0.25,1.25));
#4707 = VECTOR('',#4708,1.);
#4708 = DIRECTION('',(0.,0.,1.));
#4709 = ORIENTED_EDGE('',*,*,#4663,.T.);
#4710 = ORIENTED_EDGE('',*,*,#3143,.F.);
#4711 = ORIENTED_EDGE('',*,*,#4575,.T.);
#4712 = PLANE('',#4713);
#4713 = AXIS2_PLACEMENT_3D('',#4714,#4715,#4716);
#4714 = CARTESIAN_POINT('',(0.1,-1.110223024625E-17,3.911477598424));
#4715 = DIRECTION('',(-1.,1.110223024625E-16,0.));
#4716 = DIRECTION('',(0.,0.,1.));
#4717 = ADVANCED_FACE('',(#4718),#4729,.T.);
#4718 = FACE_BOUND('',#4719,.T.);
#4719 = EDGE_LOOP('',(#4720,#4721,#4722,#4728));
#4720 = ORIENTED_EDGE('',*,*,#3231,.T.);
#4721 = ORIENTED_EDGE('',*,*,#4680,.T.);
#4722 = ORIENTED_EDGE('',*,*,#4723,.F.);
#4723 = EDGE_CURVE('',#4608,#4681,#4724,.T.);
#4724 = LINE('',#4725,#4726);
#4725 = CARTESIAN_POINT('',(-0.1,-0.25,7.35));
#4726 = VECTOR('',#4727,1.);
#4727 = DIRECTION('',(1.,-1.110223024625E-16,0.));
#4728 = ORIENTED_EDGE('',*,*,#4607,.F.);
#4729 = PLANE('',#4730);
#4730 = AXIS2_PLACEMENT_3D('',#4731,#4732,#4733);
#4731 = CARTESIAN_POINT('',(-0.1,-0.3,7.4));
#4732 = DIRECTION('',(7.850462293414E-17,0.707106781187,0.707106781187)
  );
#4733 = DIRECTION('',(7.850462293414E-17,0.707106781187,-0.707106781187)
  );
#4734 = ADVANCED_FACE('',(#4735),#4746,.T.);
#4735 = FACE_BOUND('',#4736,.T.);
#4736 = EDGE_LOOP('',(#4737,#4743,#4744,#4745));
#4737 = ORIENTED_EDGE('',*,*,#4738,.T.);
#4738 = EDGE_CURVE('',#3794,#3867,#4739,.T.);
#4739 = LINE('',#4740,#4741);
#4740 = CARTESIAN_POINT('',(-0.1,-12.45,1.25));
#4741 = VECTOR('',#4742,1.);
#4742 = DIRECTION('',(1.,-1.110223024625E-16,0.));
#4743 = ORIENTED_EDGE('',*,*,#3874,.T.);
#4744 = ORIENTED_EDGE('',*,*,#3825,.F.);
#4745 = ORIENTED_EDGE('',*,*,#3801,.F.);
#4746 = PLANE('',#4747);
#4747 = AXIS2_PLACEMENT_3D('',#4748,#4749,#4750);
#4748 = CARTESIAN_POINT('',(-0.1,-12.45,1.25));
#4749 = DIRECTION('',(-1.110223024625E-16,-1.,0.));
#4750 = DIRECTION('',(0.,0.,1.));
#4751 = ADVANCED_FACE('',(#4752),#4763,.T.);
#4752 = FACE_BOUND('',#4753,.T.);
#4753 = EDGE_LOOP('',(#4754,#4760,#4761,#4762));
#4754 = ORIENTED_EDGE('',*,*,#4755,.T.);
#4755 = EDGE_CURVE('',#3786,#3859,#4756,.T.);
#4756 = LINE('',#4757,#4758);
#4757 = CARTESIAN_POINT('',(-0.1,-12.95,1.25));
#4758 = VECTOR('',#4759,1.);
#4759 = DIRECTION('',(1.,-1.110223024625E-16,0.));
#4760 = ORIENTED_EDGE('',*,*,#3866,.T.);
#4761 = ORIENTED_EDGE('',*,*,#4738,.F.);
#4762 = ORIENTED_EDGE('',*,*,#3793,.F.);
#4763 = PLANE('',#4764);
#4764 = AXIS2_PLACEMENT_3D('',#4765,#4766,#4767);
#4765 = CARTESIAN_POINT('',(-0.1,-12.95,1.25));
#4766 = DIRECTION('',(0.,0.,1.));
#4767 = DIRECTION('',(1.110223024625E-16,1.,-0.));
#4768 = ADVANCED_FACE('',(#4769),#4775,.T.);
#4769 = FACE_BOUND('',#4770,.T.);
#4770 = EDGE_LOOP('',(#4771,#4772,#4773,#4774));
#4771 = ORIENTED_EDGE('',*,*,#3893,.T.);
#4772 = ORIENTED_EDGE('',*,*,#3858,.T.);
#4773 = ORIENTED_EDGE('',*,*,#4755,.F.);
#4774 = ORIENTED_EDGE('',*,*,#3785,.F.);
#4775 = PLANE('',#4776);
#4776 = AXIS2_PLACEMENT_3D('',#4777,#4778,#4779);
#4777 = CARTESIAN_POINT('',(-0.1,-12.95,7.35));
#4778 = DIRECTION('',(1.110223024625E-16,1.,0.));
#4779 = DIRECTION('',(0.,0.,-1.));
#4780 = ADVANCED_FACE('',(#4781),#4792,.T.);
#4781 = FACE_BOUND('',#4782,.T.);
#4782 = EDGE_LOOP('',(#4783,#4789,#4790,#4791));
#4783 = ORIENTED_EDGE('',*,*,#4784,.T.);
#4784 = EDGE_CURVE('',#3960,#4033,#4785,.T.);
#4785 = LINE('',#4786,#4787);
#4786 = CARTESIAN_POINT('',(-0.1,-9.91,1.25));
#4787 = VECTOR('',#4788,1.);
#4788 = DIRECTION('',(1.,-1.110223024625E-16,0.));
#4789 = ORIENTED_EDGE('',*,*,#4040,.T.);
#4790 = ORIENTED_EDGE('',*,*,#3991,.F.);
#4791 = ORIENTED_EDGE('',*,*,#3967,.F.);
#4792 = PLANE('',#4793);
#4793 = AXIS2_PLACEMENT_3D('',#4794,#4795,#4796);
#4794 = CARTESIAN_POINT('',(-0.1,-9.91,1.25));
#4795 = DIRECTION('',(-1.110223024625E-16,-1.,0.));
#4796 = DIRECTION('',(0.,0.,1.));
#4797 = ADVANCED_FACE('',(#4798),#4809,.T.);
#4798 = FACE_BOUND('',#4799,.T.);
#4799 = EDGE_LOOP('',(#4800,#4806,#4807,#4808));
#4800 = ORIENTED_EDGE('',*,*,#4801,.T.);
#4801 = EDGE_CURVE('',#3952,#4025,#4802,.T.);
#4802 = LINE('',#4803,#4804);
#4803 = CARTESIAN_POINT('',(-0.1,-10.41,1.25));
#4804 = VECTOR('',#4805,1.);
#4805 = DIRECTION('',(1.,-1.110223024625E-16,0.));
#4806 = ORIENTED_EDGE('',*,*,#4032,.T.);
#4807 = ORIENTED_EDGE('',*,*,#4784,.F.);
#4808 = ORIENTED_EDGE('',*,*,#3959,.F.);
#4809 = PLANE('',#4810);
#4810 = AXIS2_PLACEMENT_3D('',#4811,#4812,#4813);
#4811 = CARTESIAN_POINT('',(-0.1,-10.41,1.25));
#4812 = DIRECTION('',(0.,0.,1.));
#4813 = DIRECTION('',(1.110223024625E-16,1.,-0.));
#4814 = ADVANCED_FACE('',(#4815),#4821,.T.);
#4815 = FACE_BOUND('',#4816,.T.);
#4816 = EDGE_LOOP('',(#4817,#4818,#4819,#4820));
#4817 = ORIENTED_EDGE('',*,*,#4059,.T.);
#4818 = ORIENTED_EDGE('',*,*,#4024,.T.);
#4819 = ORIENTED_EDGE('',*,*,#4801,.F.);
#4820 = ORIENTED_EDGE('',*,*,#3951,.F.);
#4821 = PLANE('',#4822);
#4822 = AXIS2_PLACEMENT_3D('',#4823,#4824,#4825);
#4823 = CARTESIAN_POINT('',(-0.1,-10.41,7.35));
#4824 = DIRECTION('',(1.110223024625E-16,1.,0.));
#4825 = DIRECTION('',(0.,0.,-1.));
#4826 = ADVANCED_FACE('',(#4827),#4838,.T.);
#4827 = FACE_BOUND('',#4828,.T.);
#4828 = EDGE_LOOP('',(#4829,#4835,#4836,#4837));
#4829 = ORIENTED_EDGE('',*,*,#4830,.T.);
#4830 = EDGE_CURVE('',#4126,#4199,#4831,.T.);
#4831 = LINE('',#4832,#4833);
#4832 = CARTESIAN_POINT('',(-0.1,-7.37,1.25));
#4833 = VECTOR('',#4834,1.);
#4834 = DIRECTION('',(1.,-1.110223024625E-16,0.));
#4835 = ORIENTED_EDGE('',*,*,#4206,.T.);
#4836 = ORIENTED_EDGE('',*,*,#4157,.F.);
#4837 = ORIENTED_EDGE('',*,*,#4133,.F.);
#4838 = PLANE('',#4839);
#4839 = AXIS2_PLACEMENT_3D('',#4840,#4841,#4842);
#4840 = CARTESIAN_POINT('',(-0.1,-7.37,1.25));
#4841 = DIRECTION('',(-1.110223024625E-16,-1.,0.));
#4842 = DIRECTION('',(0.,0.,1.));
#4843 = ADVANCED_FACE('',(#4844),#4855,.T.);
#4844 = FACE_BOUND('',#4845,.T.);
#4845 = EDGE_LOOP('',(#4846,#4852,#4853,#4854));
#4846 = ORIENTED_EDGE('',*,*,#4847,.T.);
#4847 = EDGE_CURVE('',#4118,#4191,#4848,.T.);
#4848 = LINE('',#4849,#4850);
#4849 = CARTESIAN_POINT('',(-0.1,-7.87,1.25));
#4850 = VECTOR('',#4851,1.);
#4851 = DIRECTION('',(1.,-1.110223024625E-16,0.));
#4852 = ORIENTED_EDGE('',*,*,#4198,.T.);
#4853 = ORIENTED_EDGE('',*,*,#4830,.F.);
#4854 = ORIENTED_EDGE('',*,*,#4125,.F.);
#4855 = PLANE('',#4856);
#4856 = AXIS2_PLACEMENT_3D('',#4857,#4858,#4859);
#4857 = CARTESIAN_POINT('',(-0.1,-7.87,1.25));
#4858 = DIRECTION('',(0.,0.,1.));
#4859 = DIRECTION('',(1.110223024625E-16,1.,-0.));
#4860 = ADVANCED_FACE('',(#4861),#4867,.T.);
#4861 = FACE_BOUND('',#4862,.T.);
#4862 = EDGE_LOOP('',(#4863,#4864,#4865,#4866));
#4863 = ORIENTED_EDGE('',*,*,#4225,.T.);
#4864 = ORIENTED_EDGE('',*,*,#4190,.T.);
#4865 = ORIENTED_EDGE('',*,*,#4847,.F.);
#4866 = ORIENTED_EDGE('',*,*,#4117,.F.);
#4867 = PLANE('',#4868);
#4868 = AXIS2_PLACEMENT_3D('',#4869,#4870,#4871);
#4869 = CARTESIAN_POINT('',(-0.1,-7.87,7.35));
#4870 = DIRECTION('',(1.110223024625E-16,1.,0.));
#4871 = DIRECTION('',(0.,0.,-1.));
#4872 = ADVANCED_FACE('',(#4873),#4884,.T.);
#4873 = FACE_BOUND('',#4874,.T.);
#4874 = EDGE_LOOP('',(#4875,#4881,#4882,#4883));
#4875 = ORIENTED_EDGE('',*,*,#4876,.T.);
#4876 = EDGE_CURVE('',#4292,#4365,#4877,.T.);
#4877 = LINE('',#4878,#4879);
#4878 = CARTESIAN_POINT('',(-0.1,-4.83,1.25));
#4879 = VECTOR('',#4880,1.);
#4880 = DIRECTION('',(1.,-1.110223024625E-16,0.));
#4881 = ORIENTED_EDGE('',*,*,#4372,.T.);
#4882 = ORIENTED_EDGE('',*,*,#4323,.F.);
#4883 = ORIENTED_EDGE('',*,*,#4299,.F.);
#4884 = PLANE('',#4885);
#4885 = AXIS2_PLACEMENT_3D('',#4886,#4887,#4888);
#4886 = CARTESIAN_POINT('',(-0.1,-4.83,1.25));
#4887 = DIRECTION('',(-1.110223024625E-16,-1.,0.));
#4888 = DIRECTION('',(0.,0.,1.));
#4889 = ADVANCED_FACE('',(#4890),#4901,.T.);
#4890 = FACE_BOUND('',#4891,.T.);
#4891 = EDGE_LOOP('',(#4892,#4898,#4899,#4900));
#4892 = ORIENTED_EDGE('',*,*,#4893,.T.);
#4893 = EDGE_CURVE('',#4284,#4357,#4894,.T.);
#4894 = LINE('',#4895,#4896);
#4895 = CARTESIAN_POINT('',(-0.1,-5.33,1.25));
#4896 = VECTOR('',#4897,1.);
#4897 = DIRECTION('',(1.,-1.110223024625E-16,0.));
#4898 = ORIENTED_EDGE('',*,*,#4364,.T.);
#4899 = ORIENTED_EDGE('',*,*,#4876,.F.);
#4900 = ORIENTED_EDGE('',*,*,#4291,.F.);
#4901 = PLANE('',#4902);
#4902 = AXIS2_PLACEMENT_3D('',#4903,#4904,#4905);
#4903 = CARTESIAN_POINT('',(-0.1,-5.33,1.25));
#4904 = DIRECTION('',(0.,0.,1.));
#4905 = DIRECTION('',(1.110223024625E-16,1.,-0.));
#4906 = ADVANCED_FACE('',(#4907),#4913,.T.);
#4907 = FACE_BOUND('',#4908,.T.);
#4908 = EDGE_LOOP('',(#4909,#4910,#4911,#4912));
#4909 = ORIENTED_EDGE('',*,*,#4391,.T.);
#4910 = ORIENTED_EDGE('',*,*,#4356,.T.);
#4911 = ORIENTED_EDGE('',*,*,#4893,.F.);
#4912 = ORIENTED_EDGE('',*,*,#4283,.F.);
#4913 = PLANE('',#4914);
#4914 = AXIS2_PLACEMENT_3D('',#4915,#4916,#4917);
#4915 = CARTESIAN_POINT('',(-0.1,-5.33,7.35));
#4916 = DIRECTION('',(1.110223024625E-16,1.,0.));
#4917 = DIRECTION('',(0.,0.,-1.));
#4918 = ADVANCED_FACE('',(#4919),#4930,.T.);
#4919 = FACE_BOUND('',#4920,.T.);
#4920 = EDGE_LOOP('',(#4921,#4927,#4928,#4929));
#4921 = ORIENTED_EDGE('',*,*,#4922,.T.);
#4922 = EDGE_CURVE('',#4458,#4531,#4923,.T.);
#4923 = LINE('',#4924,#4925);
#4924 = CARTESIAN_POINT('',(-0.1,-2.29,1.25));
#4925 = VECTOR('',#4926,1.);
#4926 = DIRECTION('',(1.,-1.110223024625E-16,0.));
#4927 = ORIENTED_EDGE('',*,*,#4538,.T.);
#4928 = ORIENTED_EDGE('',*,*,#4489,.F.);
#4929 = ORIENTED_EDGE('',*,*,#4465,.F.);
#4930 = PLANE('',#4931);
#4931 = AXIS2_PLACEMENT_3D('',#4932,#4933,#4934);
#4932 = CARTESIAN_POINT('',(-0.1,-2.29,1.25));
#4933 = DIRECTION('',(-1.110223024625E-16,-1.,0.));
#4934 = DIRECTION('',(0.,0.,1.));
#4935 = ADVANCED_FACE('',(#4936),#4947,.T.);
#4936 = FACE_BOUND('',#4937,.T.);
#4937 = EDGE_LOOP('',(#4938,#4944,#4945,#4946));
#4938 = ORIENTED_EDGE('',*,*,#4939,.T.);
#4939 = EDGE_CURVE('',#4450,#4523,#4940,.T.);
#4940 = LINE('',#4941,#4942);
#4941 = CARTESIAN_POINT('',(-0.1,-2.79,1.25));
#4942 = VECTOR('',#4943,1.);
#4943 = DIRECTION('',(1.,-1.110223024625E-16,0.));
#4944 = ORIENTED_EDGE('',*,*,#4530,.T.);
#4945 = ORIENTED_EDGE('',*,*,#4922,.F.);
#4946 = ORIENTED_EDGE('',*,*,#4457,.F.);
#4947 = PLANE('',#4948);
#4948 = AXIS2_PLACEMENT_3D('',#4949,#4950,#4951);
#4949 = CARTESIAN_POINT('',(-0.1,-2.79,1.25));
#4950 = DIRECTION('',(0.,0.,1.));
#4951 = DIRECTION('',(1.110223024625E-16,1.,-0.));
#4952 = ADVANCED_FACE('',(#4953),#4959,.T.);
#4953 = FACE_BOUND('',#4954,.T.);
#4954 = EDGE_LOOP('',(#4955,#4956,#4957,#4958));
#4955 = ORIENTED_EDGE('',*,*,#4557,.T.);
#4956 = ORIENTED_EDGE('',*,*,#4522,.T.);
#4957 = ORIENTED_EDGE('',*,*,#4939,.F.);
#4958 = ORIENTED_EDGE('',*,*,#4449,.F.);
#4959 = PLANE('',#4960);
#4960 = AXIS2_PLACEMENT_3D('',#4961,#4962,#4963);
#4961 = CARTESIAN_POINT('',(-0.1,-2.79,7.35));
#4962 = DIRECTION('',(1.110223024625E-16,1.,0.));
#4963 = DIRECTION('',(0.,0.,-1.));
#4964 = ADVANCED_FACE('',(#4965),#4976,.T.);
#4965 = FACE_BOUND('',#4966,.T.);
#4966 = EDGE_LOOP('',(#4967,#4973,#4974,#4975));
#4967 = ORIENTED_EDGE('',*,*,#4968,.T.);
#4968 = EDGE_CURVE('',#4624,#4697,#4969,.T.);
#4969 = LINE('',#4970,#4971);
#4970 = CARTESIAN_POINT('',(-0.1,0.25,1.25));
#4971 = VECTOR('',#4972,1.);
#4972 = DIRECTION('',(1.,-1.110223024625E-16,0.));
#4973 = ORIENTED_EDGE('',*,*,#4704,.T.);
#4974 = ORIENTED_EDGE('',*,*,#4655,.F.);
#4975 = ORIENTED_EDGE('',*,*,#4631,.F.);
#4976 = PLANE('',#4977);
#4977 = AXIS2_PLACEMENT_3D('',#4978,#4979,#4980);
#4978 = CARTESIAN_POINT('',(-0.1,0.25,1.25));
#4979 = DIRECTION('',(-1.110223024625E-16,-1.,0.));
#4980 = DIRECTION('',(0.,0.,1.));
#4981 = ADVANCED_FACE('',(#4982),#4993,.T.);
#4982 = FACE_BOUND('',#4983,.T.);
#4983 = EDGE_LOOP('',(#4984,#4990,#4991,#4992));
#4984 = ORIENTED_EDGE('',*,*,#4985,.T.);
#4985 = EDGE_CURVE('',#4616,#4689,#4986,.T.);
#4986 = LINE('',#4987,#4988);
#4987 = CARTESIAN_POINT('',(-0.1,-0.25,1.25));
#4988 = VECTOR('',#4989,1.);
#4989 = DIRECTION('',(1.,-1.110223024625E-16,0.));
#4990 = ORIENTED_EDGE('',*,*,#4696,.T.);
#4991 = ORIENTED_EDGE('',*,*,#4968,.F.);
#4992 = ORIENTED_EDGE('',*,*,#4623,.F.);
#4993 = PLANE('',#4994);
#4994 = AXIS2_PLACEMENT_3D('',#4995,#4996,#4997);
#4995 = CARTESIAN_POINT('',(-0.1,-0.25,1.25));
#4996 = DIRECTION('',(0.,0.,1.));
#4997 = DIRECTION('',(1.110223024625E-16,1.,-0.));
#4998 = ADVANCED_FACE('',(#4999),#5005,.T.);
#4999 = FACE_BOUND('',#5000,.T.);
#5000 = EDGE_LOOP('',(#5001,#5002,#5003,#5004));
#5001 = ORIENTED_EDGE('',*,*,#4723,.T.);
#5002 = ORIENTED_EDGE('',*,*,#4688,.T.);
#5003 = ORIENTED_EDGE('',*,*,#4985,.F.);
#5004 = ORIENTED_EDGE('',*,*,#4615,.F.);
#5005 = PLANE('',#5006);
#5006 = AXIS2_PLACEMENT_3D('',#5007,#5008,#5009);
#5007 = CARTESIAN_POINT('',(-0.1,-0.25,7.35));
#5008 = DIRECTION('',(1.110223024625E-16,1.,0.));
#5009 = DIRECTION('',(0.,0.,-1.));
#5010 = ( GEOMETRIC_REPRESENTATION_CONTEXT(3) 
GLOBAL_UNCERTAINTY_ASSIGNED_CONTEXT((#5014)) 
GLOBAL_UNIT_ASSIGNED_CONTEXT((#5011,#5012,#5013)) REPRESENTATION_CONTEXT
('Context #1','3D Context with UNIT and UNCERTAINTY') );
#5011 = ( LENGTH_UNIT() NAMED_UNIT(*) SI_UNIT(.MILLI.,.METRE.) );
#5012 = ( NAMED_UNIT(*) PLANE_ANGLE_UNIT() SI_UNIT($,.RADIAN.) );
#5013 = ( NAMED_UNIT(*) SI_UNIT($,.STERADIAN.) SOLID_ANGLE_UNIT() );
#5014 = UNCERTAINTY_MEASURE_WITH_UNIT(LENGTH_MEASURE(1.E-07),#5011,
  'distance_accuracy_value','confusion accuracy');
#5015 = CONTEXT_DEPENDENT_SHAPE_REPRESENTATION(#5016,#5018);
#5016 = ( REPRESENTATION_RELATIONSHIP('','',#71,#48) 
REPRESENTATION_RELATIONSHIP_WITH_TRANSFORMATION(#5017) 
SHAPE_REPRESENTATION_RELATIONSHIP() );
#5017 = ITEM_DEFINED_TRANSFORMATION('','',#11,#49);
#5018 = PRODUCT_DEFINITION_SHAPE('Placement','Placement of an item',
  #5019);
#5019 = NEXT_ASSEMBLY_USAGE_OCCURRENCE('1','=>[0:1:1:3]','',#43,#66,$);
#5020 = PRODUCT_RELATED_PRODUCT_CATEGORY('part',$,(#68));
#5021 = SHAPE_DEFINITION_REPRESENTATION(#5022,#5028);
#5022 = PRODUCT_DEFINITION_SHAPE('','',#5023);
#5023 = PRODUCT_DEFINITION('design','',#5024,#5027);
#5024 = PRODUCT_DEFINITION_FORMATION('','',#5025);
#5025 = PRODUCT('JST_PH_B8B-PH-K_1x08_P2.00mm_Vertical',
  'JST_PH_B8B-PH-K_1x08_P2.00mm_Vertical','',(#5026));
#5026 = PRODUCT_CONTEXT('',#2,'mechanical');
#5027 = PRODUCT_DEFINITION_CONTEXT('part definition',#2,'design');
#5028 = SHAPE_REPRESENTATION('',(#11,#5029),#5033);
#5029 = AXIS2_PLACEMENT_3D('',#5030,#5031,#5032);
#5030 = CARTESIAN_POINT('',(0.,0.,0.));
#5031 = DIRECTION('',(0.,0.,1.));
#5032 = DIRECTION('',(1.,0.,-0.));
#5033 = ( GEOMETRIC_REPRESENTATION_CONTEXT(3) 
GLOBAL_UNCERTAINTY_ASSIGNED_CONTEXT((#5037)) 
GLOBAL_UNIT_ASSIGNED_CONTEXT((#5034,#5035,#5036)) REPRESENTATION_CONTEXT
('Context #1','3D Context with UNIT and UNCERTAINTY') );
#5034 = ( LENGTH_UNIT() NAMED_UNIT(*) SI_UNIT(.MILLI.,.METRE.) );
#5035 = ( NAMED_UNIT(*) PLANE_ANGLE_UNIT() SI_UNIT($,.RADIAN.) );
#5036 = ( NAMED_UNIT(*) SI_UNIT($,.STERADIAN.) SOLID_ANGLE_UNIT() );
#5037 = UNCERTAINTY_MEASURE_WITH_UNIT(LENGTH_MEASURE(1.E-07),#5034,
  'distance_accuracy_value','confusion accuracy');
#5038 = CONTEXT_DEPENDENT_SHAPE_REPRESENTATION(#5039,#5041);
#5039 = ( REPRESENTATION_RELATIONSHIP('','',#5028,#10) 
REPRESENTATION_RELATIONSHIP_WITH_TRANSFORMATION(#5040) 
SHAPE_REPRESENTATION_RELATIONSHIP() );
#5040 = ITEM_DEFINED_TRANSFORMATION('','',#11,#19);
#5041 = PRODUCT_DEFINITION_SHAPE('Placement','Placement of an item',
  #5042);
#5042 = NEXT_ASSEMBLY_USAGE_OCCURRENCE('4','J1','',#5,#5023,$);
#5043 = PRODUCT_RELATED_PRODUCT_CATEGORY('part',$,(#5025));
#5044 = SHAPE_DEFINITION_REPRESENTATION(#5045,#5051);
#5045 = PRODUCT_DEFINITION_SHAPE('','',#5046);
#5046 = PRODUCT_DEFINITION('design','',#5047,#5050);
#5047 = PRODUCT_DEFINITION_FORMATION('','',#5048);
#5048 = PRODUCT('JST_B8B_PH_K','JST_B8B_PH_K','',(#5049));
#5049 = PRODUCT_CONTEXT('',#2,'mechanical');
#5050 = PRODUCT_DEFINITION_CONTEXT('part definition',#2,'design');
#5051 = ADVANCED_BREP_SHAPE_REPRESENTATION('',(#11,#5052),#12780);
#5052 = MANIFOLD_SOLID_BREP('',#5053);
#5053 = CLOSED_SHELL('',(#5054,#5094,#5158,#5438,#5478,#5881,#5921,#5945
    ,#5970,#5994,#6043,#6065,#6098,#6122,#6153,#6170,#6203,#6227,#6258,
    #6275,#6308,#6332,#6363,#6380,#6413,#6437,#6468,#6485,#6518,#6542,
    #6573,#6590,#6623,#6647,#6678,#6695,#6728,#6752,#6783,#6800,#6833,
    #6850,#6893,#6910,#6956,#6973,#6990,#7007,#7024,#7041,#7058,#7075,
    #7138,#7162,#7209,#7233,#7257,#7274,#7291,#7315,#7339,#7356,#7387,
    #7411,#7435,#7452,#7487,#7527,#7551,#7592,#7833,#7879,#7925,#7971,
    #8017,#8063,#8109,#8155,#8172,#8184,#8247,#8271,#8327,#8344,#8356,
    #8801,#8825,#8849,#8866,#8890,#8914,#8931,#8955,#8979,#8996,#9020,
    #9044,#9061,#9085,#9109,#9126,#9150,#9174,#9191,#9215,#9239,#9256,
    #9319,#9343,#9399,#9416,#9447,#9471,#9495,#9512,#9543,#9567,#9591,
    #9608,#9639,#9663,#9687,#9704,#9735,#9759,#9783,#9800,#9831,#9855,
    #9879,#9896,#9927,#9951,#9975,#9992,#10039,#10070,#10082,#10099,
    #10125,#10158,#10170,#10182,#10194,#10206,#10218,#10230,#10242,
    #10273,#10297,#10321,#10338,#10369,#10393,#10417,#10434,#10465,
    #10489,#10513,#10530,#10561,#10585,#10609,#10626,#10657,#10681,
    #10705,#10722,#10753,#10777,#10801,#10818,#10849,#10873,#10897,
    #10914,#10945,#10969,#10993,#11010,#11057,#11088,#11100,#11117,
    #11143,#11176,#11207,#11231,#11255,#11272,#11303,#11327,#11351,
    #11368,#11399,#11423,#11447,#11464,#11495,#11519,#11543,#11560,
    #11591,#11615,#11639,#11656,#11687,#11711,#11735,#11752,#11769,
    #11786,#11798,#11829,#11853,#11877,#11894,#11925,#11949,#11973,
    #11990,#12021,#12045,#12069,#12086,#12117,#12141,#12165,#12182,
    #12213,#12237,#12261,#12278,#12309,#12333,#12357,#12374,#12405,
    #12429,#12453,#12470,#12501,#12525,#12549,#12566,#12583,#12600,
    #12612,#12624,#12636,#12648,#12660,#12672,#12684,#12696,#12708,
    #12720,#12732,#12744,#12756,#12768));
#5054 = ADVANCED_FACE('',(#5055),#5089,.F.);
#5055 = FACE_BOUND('',#5056,.F.);
#5056 = EDGE_LOOP('',(#5057,#5067,#5075,#5083));
#5057 = ORIENTED_EDGE('',*,*,#5058,.T.);
#5058 = EDGE_CURVE('',#5059,#5061,#5063,.T.);
#5059 = VERTEX_POINT('',#5060);
#5060 = CARTESIAN_POINT('',(15.95,-2.8,0.));
#5061 = VERTEX_POINT('',#5062);
#5062 = CARTESIAN_POINT('',(15.95,1.7,0.));
#5063 = LINE('',#5064,#5065);
#5064 = CARTESIAN_POINT('',(15.95,-2.8,0.));
#5065 = VECTOR('',#5066,1.);
#5066 = DIRECTION('',(1.224646799147E-16,1.,0.));
#5067 = ORIENTED_EDGE('',*,*,#5068,.T.);
#5068 = EDGE_CURVE('',#5061,#5069,#5071,.T.);
#5069 = VERTEX_POINT('',#5070);
#5070 = CARTESIAN_POINT('',(14.75,1.7,0.));
#5071 = LINE('',#5072,#5073);
#5072 = CARTESIAN_POINT('',(15.95,1.7,0.));
#5073 = VECTOR('',#5074,1.);
#5074 = DIRECTION('',(-1.,1.224646799147E-16,0.));
#5075 = ORIENTED_EDGE('',*,*,#5076,.F.);
#5076 = EDGE_CURVE('',#5077,#5069,#5079,.T.);
#5077 = VERTEX_POINT('',#5078);
#5078 = CARTESIAN_POINT('',(14.75,-2.8,0.));
#5079 = LINE('',#5080,#5081);
#5080 = CARTESIAN_POINT('',(14.75,-2.8,0.));
#5081 = VECTOR('',#5082,1.);
#5082 = DIRECTION('',(1.224646799147E-16,1.,0.));
#5083 = ORIENTED_EDGE('',*,*,#5084,.T.);
#5084 = EDGE_CURVE('',#5077,#5059,#5085,.T.);
#5085 = LINE('',#5086,#5087);
#5086 = CARTESIAN_POINT('',(-1.95,-2.8,0.));
#5087 = VECTOR('',#5088,1.);
#5088 = DIRECTION('',(1.,-1.224646799147E-16,0.));
#5089 = PLANE('',#5090);
#5090 = AXIS2_PLACEMENT_3D('',#5091,#5092,#5093);
#5091 = CARTESIAN_POINT('',(7.,-0.55,0.));
#5092 = DIRECTION('',(0.,0.,1.));
#5093 = DIRECTION('',(-1.,1.224646799147E-16,0.));
#5094 = ADVANCED_FACE('',(#5095),#5153,.F.);
#5095 = FACE_BOUND('',#5096,.F.);
#5096 = EDGE_LOOP('',(#5097,#5098,#5106,#5114,#5122,#5131,#5139,#5147));
#5097 = ORIENTED_EDGE('',*,*,#5058,.F.);
#5098 = ORIENTED_EDGE('',*,*,#5099,.T.);
#5099 = EDGE_CURVE('',#5059,#5100,#5102,.T.);
#5100 = VERTEX_POINT('',#5101);
#5101 = CARTESIAN_POINT('',(15.95,-2.8,6.));
#5102 = LINE('',#5103,#5104);
#5103 = CARTESIAN_POINT('',(15.95,-2.8,0.));
#5104 = VECTOR('',#5105,1.);
#5105 = DIRECTION('',(0.,0.,1.));
#5106 = ORIENTED_EDGE('',*,*,#5107,.T.);
#5107 = EDGE_CURVE('',#5100,#5108,#5110,.T.);
#5108 = VERTEX_POINT('',#5109);
#5109 = CARTESIAN_POINT('',(15.95,-0.6,6.));
#5110 = LINE('',#5111,#5112);
#5111 = CARTESIAN_POINT('',(15.95,-2.8,6.));
#5112 = VECTOR('',#5113,1.);
#5113 = DIRECTION('',(1.224646799147E-16,1.,0.));
#5114 = ORIENTED_EDGE('',*,*,#5115,.F.);
#5115 = EDGE_CURVE('',#5116,#5108,#5118,.T.);
#5116 = VERTEX_POINT('',#5117);
#5117 = CARTESIAN_POINT('',(15.95,-0.6,4.4));
#5118 = LINE('',#5119,#5120);
#5119 = CARTESIAN_POINT('',(15.95,-0.6,4.4));
#5120 = VECTOR('',#5121,1.);
#5121 = DIRECTION('',(0.,0.,1.));
#5122 = ORIENTED_EDGE('',*,*,#5123,.F.);
#5123 = EDGE_CURVE('',#5124,#5116,#5126,.T.);
#5124 = VERTEX_POINT('',#5125);
#5125 = CARTESIAN_POINT('',(15.95,0.2,4.4));
#5126 = CIRCLE('',#5127,0.4);
#5127 = AXIS2_PLACEMENT_3D('',#5128,#5129,#5130);
#5128 = CARTESIAN_POINT('',(15.95,-0.2,4.4));
#5129 = DIRECTION('',(-1.,1.224646799147E-16,0.));
#5130 = DIRECTION('',(1.224646799147E-16,1.,0.));
#5131 = ORIENTED_EDGE('',*,*,#5132,.F.);
#5132 = EDGE_CURVE('',#5133,#5124,#5135,.T.);
#5133 = VERTEX_POINT('',#5134);
#5134 = CARTESIAN_POINT('',(15.95,0.2,6.));
#5135 = LINE('',#5136,#5137);
#5136 = CARTESIAN_POINT('',(15.95,0.2,6.));
#5137 = VECTOR('',#5138,1.);
#5138 = DIRECTION('',(-0.,0.,-1.));
#5139 = ORIENTED_EDGE('',*,*,#5140,.T.);
#5140 = EDGE_CURVE('',#5133,#5141,#5143,.T.);
#5141 = VERTEX_POINT('',#5142);
#5142 = CARTESIAN_POINT('',(15.95,1.7,6.));
#5143 = LINE('',#5144,#5145);
#5144 = CARTESIAN_POINT('',(15.95,-2.8,6.));
#5145 = VECTOR('',#5146,1.);
#5146 = DIRECTION('',(1.224646799147E-16,1.,0.));
#5147 = ORIENTED_EDGE('',*,*,#5148,.F.);
#5148 = EDGE_CURVE('',#5061,#5141,#5149,.T.);
#5149 = LINE('',#5150,#5151);
#5150 = CARTESIAN_POINT('',(15.95,1.7,0.));
#5151 = VECTOR('',#5152,1.);
#5152 = DIRECTION('',(0.,0.,1.));
#5153 = PLANE('',#5154);
#5154 = AXIS2_PLACEMENT_3D('',#5155,#5156,#5157);
#5155 = CARTESIAN_POINT('',(15.95,-2.8,0.));
#5156 = DIRECTION('',(-1.,1.224646799147E-16,0.));
#5157 = DIRECTION('',(1.224646799147E-16,1.,0.));
#5158 = ADVANCED_FACE('',(#5159),#5433,.F.);
#5159 = FACE_BOUND('',#5160,.F.);
#5160 = EDGE_LOOP('',(#5161,#5171,#5179,#5185,#5186,#5187,#5195,#5203,
    #5211,#5219,#5227,#5235,#5243,#5251,#5259,#5267,#5275,#5283,#5291,
    #5299,#5307,#5315,#5323,#5331,#5339,#5347,#5355,#5363,#5371,#5379,
    #5387,#5395,#5403,#5411,#5419,#5427));
#5161 = ORIENTED_EDGE('',*,*,#5162,.F.);
#5162 = EDGE_CURVE('',#5163,#5165,#5167,.T.);
#5163 = VERTEX_POINT('',#5164);
#5164 = CARTESIAN_POINT('',(-1.95,-2.8,0.));
#5165 = VERTEX_POINT('',#5166);
#5166 = CARTESIAN_POINT('',(-0.75,-2.8,0.));
#5167 = LINE('',#5168,#5169);
#5168 = CARTESIAN_POINT('',(-1.95,-2.8,0.));
#5169 = VECTOR('',#5170,1.);
#5170 = DIRECTION('',(1.,-1.224646799147E-16,0.));
#5171 = ORIENTED_EDGE('',*,*,#5172,.T.);
#5172 = EDGE_CURVE('',#5163,#5173,#5175,.T.);
#5173 = VERTEX_POINT('',#5174);
#5174 = CARTESIAN_POINT('',(-1.95,-2.8,6.));
#5175 = LINE('',#5176,#5177);
#5176 = CARTESIAN_POINT('',(-1.95,-2.8,0.));
#5177 = VECTOR('',#5178,1.);
#5178 = DIRECTION('',(0.,0.,1.));
#5179 = ORIENTED_EDGE('',*,*,#5180,.T.);
#5180 = EDGE_CURVE('',#5173,#5100,#5181,.T.);
#5181 = LINE('',#5182,#5183);
#5182 = CARTESIAN_POINT('',(-1.95,-2.8,6.));
#5183 = VECTOR('',#5184,1.);
#5184 = DIRECTION('',(1.,-1.224646799147E-16,0.));
#5185 = ORIENTED_EDGE('',*,*,#5099,.F.);
#5186 = ORIENTED_EDGE('',*,*,#5084,.F.);
#5187 = ORIENTED_EDGE('',*,*,#5188,.F.);
#5188 = EDGE_CURVE('',#5189,#5077,#5191,.T.);
#5189 = VERTEX_POINT('',#5190);
#5190 = CARTESIAN_POINT('',(14.75,-2.8,0.2));
#5191 = LINE('',#5192,#5193);
#5192 = CARTESIAN_POINT('',(14.75,-2.8,0.2));
#5193 = VECTOR('',#5194,1.);
#5194 = DIRECTION('',(-0.,0.,-1.));
#5195 = ORIENTED_EDGE('',*,*,#5196,.T.);
#5196 = EDGE_CURVE('',#5189,#5197,#5199,.T.);
#5197 = VERTEX_POINT('',#5198);
#5198 = CARTESIAN_POINT('',(13.25,-2.8,0.2));
#5199 = LINE('',#5200,#5201);
#5200 = CARTESIAN_POINT('',(14.75,-2.8,0.2));
#5201 = VECTOR('',#5202,1.);
#5202 = DIRECTION('',(-1.,1.224646799147E-16,0.));
#5203 = ORIENTED_EDGE('',*,*,#5204,.T.);
#5204 = EDGE_CURVE('',#5197,#5205,#5207,.T.);
#5205 = VERTEX_POINT('',#5206);
#5206 = CARTESIAN_POINT('',(13.25,-2.8,0.));
#5207 = LINE('',#5208,#5209);
#5208 = CARTESIAN_POINT('',(13.25,-2.8,0.2));
#5209 = VECTOR('',#5210,1.);
#5210 = DIRECTION('',(-0.,0.,-1.));
#5211 = ORIENTED_EDGE('',*,*,#5212,.F.);
#5212 = EDGE_CURVE('',#5213,#5205,#5215,.T.);
#5213 = VERTEX_POINT('',#5214);
#5214 = CARTESIAN_POINT('',(12.75,-2.8,0.));
#5215 = LINE('',#5216,#5217);
#5216 = CARTESIAN_POINT('',(-1.95,-2.8,0.));
#5217 = VECTOR('',#5218,1.);
#5218 = DIRECTION('',(1.,-1.224646799147E-16,0.));
#5219 = ORIENTED_EDGE('',*,*,#5220,.F.);
#5220 = EDGE_CURVE('',#5221,#5213,#5223,.T.);
#5221 = VERTEX_POINT('',#5222);
#5222 = CARTESIAN_POINT('',(12.75,-2.8,0.2));
#5223 = LINE('',#5224,#5225);
#5224 = CARTESIAN_POINT('',(12.75,-2.8,0.2));
#5225 = VECTOR('',#5226,1.);
#5226 = DIRECTION('',(-0.,0.,-1.));
#5227 = ORIENTED_EDGE('',*,*,#5228,.T.);
#5228 = EDGE_CURVE('',#5221,#5229,#5231,.T.);
#5229 = VERTEX_POINT('',#5230);
#5230 = CARTESIAN_POINT('',(11.25,-2.8,0.2));
#5231 = LINE('',#5232,#5233);
#5232 = CARTESIAN_POINT('',(12.75,-2.8,0.2));
#5233 = VECTOR('',#5234,1.);
#5234 = DIRECTION('',(-1.,1.224646799147E-16,0.));
#5235 = ORIENTED_EDGE('',*,*,#5236,.T.);
#5236 = EDGE_CURVE('',#5229,#5237,#5239,.T.);
#5237 = VERTEX_POINT('',#5238);
#5238 = CARTESIAN_POINT('',(11.25,-2.8,0.));
#5239 = LINE('',#5240,#5241);
#5240 = CARTESIAN_POINT('',(11.25,-2.8,0.2));
#5241 = VECTOR('',#5242,1.);
#5242 = DIRECTION('',(-0.,0.,-1.));
#5243 = ORIENTED_EDGE('',*,*,#5244,.F.);
#5244 = EDGE_CURVE('',#5245,#5237,#5247,.T.);
#5245 = VERTEX_POINT('',#5246);
#5246 = CARTESIAN_POINT('',(10.75,-2.8,0.));
#5247 = LINE('',#5248,#5249);
#5248 = CARTESIAN_POINT('',(-1.95,-2.8,0.));
#5249 = VECTOR('',#5250,1.);
#5250 = DIRECTION('',(1.,-1.224646799147E-16,0.));
#5251 = ORIENTED_EDGE('',*,*,#5252,.F.);
#5252 = EDGE_CURVE('',#5253,#5245,#5255,.T.);
#5253 = VERTEX_POINT('',#5254);
#5254 = CARTESIAN_POINT('',(10.75,-2.8,0.2));
#5255 = LINE('',#5256,#5257);
#5256 = CARTESIAN_POINT('',(10.75,-2.8,0.2));
#5257 = VECTOR('',#5258,1.);
#5258 = DIRECTION('',(-0.,0.,-1.));
#5259 = ORIENTED_EDGE('',*,*,#5260,.T.);
#5260 = EDGE_CURVE('',#5253,#5261,#5263,.T.);
#5261 = VERTEX_POINT('',#5262);
#5262 = CARTESIAN_POINT('',(9.25,-2.8,0.2));
#5263 = LINE('',#5264,#5265);
#5264 = CARTESIAN_POINT('',(10.75,-2.8,0.2));
#5265 = VECTOR('',#5266,1.);
#5266 = DIRECTION('',(-1.,1.224646799147E-16,0.));
#5267 = ORIENTED_EDGE('',*,*,#5268,.T.);
#5268 = EDGE_CURVE('',#5261,#5269,#5271,.T.);
#5269 = VERTEX_POINT('',#5270);
#5270 = CARTESIAN_POINT('',(9.25,-2.8,0.));
#5271 = LINE('',#5272,#5273);
#5272 = CARTESIAN_POINT('',(9.25,-2.8,0.2));
#5273 = VECTOR('',#5274,1.);
#5274 = DIRECTION('',(-0.,0.,-1.));
#5275 = ORIENTED_EDGE('',*,*,#5276,.F.);
#5276 = EDGE_CURVE('',#5277,#5269,#5279,.T.);
#5277 = VERTEX_POINT('',#5278);
#5278 = CARTESIAN_POINT('',(8.75,-2.8,0.));
#5279 = LINE('',#5280,#5281);
#5280 = CARTESIAN_POINT('',(-1.95,-2.8,0.));
#5281 = VECTOR('',#5282,1.);
#5282 = DIRECTION('',(1.,-1.224646799147E-16,0.));
#5283 = ORIENTED_EDGE('',*,*,#5284,.F.);
#5284 = EDGE_CURVE('',#5285,#5277,#5287,.T.);
#5285 = VERTEX_POINT('',#5286);
#5286 = CARTESIAN_POINT('',(8.75,-2.8,0.2));
#5287 = LINE('',#5288,#5289);
#5288 = CARTESIAN_POINT('',(8.75,-2.8,0.2));
#5289 = VECTOR('',#5290,1.);
#5290 = DIRECTION('',(-0.,0.,-1.));
#5291 = ORIENTED_EDGE('',*,*,#5292,.T.);
#5292 = EDGE_CURVE('',#5285,#5293,#5295,.T.);
#5293 = VERTEX_POINT('',#5294);
#5294 = CARTESIAN_POINT('',(7.25,-2.8,0.2));
#5295 = LINE('',#5296,#5297);
#5296 = CARTESIAN_POINT('',(8.75,-2.8,0.2));
#5297 = VECTOR('',#5298,1.);
#5298 = DIRECTION('',(-1.,1.224646799147E-16,0.));
#5299 = ORIENTED_EDGE('',*,*,#5300,.T.);
#5300 = EDGE_CURVE('',#5293,#5301,#5303,.T.);
#5301 = VERTEX_POINT('',#5302);
#5302 = CARTESIAN_POINT('',(7.25,-2.8,0.));
#5303 = LINE('',#5304,#5305);
#5304 = CARTESIAN_POINT('',(7.25,-2.8,0.2));
#5305 = VECTOR('',#5306,1.);
#5306 = DIRECTION('',(-0.,0.,-1.));
#5307 = ORIENTED_EDGE('',*,*,#5308,.F.);
#5308 = EDGE_CURVE('',#5309,#5301,#5311,.T.);
#5309 = VERTEX_POINT('',#5310);
#5310 = CARTESIAN_POINT('',(6.75,-2.8,0.));
#5311 = LINE('',#5312,#5313);
#5312 = CARTESIAN_POINT('',(-1.95,-2.8,0.));
#5313 = VECTOR('',#5314,1.);
#5314 = DIRECTION('',(1.,-1.224646799147E-16,0.));
#5315 = ORIENTED_EDGE('',*,*,#5316,.F.);
#5316 = EDGE_CURVE('',#5317,#5309,#5319,.T.);
#5317 = VERTEX_POINT('',#5318);
#5318 = CARTESIAN_POINT('',(6.75,-2.8,0.2));
#5319 = LINE('',#5320,#5321);
#5320 = CARTESIAN_POINT('',(6.75,-2.8,0.2));
#5321 = VECTOR('',#5322,1.);
#5322 = DIRECTION('',(-0.,0.,-1.));
#5323 = ORIENTED_EDGE('',*,*,#5324,.T.);
#5324 = EDGE_CURVE('',#5317,#5325,#5327,.T.);
#5325 = VERTEX_POINT('',#5326);
#5326 = CARTESIAN_POINT('',(5.25,-2.8,0.2));
#5327 = LINE('',#5328,#5329);
#5328 = CARTESIAN_POINT('',(6.75,-2.8,0.2));
#5329 = VECTOR('',#5330,1.);
#5330 = DIRECTION('',(-1.,1.224646799147E-16,0.));
#5331 = ORIENTED_EDGE('',*,*,#5332,.T.);
#5332 = EDGE_CURVE('',#5325,#5333,#5335,.T.);
#5333 = VERTEX_POINT('',#5334);
#5334 = CARTESIAN_POINT('',(5.25,-2.8,0.));
#5335 = LINE('',#5336,#5337);
#5336 = CARTESIAN_POINT('',(5.25,-2.8,0.2));
#5337 = VECTOR('',#5338,1.);
#5338 = DIRECTION('',(-0.,0.,-1.));
#5339 = ORIENTED_EDGE('',*,*,#5340,.F.);
#5340 = EDGE_CURVE('',#5341,#5333,#5343,.T.);
#5341 = VERTEX_POINT('',#5342);
#5342 = CARTESIAN_POINT('',(4.75,-2.8,0.));
#5343 = LINE('',#5344,#5345);
#5344 = CARTESIAN_POINT('',(-1.95,-2.8,0.));
#5345 = VECTOR('',#5346,1.);
#5346 = DIRECTION('',(1.,-1.224646799147E-16,0.));
#5347 = ORIENTED_EDGE('',*,*,#5348,.F.);
#5348 = EDGE_CURVE('',#5349,#5341,#5351,.T.);
#5349 = VERTEX_POINT('',#5350);
#5350 = CARTESIAN_POINT('',(4.75,-2.8,0.2));
#5351 = LINE('',#5352,#5353);
#5352 = CARTESIAN_POINT('',(4.75,-2.8,0.2));
#5353 = VECTOR('',#5354,1.);
#5354 = DIRECTION('',(-0.,0.,-1.));
#5355 = ORIENTED_EDGE('',*,*,#5356,.T.);
#5356 = EDGE_CURVE('',#5349,#5357,#5359,.T.);
#5357 = VERTEX_POINT('',#5358);
#5358 = CARTESIAN_POINT('',(3.25,-2.8,0.2));
#5359 = LINE('',#5360,#5361);
#5360 = CARTESIAN_POINT('',(4.75,-2.8,0.2));
#5361 = VECTOR('',#5362,1.);
#5362 = DIRECTION('',(-1.,1.224646799147E-16,0.));
#5363 = ORIENTED_EDGE('',*,*,#5364,.T.);
#5364 = EDGE_CURVE('',#5357,#5365,#5367,.T.);
#5365 = VERTEX_POINT('',#5366);
#5366 = CARTESIAN_POINT('',(3.25,-2.8,0.));
#5367 = LINE('',#5368,#5369);
#5368 = CARTESIAN_POINT('',(3.25,-2.8,0.2));
#5369 = VECTOR('',#5370,1.);
#5370 = DIRECTION('',(-0.,0.,-1.));
#5371 = ORIENTED_EDGE('',*,*,#5372,.F.);
#5372 = EDGE_CURVE('',#5373,#5365,#5375,.T.);
#5373 = VERTEX_POINT('',#5374);
#5374 = CARTESIAN_POINT('',(2.75,-2.8,0.));
#5375 = LINE('',#5376,#5377);
#5376 = CARTESIAN_POINT('',(-1.95,-2.8,0.));
#5377 = VECTOR('',#5378,1.);
#5378 = DIRECTION('',(1.,-1.224646799147E-16,0.));
#5379 = ORIENTED_EDGE('',*,*,#5380,.F.);
#5380 = EDGE_CURVE('',#5381,#5373,#5383,.T.);
#5381 = VERTEX_POINT('',#5382);
#5382 = CARTESIAN_POINT('',(2.75,-2.8,0.2));
#5383 = LINE('',#5384,#5385);
#5384 = CARTESIAN_POINT('',(2.75,-2.8,0.2));
#5385 = VECTOR('',#5386,1.);
#5386 = DIRECTION('',(-0.,0.,-1.));
#5387 = ORIENTED_EDGE('',*,*,#5388,.T.);
#5388 = EDGE_CURVE('',#5381,#5389,#5391,.T.);
#5389 = VERTEX_POINT('',#5390);
#5390 = CARTESIAN_POINT('',(1.25,-2.8,0.2));
#5391 = LINE('',#5392,#5393);
#5392 = CARTESIAN_POINT('',(2.75,-2.8,0.2));
#5393 = VECTOR('',#5394,1.);
#5394 = DIRECTION('',(-1.,1.224646799147E-16,0.));
#5395 = ORIENTED_EDGE('',*,*,#5396,.T.);
#5396 = EDGE_CURVE('',#5389,#5397,#5399,.T.);
#5397 = VERTEX_POINT('',#5398);
#5398 = CARTESIAN_POINT('',(1.25,-2.8,0.));
#5399 = LINE('',#5400,#5401);
#5400 = CARTESIAN_POINT('',(1.25,-2.8,0.2));
#5401 = VECTOR('',#5402,1.);
#5402 = DIRECTION('',(-0.,0.,-1.));
#5403 = ORIENTED_EDGE('',*,*,#5404,.F.);
#5404 = EDGE_CURVE('',#5405,#5397,#5407,.T.);
#5405 = VERTEX_POINT('',#5406);
#5406 = CARTESIAN_POINT('',(0.75,-2.8,0.));
#5407 = LINE('',#5408,#5409);
#5408 = CARTESIAN_POINT('',(-1.95,-2.8,0.));
#5409 = VECTOR('',#5410,1.);
#5410 = DIRECTION('',(1.,-1.224646799147E-16,0.));
#5411 = ORIENTED_EDGE('',*,*,#5412,.F.);
#5412 = EDGE_CURVE('',#5413,#5405,#5415,.T.);
#5413 = VERTEX_POINT('',#5414);
#5414 = CARTESIAN_POINT('',(0.75,-2.8,0.2));
#5415 = LINE('',#5416,#5417);
#5416 = CARTESIAN_POINT('',(0.75,-2.8,0.2));
#5417 = VECTOR('',#5418,1.);
#5418 = DIRECTION('',(-0.,0.,-1.));
#5419 = ORIENTED_EDGE('',*,*,#5420,.T.);
#5420 = EDGE_CURVE('',#5413,#5421,#5423,.T.);
#5421 = VERTEX_POINT('',#5422);
#5422 = CARTESIAN_POINT('',(-0.75,-2.8,0.2));
#5423 = LINE('',#5424,#5425);
#5424 = CARTESIAN_POINT('',(0.75,-2.8,0.2));
#5425 = VECTOR('',#5426,1.);
#5426 = DIRECTION('',(-1.,1.224646799147E-16,0.));
#5427 = ORIENTED_EDGE('',*,*,#5428,.T.);
#5428 = EDGE_CURVE('',#5421,#5165,#5429,.T.);
#5429 = LINE('',#5430,#5431);
#5430 = CARTESIAN_POINT('',(-0.75,-2.8,0.2));
#5431 = VECTOR('',#5432,1.);
#5432 = DIRECTION('',(-0.,0.,-1.));
#5433 = PLANE('',#5434);
#5434 = AXIS2_PLACEMENT_3D('',#5435,#5436,#5437);
#5435 = CARTESIAN_POINT('',(-1.95,-2.8,0.));
#5436 = DIRECTION('',(1.224646799147E-16,1.,0.));
#5437 = DIRECTION('',(1.,-1.224646799147E-16,0.));
#5438 = ADVANCED_FACE('',(#5439),#5473,.F.);
#5439 = FACE_BOUND('',#5440,.F.);
#5440 = EDGE_LOOP('',(#5441,#5449,#5457,#5465,#5471,#5472));
#5441 = ORIENTED_EDGE('',*,*,#5442,.T.);
#5442 = EDGE_CURVE('',#5069,#5443,#5445,.T.);
#5443 = VERTEX_POINT('',#5444);
#5444 = CARTESIAN_POINT('',(14.75,1.7,0.2));
#5445 = LINE('',#5446,#5447);
#5446 = CARTESIAN_POINT('',(14.75,1.7,0.));
#5447 = VECTOR('',#5448,1.);
#5448 = DIRECTION('',(0.,0.,1.));
#5449 = ORIENTED_EDGE('',*,*,#5450,.T.);
#5450 = EDGE_CURVE('',#5443,#5451,#5453,.T.);
#5451 = VERTEX_POINT('',#5452);
#5452 = CARTESIAN_POINT('',(14.75,0.5,0.1));
#5453 = LINE('',#5454,#5455);
#5454 = CARTESIAN_POINT('',(14.75,1.7,0.2));
#5455 = VECTOR('',#5456,1.);
#5456 = DIRECTION('',(-1.220416573038E-16,-0.996545758245,
    -8.304547985373E-02));
#5457 = ORIENTED_EDGE('',*,*,#5458,.T.);
#5458 = EDGE_CURVE('',#5451,#5459,#5461,.T.);
#5459 = VERTEX_POINT('',#5460);
#5460 = CARTESIAN_POINT('',(14.75,-0.5,0.1));
#5461 = LINE('',#5462,#5463);
#5462 = CARTESIAN_POINT('',(14.75,0.5,0.1));
#5463 = VECTOR('',#5464,1.);
#5464 = DIRECTION('',(-1.224646799147E-16,-1.,0.));
#5465 = ORIENTED_EDGE('',*,*,#5466,.T.);
#5466 = EDGE_CURVE('',#5459,#5189,#5467,.T.);
#5467 = LINE('',#5468,#5469);
#5468 = CARTESIAN_POINT('',(14.75,-0.5,0.1));
#5469 = VECTOR('',#5470,1.);
#5470 = DIRECTION('',(-1.223490926498E-16,-0.999056158355,
    4.343722427631E-02));
#5471 = ORIENTED_EDGE('',*,*,#5188,.T.);
#5472 = ORIENTED_EDGE('',*,*,#5076,.T.);
#5473 = PLANE('',#5474);
#5474 = AXIS2_PLACEMENT_3D('',#5475,#5476,#5477);
#5475 = CARTESIAN_POINT('',(14.75,-0.549524476701,7.07980355453E-02));
#5476 = DIRECTION('',(1.,-1.224646799147E-16,-0.));
#5477 = DIRECTION('',(-0.,0.,-1.));
#5478 = ADVANCED_FACE('',(#5479,#5842),#5876,.F.);
#5479 = FACE_BOUND('',#5480,.F.);
#5480 = EDGE_LOOP('',(#5481,#5482,#5483,#5491,#5499,#5507,#5515,#5523,
    #5531,#5539,#5547,#5555,#5563,#5571,#5579,#5587,#5595,#5603,#5611,
    #5619,#5627,#5635,#5643,#5651,#5659,#5667,#5675,#5683,#5691,#5699,
    #5707,#5715,#5723,#5731,#5739,#5747,#5755,#5763,#5771,#5779,#5787,
    #5795,#5803,#5811,#5819,#5827,#5835,#5841));
#5481 = ORIENTED_EDGE('',*,*,#5068,.F.);
#5482 = ORIENTED_EDGE('',*,*,#5148,.T.);
#5483 = ORIENTED_EDGE('',*,*,#5484,.T.);
#5484 = EDGE_CURVE('',#5141,#5485,#5487,.T.);
#5485 = VERTEX_POINT('',#5486);
#5486 = CARTESIAN_POINT('',(13.45,1.7,6.));
#5487 = LINE('',#5488,#5489);
#5488 = CARTESIAN_POINT('',(15.95,1.7,6.));
#5489 = VECTOR('',#5490,1.);
#5490 = DIRECTION('',(-1.,1.224646799147E-16,0.));
#5491 = ORIENTED_EDGE('',*,*,#5492,.T.);
#5492 = EDGE_CURVE('',#5485,#5493,#5495,.T.);
#5493 = VERTEX_POINT('',#5494);
#5494 = CARTESIAN_POINT('',(13.45,1.7,2.1));
#5495 = LINE('',#5496,#5497);
#5496 = CARTESIAN_POINT('',(13.45,1.7,6.));
#5497 = VECTOR('',#5498,1.);
#5498 = DIRECTION('',(-0.,0.,-1.));
#5499 = ORIENTED_EDGE('',*,*,#5500,.T.);
#5500 = EDGE_CURVE('',#5493,#5501,#5503,.T.);
#5501 = VERTEX_POINT('',#5502);
#5502 = CARTESIAN_POINT('',(0.55,1.7,2.1));
#5503 = LINE('',#5504,#5505);
#5504 = CARTESIAN_POINT('',(13.45,1.7,2.1));
#5505 = VECTOR('',#5506,1.);
#5506 = DIRECTION('',(-1.,1.224646799147E-16,0.));
#5507 = ORIENTED_EDGE('',*,*,#5508,.T.);
#5508 = EDGE_CURVE('',#5501,#5509,#5511,.T.);
#5509 = VERTEX_POINT('',#5510);
#5510 = CARTESIAN_POINT('',(0.55,1.7,6.));
#5511 = LINE('',#5512,#5513);
#5512 = CARTESIAN_POINT('',(0.55,1.7,2.1));
#5513 = VECTOR('',#5514,1.);
#5514 = DIRECTION('',(0.,0.,1.));
#5515 = ORIENTED_EDGE('',*,*,#5516,.T.);
#5516 = EDGE_CURVE('',#5509,#5517,#5519,.T.);
#5517 = VERTEX_POINT('',#5518);
#5518 = CARTESIAN_POINT('',(-0.45,1.7,6.));
#5519 = LINE('',#5520,#5521);
#5520 = CARTESIAN_POINT('',(15.95,1.7,6.));
#5521 = VECTOR('',#5522,1.);
#5522 = DIRECTION('',(-1.,1.224646799147E-16,0.));
#5523 = ORIENTED_EDGE('',*,*,#5524,.F.);
#5524 = EDGE_CURVE('',#5525,#5517,#5527,.T.);
#5525 = VERTEX_POINT('',#5526);
#5526 = CARTESIAN_POINT('',(-0.45,1.7,4.2));
#5527 = LINE('',#5528,#5529);
#5528 = CARTESIAN_POINT('',(-0.45,1.7,4.2));
#5529 = VECTOR('',#5530,1.);
#5530 = DIRECTION('',(0.,0.,1.));
#5531 = ORIENTED_EDGE('',*,*,#5532,.F.);
#5532 = EDGE_CURVE('',#5533,#5525,#5535,.T.);
#5533 = VERTEX_POINT('',#5534);
#5534 = CARTESIAN_POINT('',(-0.4,1.7,4.2));
#5535 = LINE('',#5536,#5537);
#5536 = CARTESIAN_POINT('',(-0.4,1.7,4.2));
#5537 = VECTOR('',#5538,1.);
#5538 = DIRECTION('',(-1.,1.224646799147E-16,0.));
#5539 = ORIENTED_EDGE('',*,*,#5540,.F.);
#5540 = EDGE_CURVE('',#5541,#5533,#5543,.T.);
#5541 = VERTEX_POINT('',#5542);
#5542 = CARTESIAN_POINT('',(-0.4,1.7,2.4));
#5543 = LINE('',#5544,#5545);
#5544 = CARTESIAN_POINT('',(-0.4,1.7,2.4));
#5545 = VECTOR('',#5546,1.);
#5546 = DIRECTION('',(0.,0.,1.));
#5547 = ORIENTED_EDGE('',*,*,#5548,.F.);
#5548 = EDGE_CURVE('',#5549,#5541,#5551,.T.);
#5549 = VERTEX_POINT('',#5550);
#5550 = CARTESIAN_POINT('',(-1.4,1.7,2.4));
#5551 = LINE('',#5552,#5553);
#5552 = CARTESIAN_POINT('',(-1.4,1.7,2.4));
#5553 = VECTOR('',#5554,1.);
#5554 = DIRECTION('',(1.,-1.224646799147E-16,0.));
#5555 = ORIENTED_EDGE('',*,*,#5556,.F.);
#5556 = EDGE_CURVE('',#5557,#5549,#5559,.T.);
#5557 = VERTEX_POINT('',#5558);
#5558 = CARTESIAN_POINT('',(-1.4,1.7,4.2));
#5559 = LINE('',#5560,#5561);
#5560 = CARTESIAN_POINT('',(-1.4,1.7,4.2));
#5561 = VECTOR('',#5562,1.);
#5562 = DIRECTION('',(-0.,0.,-1.));
#5563 = ORIENTED_EDGE('',*,*,#5564,.F.);
#5564 = EDGE_CURVE('',#5565,#5557,#5567,.T.);
#5565 = VERTEX_POINT('',#5566);
#5566 = CARTESIAN_POINT('',(-0.95,1.7,4.2));
#5567 = LINE('',#5568,#5569);
#5568 = CARTESIAN_POINT('',(-0.4,1.7,4.2));
#5569 = VECTOR('',#5570,1.);
#5570 = DIRECTION('',(-1.,1.224646799147E-16,0.));
#5571 = ORIENTED_EDGE('',*,*,#5572,.T.);
#5572 = EDGE_CURVE('',#5565,#5573,#5575,.T.);
#5573 = VERTEX_POINT('',#5574);
#5574 = CARTESIAN_POINT('',(-0.95,1.7,6.));
#5575 = LINE('',#5576,#5577);
#5576 = CARTESIAN_POINT('',(-0.95,1.7,4.2));
#5577 = VECTOR('',#5578,1.);
#5578 = DIRECTION('',(0.,0.,1.));
#5579 = ORIENTED_EDGE('',*,*,#5580,.T.);
#5580 = EDGE_CURVE('',#5573,#5581,#5583,.T.);
#5581 = VERTEX_POINT('',#5582);
#5582 = CARTESIAN_POINT('',(-1.95,1.7,6.));
#5583 = LINE('',#5584,#5585);
#5584 = CARTESIAN_POINT('',(15.95,1.7,6.));
#5585 = VECTOR('',#5586,1.);
#5586 = DIRECTION('',(-1.,1.224646799147E-16,0.));
#5587 = ORIENTED_EDGE('',*,*,#5588,.F.);
#5588 = EDGE_CURVE('',#5589,#5581,#5591,.T.);
#5589 = VERTEX_POINT('',#5590);
#5590 = CARTESIAN_POINT('',(-1.95,1.7,0.));
#5591 = LINE('',#5592,#5593);
#5592 = CARTESIAN_POINT('',(-1.95,1.7,0.));
#5593 = VECTOR('',#5594,1.);
#5594 = DIRECTION('',(0.,0.,1.));
#5595 = ORIENTED_EDGE('',*,*,#5596,.F.);
#5596 = EDGE_CURVE('',#5597,#5589,#5599,.T.);
#5597 = VERTEX_POINT('',#5598);
#5598 = CARTESIAN_POINT('',(-0.75,1.7,0.));
#5599 = LINE('',#5600,#5601);
#5600 = CARTESIAN_POINT('',(15.95,1.7,0.));
#5601 = VECTOR('',#5602,1.);
#5602 = DIRECTION('',(-1.,1.224646799147E-16,0.));
#5603 = ORIENTED_EDGE('',*,*,#5604,.T.);
#5604 = EDGE_CURVE('',#5597,#5605,#5607,.T.);
#5605 = VERTEX_POINT('',#5606);
#5606 = CARTESIAN_POINT('',(-0.75,1.7,0.2));
#5607 = LINE('',#5608,#5609);
#5608 = CARTESIAN_POINT('',(-0.75,1.7,0.));
#5609 = VECTOR('',#5610,1.);
#5610 = DIRECTION('',(0.,0.,1.));
#5611 = ORIENTED_EDGE('',*,*,#5612,.F.);
#5612 = EDGE_CURVE('',#5613,#5605,#5615,.T.);
#5613 = VERTEX_POINT('',#5614);
#5614 = CARTESIAN_POINT('',(0.75,1.7,0.2));
#5615 = LINE('',#5616,#5617);
#5616 = CARTESIAN_POINT('',(0.75,1.7,0.2));
#5617 = VECTOR('',#5618,1.);
#5618 = DIRECTION('',(-1.,1.224646799147E-16,0.));
#5619 = ORIENTED_EDGE('',*,*,#5620,.F.);
#5620 = EDGE_CURVE('',#5621,#5613,#5623,.T.);
#5621 = VERTEX_POINT('',#5622);
#5622 = CARTESIAN_POINT('',(0.75,1.7,0.));
#5623 = LINE('',#5624,#5625);
#5624 = CARTESIAN_POINT('',(0.75,1.7,0.));
#5625 = VECTOR('',#5626,1.);
#5626 = DIRECTION('',(0.,0.,1.));
#5627 = ORIENTED_EDGE('',*,*,#5628,.F.);
#5628 = EDGE_CURVE('',#5629,#5621,#5631,.T.);
#5629 = VERTEX_POINT('',#5630);
#5630 = CARTESIAN_POINT('',(1.25,1.7,0.));
#5631 = LINE('',#5632,#5633);
#5632 = CARTESIAN_POINT('',(15.95,1.7,0.));
#5633 = VECTOR('',#5634,1.);
#5634 = DIRECTION('',(-1.,1.224646799147E-16,0.));
#5635 = ORIENTED_EDGE('',*,*,#5636,.T.);
#5636 = EDGE_CURVE('',#5629,#5637,#5639,.T.);
#5637 = VERTEX_POINT('',#5638);
#5638 = CARTESIAN_POINT('',(1.25,1.7,0.2));
#5639 = LINE('',#5640,#5641);
#5640 = CARTESIAN_POINT('',(1.25,1.7,0.));
#5641 = VECTOR('',#5642,1.);
#5642 = DIRECTION('',(0.,0.,1.));
#5643 = ORIENTED_EDGE('',*,*,#5644,.F.);
#5644 = EDGE_CURVE('',#5645,#5637,#5647,.T.);
#5645 = VERTEX_POINT('',#5646);
#5646 = CARTESIAN_POINT('',(2.75,1.7,0.2));
#5647 = LINE('',#5648,#5649);
#5648 = CARTESIAN_POINT('',(2.75,1.7,0.2));
#5649 = VECTOR('',#5650,1.);
#5650 = DIRECTION('',(-1.,1.224646799147E-16,0.));
#5651 = ORIENTED_EDGE('',*,*,#5652,.F.);
#5652 = EDGE_CURVE('',#5653,#5645,#5655,.T.);
#5653 = VERTEX_POINT('',#5654);
#5654 = CARTESIAN_POINT('',(2.75,1.7,0.));
#5655 = LINE('',#5656,#5657);
#5656 = CARTESIAN_POINT('',(2.75,1.7,0.));
#5657 = VECTOR('',#5658,1.);
#5658 = DIRECTION('',(0.,0.,1.));
#5659 = ORIENTED_EDGE('',*,*,#5660,.F.);
#5660 = EDGE_CURVE('',#5661,#5653,#5663,.T.);
#5661 = VERTEX_POINT('',#5662);
#5662 = CARTESIAN_POINT('',(3.25,1.7,0.));
#5663 = LINE('',#5664,#5665);
#5664 = CARTESIAN_POINT('',(15.95,1.7,0.));
#5665 = VECTOR('',#5666,1.);
#5666 = DIRECTION('',(-1.,1.224646799147E-16,0.));
#5667 = ORIENTED_EDGE('',*,*,#5668,.T.);
#5668 = EDGE_CURVE('',#5661,#5669,#5671,.T.);
#5669 = VERTEX_POINT('',#5670);
#5670 = CARTESIAN_POINT('',(3.25,1.7,0.2));
#5671 = LINE('',#5672,#5673);
#5672 = CARTESIAN_POINT('',(3.25,1.7,0.));
#5673 = VECTOR('',#5674,1.);
#5674 = DIRECTION('',(0.,0.,1.));
#5675 = ORIENTED_EDGE('',*,*,#5676,.F.);
#5676 = EDGE_CURVE('',#5677,#5669,#5679,.T.);
#5677 = VERTEX_POINT('',#5678);
#5678 = CARTESIAN_POINT('',(4.75,1.7,0.2));
#5679 = LINE('',#5680,#5681);
#5680 = CARTESIAN_POINT('',(4.75,1.7,0.2));
#5681 = VECTOR('',#5682,1.);
#5682 = DIRECTION('',(-1.,1.224646799147E-16,0.));
#5683 = ORIENTED_EDGE('',*,*,#5684,.F.);
#5684 = EDGE_CURVE('',#5685,#5677,#5687,.T.);
#5685 = VERTEX_POINT('',#5686);
#5686 = CARTESIAN_POINT('',(4.75,1.7,0.));
#5687 = LINE('',#5688,#5689);
#5688 = CARTESIAN_POINT('',(4.75,1.7,0.));
#5689 = VECTOR('',#5690,1.);
#5690 = DIRECTION('',(0.,0.,1.));
#5691 = ORIENTED_EDGE('',*,*,#5692,.F.);
#5692 = EDGE_CURVE('',#5693,#5685,#5695,.T.);
#5693 = VERTEX_POINT('',#5694);
#5694 = CARTESIAN_POINT('',(5.25,1.7,0.));
#5695 = LINE('',#5696,#5697);
#5696 = CARTESIAN_POINT('',(15.95,1.7,0.));
#5697 = VECTOR('',#5698,1.);
#5698 = DIRECTION('',(-1.,1.224646799147E-16,0.));
#5699 = ORIENTED_EDGE('',*,*,#5700,.T.);
#5700 = EDGE_CURVE('',#5693,#5701,#5703,.T.);
#5701 = VERTEX_POINT('',#5702);
#5702 = CARTESIAN_POINT('',(5.25,1.7,0.2));
#5703 = LINE('',#5704,#5705);
#5704 = CARTESIAN_POINT('',(5.25,1.7,0.));
#5705 = VECTOR('',#5706,1.);
#5706 = DIRECTION('',(0.,0.,1.));
#5707 = ORIENTED_EDGE('',*,*,#5708,.F.);
#5708 = EDGE_CURVE('',#5709,#5701,#5711,.T.);
#5709 = VERTEX_POINT('',#5710);
#5710 = CARTESIAN_POINT('',(6.75,1.7,0.2));
#5711 = LINE('',#5712,#5713);
#5712 = CARTESIAN_POINT('',(6.75,1.7,0.2));
#5713 = VECTOR('',#5714,1.);
#5714 = DIRECTION('',(-1.,1.224646799147E-16,0.));
#5715 = ORIENTED_EDGE('',*,*,#5716,.F.);
#5716 = EDGE_CURVE('',#5717,#5709,#5719,.T.);
#5717 = VERTEX_POINT('',#5718);
#5718 = CARTESIAN_POINT('',(6.75,1.7,0.));
#5719 = LINE('',#5720,#5721);
#5720 = CARTESIAN_POINT('',(6.75,1.7,0.));
#5721 = VECTOR('',#5722,1.);
#5722 = DIRECTION('',(0.,0.,1.));
#5723 = ORIENTED_EDGE('',*,*,#5724,.F.);
#5724 = EDGE_CURVE('',#5725,#5717,#5727,.T.);
#5725 = VERTEX_POINT('',#5726);
#5726 = CARTESIAN_POINT('',(7.25,1.7,0.));
#5727 = LINE('',#5728,#5729);
#5728 = CARTESIAN_POINT('',(15.95,1.7,0.));
#5729 = VECTOR('',#5730,1.);
#5730 = DIRECTION('',(-1.,1.224646799147E-16,0.));
#5731 = ORIENTED_EDGE('',*,*,#5732,.T.);
#5732 = EDGE_CURVE('',#5725,#5733,#5735,.T.);
#5733 = VERTEX_POINT('',#5734);
#5734 = CARTESIAN_POINT('',(7.25,1.7,0.2));
#5735 = LINE('',#5736,#5737);
#5736 = CARTESIAN_POINT('',(7.25,1.7,0.));
#5737 = VECTOR('',#5738,1.);
#5738 = DIRECTION('',(0.,0.,1.));
#5739 = ORIENTED_EDGE('',*,*,#5740,.F.);
#5740 = EDGE_CURVE('',#5741,#5733,#5743,.T.);
#5741 = VERTEX_POINT('',#5742);
#5742 = CARTESIAN_POINT('',(8.75,1.7,0.2));
#5743 = LINE('',#5744,#5745);
#5744 = CARTESIAN_POINT('',(8.75,1.7,0.2));
#5745 = VECTOR('',#5746,1.);
#5746 = DIRECTION('',(-1.,1.224646799147E-16,0.));
#5747 = ORIENTED_EDGE('',*,*,#5748,.F.);
#5748 = EDGE_CURVE('',#5749,#5741,#5751,.T.);
#5749 = VERTEX_POINT('',#5750);
#5750 = CARTESIAN_POINT('',(8.75,1.7,0.));
#5751 = LINE('',#5752,#5753);
#5752 = CARTESIAN_POINT('',(8.75,1.7,0.));
#5753 = VECTOR('',#5754,1.);
#5754 = DIRECTION('',(0.,0.,1.));
#5755 = ORIENTED_EDGE('',*,*,#5756,.F.);
#5756 = EDGE_CURVE('',#5757,#5749,#5759,.T.);
#5757 = VERTEX_POINT('',#5758);
#5758 = CARTESIAN_POINT('',(9.25,1.7,0.));
#5759 = LINE('',#5760,#5761);
#5760 = CARTESIAN_POINT('',(15.95,1.7,0.));
#5761 = VECTOR('',#5762,1.);
#5762 = DIRECTION('',(-1.,1.224646799147E-16,0.));
#5763 = ORIENTED_EDGE('',*,*,#5764,.T.);
#5764 = EDGE_CURVE('',#5757,#5765,#5767,.T.);
#5765 = VERTEX_POINT('',#5766);
#5766 = CARTESIAN_POINT('',(9.25,1.7,0.2));
#5767 = LINE('',#5768,#5769);
#5768 = CARTESIAN_POINT('',(9.25,1.7,0.));
#5769 = VECTOR('',#5770,1.);
#5770 = DIRECTION('',(0.,0.,1.));
#5771 = ORIENTED_EDGE('',*,*,#5772,.F.);
#5772 = EDGE_CURVE('',#5773,#5765,#5775,.T.);
#5773 = VERTEX_POINT('',#5774);
#5774 = CARTESIAN_POINT('',(10.75,1.7,0.2));
#5775 = LINE('',#5776,#5777);
#5776 = CARTESIAN_POINT('',(10.75,1.7,0.2));
#5777 = VECTOR('',#5778,1.);
#5778 = DIRECTION('',(-1.,1.224646799147E-16,0.));
#5779 = ORIENTED_EDGE('',*,*,#5780,.F.);
#5780 = EDGE_CURVE('',#5781,#5773,#5783,.T.);
#5781 = VERTEX_POINT('',#5782);
#5782 = CARTESIAN_POINT('',(10.75,1.7,0.));
#5783 = LINE('',#5784,#5785);
#5784 = CARTESIAN_POINT('',(10.75,1.7,0.));
#5785 = VECTOR('',#5786,1.);
#5786 = DIRECTION('',(0.,0.,1.));
#5787 = ORIENTED_EDGE('',*,*,#5788,.F.);
#5788 = EDGE_CURVE('',#5789,#5781,#5791,.T.);
#5789 = VERTEX_POINT('',#5790);
#5790 = CARTESIAN_POINT('',(11.25,1.7,0.));
#5791 = LINE('',#5792,#5793);
#5792 = CARTESIAN_POINT('',(15.95,1.7,0.));
#5793 = VECTOR('',#5794,1.);
#5794 = DIRECTION('',(-1.,1.224646799147E-16,0.));
#5795 = ORIENTED_EDGE('',*,*,#5796,.T.);
#5796 = EDGE_CURVE('',#5789,#5797,#5799,.T.);
#5797 = VERTEX_POINT('',#5798);
#5798 = CARTESIAN_POINT('',(11.25,1.7,0.2));
#5799 = LINE('',#5800,#5801);
#5800 = CARTESIAN_POINT('',(11.25,1.7,0.));
#5801 = VECTOR('',#5802,1.);
#5802 = DIRECTION('',(0.,0.,1.));
#5803 = ORIENTED_EDGE('',*,*,#5804,.F.);
#5804 = EDGE_CURVE('',#5805,#5797,#5807,.T.);
#5805 = VERTEX_POINT('',#5806);
#5806 = CARTESIAN_POINT('',(12.75,1.7,0.2));
#5807 = LINE('',#5808,#5809);
#5808 = CARTESIAN_POINT('',(12.75,1.7,0.2));
#5809 = VECTOR('',#5810,1.);
#5810 = DIRECTION('',(-1.,1.224646799147E-16,0.));
#5811 = ORIENTED_EDGE('',*,*,#5812,.F.);
#5812 = EDGE_CURVE('',#5813,#5805,#5815,.T.);
#5813 = VERTEX_POINT('',#5814);
#5814 = CARTESIAN_POINT('',(12.75,1.7,0.));
#5815 = LINE('',#5816,#5817);
#5816 = CARTESIAN_POINT('',(12.75,1.7,0.));
#5817 = VECTOR('',#5818,1.);
#5818 = DIRECTION('',(0.,0.,1.));
#5819 = ORIENTED_EDGE('',*,*,#5820,.F.);
#5820 = EDGE_CURVE('',#5821,#5813,#5823,.T.);
#5821 = VERTEX_POINT('',#5822);
#5822 = CARTESIAN_POINT('',(13.25,1.7,0.));
#5823 = LINE('',#5824,#5825);
#5824 = CARTESIAN_POINT('',(15.95,1.7,0.));
#5825 = VECTOR('',#5826,1.);
#5826 = DIRECTION('',(-1.,1.224646799147E-16,0.));
#5827 = ORIENTED_EDGE('',*,*,#5828,.T.);
#5828 = EDGE_CURVE('',#5821,#5829,#5831,.T.);
#5829 = VERTEX_POINT('',#5830);
#5830 = CARTESIAN_POINT('',(13.25,1.7,0.2));
#5831 = LINE('',#5832,#5833);
#5832 = CARTESIAN_POINT('',(13.25,1.7,0.));
#5833 = VECTOR('',#5834,1.);
#5834 = DIRECTION('',(0.,0.,1.));
#5835 = ORIENTED_EDGE('',*,*,#5836,.F.);
#5836 = EDGE_CURVE('',#5443,#5829,#5837,.T.);
#5837 = LINE('',#5838,#5839);
#5838 = CARTESIAN_POINT('',(14.75,1.7,0.2));
#5839 = VECTOR('',#5840,1.);
#5840 = DIRECTION('',(-1.,1.224646799147E-16,0.));
#5841 = ORIENTED_EDGE('',*,*,#5442,.F.);
#5842 = FACE_BOUND('',#5843,.F.);
#5843 = EDGE_LOOP('',(#5844,#5854,#5862,#5870));
#5844 = ORIENTED_EDGE('',*,*,#5845,.T.);
#5845 = EDGE_CURVE('',#5846,#5848,#5850,.T.);
#5846 = VERTEX_POINT('',#5847);
#5847 = CARTESIAN_POINT('',(14.4,1.7,4.2));
#5848 = VERTEX_POINT('',#5849);
#5849 = CARTESIAN_POINT('',(15.4,1.7,4.2));
#5850 = LINE('',#5851,#5852);
#5851 = CARTESIAN_POINT('',(14.4,1.7,4.2));
#5852 = VECTOR('',#5853,1.);
#5853 = DIRECTION('',(1.,-1.224646799147E-16,0.));
#5854 = ORIENTED_EDGE('',*,*,#5855,.T.);
#5855 = EDGE_CURVE('',#5848,#5856,#5858,.T.);
#5856 = VERTEX_POINT('',#5857);
#5857 = CARTESIAN_POINT('',(15.4,1.7,2.4));
#5858 = LINE('',#5859,#5860);
#5859 = CARTESIAN_POINT('',(15.4,1.7,4.2));
#5860 = VECTOR('',#5861,1.);
#5861 = DIRECTION('',(-0.,0.,-1.));
#5862 = ORIENTED_EDGE('',*,*,#5863,.T.);
#5863 = EDGE_CURVE('',#5856,#5864,#5866,.T.);
#5864 = VERTEX_POINT('',#5865);
#5865 = CARTESIAN_POINT('',(14.4,1.7,2.4));
#5866 = LINE('',#5867,#5868);
#5867 = CARTESIAN_POINT('',(15.4,1.7,2.4));
#5868 = VECTOR('',#5869,1.);
#5869 = DIRECTION('',(-1.,1.224646799147E-16,0.));
#5870 = ORIENTED_EDGE('',*,*,#5871,.T.);
#5871 = EDGE_CURVE('',#5864,#5846,#5872,.T.);
#5872 = LINE('',#5873,#5874);
#5873 = CARTESIAN_POINT('',(14.4,1.7,2.4));
#5874 = VECTOR('',#5875,1.);
#5875 = DIRECTION('',(0.,0.,1.));
#5876 = PLANE('',#5877);
#5877 = AXIS2_PLACEMENT_3D('',#5878,#5879,#5880);
#5878 = CARTESIAN_POINT('',(15.95,1.7,0.));
#5879 = DIRECTION('',(-1.224646799147E-16,-1.,0.));
#5880 = DIRECTION('',(-1.,1.224646799147E-16,0.));
#5881 = ADVANCED_FACE('',(#5882),#5916,.T.);
#5882 = FACE_BOUND('',#5883,.T.);
#5883 = EDGE_LOOP('',(#5884,#5892,#5893,#5894,#5902,#5910));
#5884 = ORIENTED_EDGE('',*,*,#5885,.F.);
#5885 = EDGE_CURVE('',#5133,#5886,#5888,.T.);
#5886 = VERTEX_POINT('',#5887);
#5887 = CARTESIAN_POINT('',(15.45,0.2,6.));
#5888 = LINE('',#5889,#5890);
#5889 = CARTESIAN_POINT('',(15.95,0.2,6.));
#5890 = VECTOR('',#5891,1.);
#5891 = DIRECTION('',(-1.,1.224646799147E-16,0.));
#5892 = ORIENTED_EDGE('',*,*,#5140,.T.);
#5893 = ORIENTED_EDGE('',*,*,#5484,.T.);
#5894 = ORIENTED_EDGE('',*,*,#5895,.T.);
#5895 = EDGE_CURVE('',#5485,#5896,#5898,.T.);
#5896 = VERTEX_POINT('',#5897);
#5897 = CARTESIAN_POINT('',(13.45,1.1,6.));
#5898 = LINE('',#5899,#5900);
#5899 = CARTESIAN_POINT('',(13.45,1.7,6.));
#5900 = VECTOR('',#5901,1.);
#5901 = DIRECTION('',(-1.224646799147E-16,-1.,0.));
#5902 = ORIENTED_EDGE('',*,*,#5903,.F.);
#5903 = EDGE_CURVE('',#5904,#5896,#5906,.T.);
#5904 = VERTEX_POINT('',#5905);
#5905 = CARTESIAN_POINT('',(15.45,1.1,6.));
#5906 = LINE('',#5907,#5908);
#5907 = CARTESIAN_POINT('',(15.45,1.1,6.));
#5908 = VECTOR('',#5909,1.);
#5909 = DIRECTION('',(-1.,1.224646799147E-16,0.));
#5910 = ORIENTED_EDGE('',*,*,#5911,.F.);
#5911 = EDGE_CURVE('',#5886,#5904,#5912,.T.);
#5912 = LINE('',#5913,#5914);
#5913 = CARTESIAN_POINT('',(15.45,-2.3,6.));
#5914 = VECTOR('',#5915,1.);
#5915 = DIRECTION('',(1.224646799147E-16,1.,0.));
#5916 = PLANE('',#5917);
#5917 = AXIS2_PLACEMENT_3D('',#5918,#5919,#5920);
#5918 = CARTESIAN_POINT('',(7.,-0.55,6.));
#5919 = DIRECTION('',(0.,0.,1.));
#5920 = DIRECTION('',(-1.,1.224646799147E-16,0.));
#5921 = ADVANCED_FACE('',(#5922),#5940,.T.);
#5922 = FACE_BOUND('',#5923,.T.);
#5923 = EDGE_LOOP('',(#5924,#5925,#5926,#5934));
#5924 = ORIENTED_EDGE('',*,*,#5132,.F.);
#5925 = ORIENTED_EDGE('',*,*,#5885,.T.);
#5926 = ORIENTED_EDGE('',*,*,#5927,.T.);
#5927 = EDGE_CURVE('',#5886,#5928,#5930,.T.);
#5928 = VERTEX_POINT('',#5929);
#5929 = CARTESIAN_POINT('',(15.45,0.2,4.4));
#5930 = LINE('',#5931,#5932);
#5931 = CARTESIAN_POINT('',(15.45,0.2,6.));
#5932 = VECTOR('',#5933,1.);
#5933 = DIRECTION('',(-0.,0.,-1.));
#5934 = ORIENTED_EDGE('',*,*,#5935,.F.);
#5935 = EDGE_CURVE('',#5124,#5928,#5936,.T.);
#5936 = LINE('',#5937,#5938);
#5937 = CARTESIAN_POINT('',(15.95,0.2,4.4));
#5938 = VECTOR('',#5939,1.);
#5939 = DIRECTION('',(-1.,1.224646799147E-16,0.));
#5940 = PLANE('',#5941);
#5941 = AXIS2_PLACEMENT_3D('',#5942,#5943,#5944);
#5942 = CARTESIAN_POINT('',(15.95,0.2,6.));
#5943 = DIRECTION('',(-1.224646799147E-16,-1.,0.));
#5944 = DIRECTION('',(-0.,0.,-1.));
#5945 = ADVANCED_FACE('',(#5946),#5965,.F.);
#5946 = FACE_BOUND('',#5947,.F.);
#5947 = EDGE_LOOP('',(#5948,#5956,#5963,#5964));
#5948 = ORIENTED_EDGE('',*,*,#5949,.T.);
#5949 = EDGE_CURVE('',#5116,#5950,#5952,.T.);
#5950 = VERTEX_POINT('',#5951);
#5951 = CARTESIAN_POINT('',(15.45,-0.6,4.4));
#5952 = LINE('',#5953,#5954);
#5953 = CARTESIAN_POINT('',(15.95,-0.6,4.4));
#5954 = VECTOR('',#5955,1.);
#5955 = DIRECTION('',(-1.,1.224646799147E-16,0.));
#5956 = ORIENTED_EDGE('',*,*,#5957,.T.);
#5957 = EDGE_CURVE('',#5950,#5928,#5958,.T.);
#5958 = CIRCLE('',#5959,0.4);
#5959 = AXIS2_PLACEMENT_3D('',#5960,#5961,#5962);
#5960 = CARTESIAN_POINT('',(15.45,-0.2,4.4));
#5961 = DIRECTION('',(1.,-1.224646799147E-16,0.));
#5962 = DIRECTION('',(1.224646799147E-16,1.,0.));
#5963 = ORIENTED_EDGE('',*,*,#5935,.F.);
#5964 = ORIENTED_EDGE('',*,*,#5123,.T.);
#5965 = CYLINDRICAL_SURFACE('',#5966,0.4);
#5966 = AXIS2_PLACEMENT_3D('',#5967,#5968,#5969);
#5967 = CARTESIAN_POINT('',(15.95,-0.2,4.4));
#5968 = DIRECTION('',(1.,-1.224646799147E-16,-0.));
#5969 = DIRECTION('',(1.224646799147E-16,1.,0.));
#5970 = ADVANCED_FACE('',(#5971),#5989,.T.);
#5971 = FACE_BOUND('',#5972,.T.);
#5972 = EDGE_LOOP('',(#5973,#5974,#5975,#5983));
#5973 = ORIENTED_EDGE('',*,*,#5115,.F.);
#5974 = ORIENTED_EDGE('',*,*,#5949,.T.);
#5975 = ORIENTED_EDGE('',*,*,#5976,.T.);
#5976 = EDGE_CURVE('',#5950,#5977,#5979,.T.);
#5977 = VERTEX_POINT('',#5978);
#5978 = CARTESIAN_POINT('',(15.45,-0.6,6.));
#5979 = LINE('',#5980,#5981);
#5980 = CARTESIAN_POINT('',(15.45,-0.6,5.2));
#5981 = VECTOR('',#5982,1.);
#5982 = DIRECTION('',(0.,0.,1.));
#5983 = ORIENTED_EDGE('',*,*,#5984,.F.);
#5984 = EDGE_CURVE('',#5108,#5977,#5985,.T.);
#5985 = LINE('',#5986,#5987);
#5986 = CARTESIAN_POINT('',(15.95,-0.6,6.));
#5987 = VECTOR('',#5988,1.);
#5988 = DIRECTION('',(-1.,1.224646799147E-16,0.));
#5989 = PLANE('',#5990);
#5990 = AXIS2_PLACEMENT_3D('',#5991,#5992,#5993);
#5991 = CARTESIAN_POINT('',(15.95,-0.6,4.4));
#5992 = DIRECTION('',(1.224646799147E-16,1.,0.));
#5993 = DIRECTION('',(0.,-0.,1.));
#5994 = ADVANCED_FACE('',(#5995),#6038,.T.);
#5995 = FACE_BOUND('',#5996,.T.);
#5996 = EDGE_LOOP('',(#5997,#5998,#5999,#6007,#6015,#6023,#6031,#6037));
#5997 = ORIENTED_EDGE('',*,*,#5107,.T.);
#5998 = ORIENTED_EDGE('',*,*,#5984,.T.);
#5999 = ORIENTED_EDGE('',*,*,#6000,.F.);
#6000 = EDGE_CURVE('',#6001,#5977,#6003,.T.);
#6001 = VERTEX_POINT('',#6002);
#6002 = CARTESIAN_POINT('',(15.45,-2.3,6.));
#6003 = LINE('',#6004,#6005);
#6004 = CARTESIAN_POINT('',(15.45,-2.3,6.));
#6005 = VECTOR('',#6006,1.);
#6006 = DIRECTION('',(1.224646799147E-16,1.,0.));
#6007 = ORIENTED_EDGE('',*,*,#6008,.F.);
#6008 = EDGE_CURVE('',#6009,#6001,#6011,.T.);
#6009 = VERTEX_POINT('',#6010);
#6010 = CARTESIAN_POINT('',(-1.45,-2.3,6.));
#6011 = LINE('',#6012,#6013);
#6012 = CARTESIAN_POINT('',(-1.45,-2.3,6.));
#6013 = VECTOR('',#6014,1.);
#6014 = DIRECTION('',(1.,-1.224646799147E-16,0.));
#6015 = ORIENTED_EDGE('',*,*,#6016,.F.);
#6016 = EDGE_CURVE('',#6017,#6009,#6019,.T.);
#6017 = VERTEX_POINT('',#6018);
#6018 = CARTESIAN_POINT('',(-1.45,-0.6,6.));
#6019 = LINE('',#6020,#6021);
#6020 = CARTESIAN_POINT('',(-1.45,1.1,6.));
#6021 = VECTOR('',#6022,1.);
#6022 = DIRECTION('',(-1.224646799147E-16,-1.,0.));
#6023 = ORIENTED_EDGE('',*,*,#6024,.T.);
#6024 = EDGE_CURVE('',#6017,#6025,#6027,.T.);
#6025 = VERTEX_POINT('',#6026);
#6026 = CARTESIAN_POINT('',(-1.95,-0.6,6.));
#6027 = LINE('',#6028,#6029);
#6028 = CARTESIAN_POINT('',(15.95,-0.6,6.));
#6029 = VECTOR('',#6030,1.);
#6030 = DIRECTION('',(-1.,1.224646799147E-16,0.));
#6031 = ORIENTED_EDGE('',*,*,#6032,.T.);
#6032 = EDGE_CURVE('',#6025,#5173,#6033,.T.);
#6033 = LINE('',#6034,#6035);
#6034 = CARTESIAN_POINT('',(-1.95,1.7,6.));
#6035 = VECTOR('',#6036,1.);
#6036 = DIRECTION('',(-1.224646799147E-16,-1.,0.));
#6037 = ORIENTED_EDGE('',*,*,#5180,.T.);
#6038 = PLANE('',#6039);
#6039 = AXIS2_PLACEMENT_3D('',#6040,#6041,#6042);
#6040 = CARTESIAN_POINT('',(7.,-0.55,6.));
#6041 = DIRECTION('',(0.,0.,1.));
#6042 = DIRECTION('',(-1.,1.224646799147E-16,0.));
#6043 = ADVANCED_FACE('',(#6044),#6060,.F.);
#6044 = FACE_BOUND('',#6045,.F.);
#6045 = EDGE_LOOP('',(#6046,#6047,#6053,#6054));
#6046 = ORIENTED_EDGE('',*,*,#5596,.T.);
#6047 = ORIENTED_EDGE('',*,*,#6048,.T.);
#6048 = EDGE_CURVE('',#5589,#5163,#6049,.T.);
#6049 = LINE('',#6050,#6051);
#6050 = CARTESIAN_POINT('',(-1.95,1.7,0.));
#6051 = VECTOR('',#6052,1.);
#6052 = DIRECTION('',(-1.224646799147E-16,-1.,0.));
#6053 = ORIENTED_EDGE('',*,*,#5162,.T.);
#6054 = ORIENTED_EDGE('',*,*,#6055,.T.);
#6055 = EDGE_CURVE('',#5165,#5597,#6056,.T.);
#6056 = LINE('',#6057,#6058);
#6057 = CARTESIAN_POINT('',(-0.75,-2.8,0.));
#6058 = VECTOR('',#6059,1.);
#6059 = DIRECTION('',(1.224646799147E-16,1.,0.));
#6060 = PLANE('',#6061);
#6061 = AXIS2_PLACEMENT_3D('',#6062,#6063,#6064);
#6062 = CARTESIAN_POINT('',(7.,-0.55,0.));
#6063 = DIRECTION('',(0.,0.,1.));
#6064 = DIRECTION('',(-1.,1.224646799147E-16,0.));
#6065 = ADVANCED_FACE('',(#6066),#6093,.T.);
#6066 = FACE_BOUND('',#6067,.T.);
#6067 = EDGE_LOOP('',(#6068,#6069,#6077,#6085,#6091,#6092));
#6068 = ORIENTED_EDGE('',*,*,#5604,.T.);
#6069 = ORIENTED_EDGE('',*,*,#6070,.T.);
#6070 = EDGE_CURVE('',#5605,#6071,#6073,.T.);
#6071 = VERTEX_POINT('',#6072);
#6072 = CARTESIAN_POINT('',(-0.75,0.5,0.1));
#6073 = LINE('',#6074,#6075);
#6074 = CARTESIAN_POINT('',(-0.75,1.7,0.2));
#6075 = VECTOR('',#6076,1.);
#6076 = DIRECTION('',(-1.220416573038E-16,-0.996545758245,
    -8.304547985373E-02));
#6077 = ORIENTED_EDGE('',*,*,#6078,.T.);
#6078 = EDGE_CURVE('',#6071,#6079,#6081,.T.);
#6079 = VERTEX_POINT('',#6080);
#6080 = CARTESIAN_POINT('',(-0.75,-0.5,0.1));
#6081 = LINE('',#6082,#6083);
#6082 = CARTESIAN_POINT('',(-0.75,0.5,0.1));
#6083 = VECTOR('',#6084,1.);
#6084 = DIRECTION('',(-1.224646799147E-16,-1.,0.));
#6085 = ORIENTED_EDGE('',*,*,#6086,.T.);
#6086 = EDGE_CURVE('',#6079,#5421,#6087,.T.);
#6087 = LINE('',#6088,#6089);
#6088 = CARTESIAN_POINT('',(-0.75,-0.5,0.1));
#6089 = VECTOR('',#6090,1.);
#6090 = DIRECTION('',(-1.223490926498E-16,-0.999056158355,
    4.343722427631E-02));
#6091 = ORIENTED_EDGE('',*,*,#5428,.T.);
#6092 = ORIENTED_EDGE('',*,*,#6055,.T.);
#6093 = PLANE('',#6094);
#6094 = AXIS2_PLACEMENT_3D('',#6095,#6096,#6097);
#6095 = CARTESIAN_POINT('',(-0.75,-0.549524476701,7.07980355453E-02));
#6096 = DIRECTION('',(1.,-1.224646799147E-16,-0.));
#6097 = DIRECTION('',(-0.,0.,-1.));
#6098 = ADVANCED_FACE('',(#6099),#6117,.F.);
#6099 = FACE_BOUND('',#6100,.F.);
#6100 = EDGE_LOOP('',(#6101,#6109,#6110,#6111));
#6101 = ORIENTED_EDGE('',*,*,#6102,.T.);
#6102 = EDGE_CURVE('',#6103,#6079,#6105,.T.);
#6103 = VERTEX_POINT('',#6104);
#6104 = CARTESIAN_POINT('',(0.75,-0.5,0.1));
#6105 = LINE('',#6106,#6107);
#6106 = CARTESIAN_POINT('',(0.75,-0.5,0.1));
#6107 = VECTOR('',#6108,1.);
#6108 = DIRECTION('',(-1.,1.224646799147E-16,0.));
#6109 = ORIENTED_EDGE('',*,*,#6086,.T.);
#6110 = ORIENTED_EDGE('',*,*,#5420,.F.);
#6111 = ORIENTED_EDGE('',*,*,#6112,.F.);
#6112 = EDGE_CURVE('',#6103,#5413,#6113,.T.);
#6113 = LINE('',#6114,#6115);
#6114 = CARTESIAN_POINT('',(0.75,-0.5,0.1));
#6115 = VECTOR('',#6116,1.);
#6116 = DIRECTION('',(-1.223490926498E-16,-0.999056158355,
    4.343722427631E-02));
#6117 = PLANE('',#6118);
#6118 = AXIS2_PLACEMENT_3D('',#6119,#6120,#6121);
#6119 = CARTESIAN_POINT('',(0.75,-0.5,0.1));
#6120 = DIRECTION('',(5.319525767383E-18,4.343722427631E-02,
    0.999056158355));
#6121 = DIRECTION('',(-1.223490926498E-16,-0.999056158355,
    4.343722427631E-02));
#6122 = ADVANCED_FACE('',(#6123),#6148,.F.);
#6123 = FACE_BOUND('',#6124,.F.);
#6124 = EDGE_LOOP('',(#6125,#6126,#6134,#6140,#6141,#6142));
#6125 = ORIENTED_EDGE('',*,*,#5620,.T.);
#6126 = ORIENTED_EDGE('',*,*,#6127,.T.);
#6127 = EDGE_CURVE('',#5613,#6128,#6130,.T.);
#6128 = VERTEX_POINT('',#6129);
#6129 = CARTESIAN_POINT('',(0.75,0.5,0.1));
#6130 = LINE('',#6131,#6132);
#6131 = CARTESIAN_POINT('',(0.75,1.7,0.2));
#6132 = VECTOR('',#6133,1.);
#6133 = DIRECTION('',(-1.220416573038E-16,-0.996545758245,
    -8.304547985373E-02));
#6134 = ORIENTED_EDGE('',*,*,#6135,.T.);
#6135 = EDGE_CURVE('',#6128,#6103,#6136,.T.);
#6136 = LINE('',#6137,#6138);
#6137 = CARTESIAN_POINT('',(0.75,0.5,0.1));
#6138 = VECTOR('',#6139,1.);
#6139 = DIRECTION('',(-1.224646799147E-16,-1.,0.));
#6140 = ORIENTED_EDGE('',*,*,#6112,.T.);
#6141 = ORIENTED_EDGE('',*,*,#5412,.T.);
#6142 = ORIENTED_EDGE('',*,*,#6143,.T.);
#6143 = EDGE_CURVE('',#5405,#5621,#6144,.T.);
#6144 = LINE('',#6145,#6146);
#6145 = CARTESIAN_POINT('',(0.75,-2.8,0.));
#6146 = VECTOR('',#6147,1.);
#6147 = DIRECTION('',(1.224646799147E-16,1.,0.));
#6148 = PLANE('',#6149);
#6149 = AXIS2_PLACEMENT_3D('',#6150,#6151,#6152);
#6150 = CARTESIAN_POINT('',(0.75,-0.549524476701,7.07980355453E-02));
#6151 = DIRECTION('',(1.,-1.224646799147E-16,-0.));
#6152 = DIRECTION('',(-0.,0.,-1.));
#6153 = ADVANCED_FACE('',(#6154),#6165,.F.);
#6154 = FACE_BOUND('',#6155,.F.);
#6155 = EDGE_LOOP('',(#6156,#6157,#6158,#6159));
#6156 = ORIENTED_EDGE('',*,*,#5628,.T.);
#6157 = ORIENTED_EDGE('',*,*,#6143,.F.);
#6158 = ORIENTED_EDGE('',*,*,#5404,.T.);
#6159 = ORIENTED_EDGE('',*,*,#6160,.T.);
#6160 = EDGE_CURVE('',#5397,#5629,#6161,.T.);
#6161 = LINE('',#6162,#6163);
#6162 = CARTESIAN_POINT('',(1.25,-2.8,0.));
#6163 = VECTOR('',#6164,1.);
#6164 = DIRECTION('',(1.224646799147E-16,1.,0.));
#6165 = PLANE('',#6166);
#6166 = AXIS2_PLACEMENT_3D('',#6167,#6168,#6169);
#6167 = CARTESIAN_POINT('',(7.,-0.55,0.));
#6168 = DIRECTION('',(0.,0.,1.));
#6169 = DIRECTION('',(-1.,1.224646799147E-16,0.));
#6170 = ADVANCED_FACE('',(#6171),#6198,.T.);
#6171 = FACE_BOUND('',#6172,.T.);
#6172 = EDGE_LOOP('',(#6173,#6174,#6182,#6190,#6196,#6197));
#6173 = ORIENTED_EDGE('',*,*,#5636,.T.);
#6174 = ORIENTED_EDGE('',*,*,#6175,.T.);
#6175 = EDGE_CURVE('',#5637,#6176,#6178,.T.);
#6176 = VERTEX_POINT('',#6177);
#6177 = CARTESIAN_POINT('',(1.25,0.5,0.1));
#6178 = LINE('',#6179,#6180);
#6179 = CARTESIAN_POINT('',(1.25,1.7,0.2));
#6180 = VECTOR('',#6181,1.);
#6181 = DIRECTION('',(-1.220416573038E-16,-0.996545758245,
    -8.304547985373E-02));
#6182 = ORIENTED_EDGE('',*,*,#6183,.T.);
#6183 = EDGE_CURVE('',#6176,#6184,#6186,.T.);
#6184 = VERTEX_POINT('',#6185);
#6185 = CARTESIAN_POINT('',(1.25,-0.5,0.1));
#6186 = LINE('',#6187,#6188);
#6187 = CARTESIAN_POINT('',(1.25,0.5,0.1));
#6188 = VECTOR('',#6189,1.);
#6189 = DIRECTION('',(-1.224646799147E-16,-1.,0.));
#6190 = ORIENTED_EDGE('',*,*,#6191,.T.);
#6191 = EDGE_CURVE('',#6184,#5389,#6192,.T.);
#6192 = LINE('',#6193,#6194);
#6193 = CARTESIAN_POINT('',(1.25,-0.5,0.1));
#6194 = VECTOR('',#6195,1.);
#6195 = DIRECTION('',(-1.223490926498E-16,-0.999056158355,
    4.343722427631E-02));
#6196 = ORIENTED_EDGE('',*,*,#5396,.T.);
#6197 = ORIENTED_EDGE('',*,*,#6160,.T.);
#6198 = PLANE('',#6199);
#6199 = AXIS2_PLACEMENT_3D('',#6200,#6201,#6202);
#6200 = CARTESIAN_POINT('',(1.25,-0.549524476701,7.07980355453E-02));
#6201 = DIRECTION('',(1.,-1.224646799147E-16,-0.));
#6202 = DIRECTION('',(-0.,0.,-1.));
#6203 = ADVANCED_FACE('',(#6204),#6222,.F.);
#6204 = FACE_BOUND('',#6205,.F.);
#6205 = EDGE_LOOP('',(#6206,#6214,#6215,#6216));
#6206 = ORIENTED_EDGE('',*,*,#6207,.T.);
#6207 = EDGE_CURVE('',#6208,#6184,#6210,.T.);
#6208 = VERTEX_POINT('',#6209);
#6209 = CARTESIAN_POINT('',(2.75,-0.5,0.1));
#6210 = LINE('',#6211,#6212);
#6211 = CARTESIAN_POINT('',(2.75,-0.5,0.1));
#6212 = VECTOR('',#6213,1.);
#6213 = DIRECTION('',(-1.,1.224646799147E-16,0.));
#6214 = ORIENTED_EDGE('',*,*,#6191,.T.);
#6215 = ORIENTED_EDGE('',*,*,#5388,.F.);
#6216 = ORIENTED_EDGE('',*,*,#6217,.F.);
#6217 = EDGE_CURVE('',#6208,#5381,#6218,.T.);
#6218 = LINE('',#6219,#6220);
#6219 = CARTESIAN_POINT('',(2.75,-0.5,0.1));
#6220 = VECTOR('',#6221,1.);
#6221 = DIRECTION('',(-1.223490926498E-16,-0.999056158355,
    4.343722427631E-02));
#6222 = PLANE('',#6223);
#6223 = AXIS2_PLACEMENT_3D('',#6224,#6225,#6226);
#6224 = CARTESIAN_POINT('',(2.75,-0.5,0.1));
#6225 = DIRECTION('',(5.319525767383E-18,4.343722427631E-02,
    0.999056158355));
#6226 = DIRECTION('',(-1.223490926498E-16,-0.999056158355,
    4.343722427631E-02));
#6227 = ADVANCED_FACE('',(#6228),#6253,.F.);
#6228 = FACE_BOUND('',#6229,.F.);
#6229 = EDGE_LOOP('',(#6230,#6231,#6239,#6245,#6246,#6247));
#6230 = ORIENTED_EDGE('',*,*,#5652,.T.);
#6231 = ORIENTED_EDGE('',*,*,#6232,.T.);
#6232 = EDGE_CURVE('',#5645,#6233,#6235,.T.);
#6233 = VERTEX_POINT('',#6234);
#6234 = CARTESIAN_POINT('',(2.75,0.5,0.1));
#6235 = LINE('',#6236,#6237);
#6236 = CARTESIAN_POINT('',(2.75,1.7,0.2));
#6237 = VECTOR('',#6238,1.);
#6238 = DIRECTION('',(-1.220416573038E-16,-0.996545758245,
    -8.304547985373E-02));
#6239 = ORIENTED_EDGE('',*,*,#6240,.T.);
#6240 = EDGE_CURVE('',#6233,#6208,#6241,.T.);
#6241 = LINE('',#6242,#6243);
#6242 = CARTESIAN_POINT('',(2.75,0.5,0.1));
#6243 = VECTOR('',#6244,1.);
#6244 = DIRECTION('',(-1.224646799147E-16,-1.,0.));
#6245 = ORIENTED_EDGE('',*,*,#6217,.T.);
#6246 = ORIENTED_EDGE('',*,*,#5380,.T.);
#6247 = ORIENTED_EDGE('',*,*,#6248,.T.);
#6248 = EDGE_CURVE('',#5373,#5653,#6249,.T.);
#6249 = LINE('',#6250,#6251);
#6250 = CARTESIAN_POINT('',(2.75,-2.8,0.));
#6251 = VECTOR('',#6252,1.);
#6252 = DIRECTION('',(1.224646799147E-16,1.,0.));
#6253 = PLANE('',#6254);
#6254 = AXIS2_PLACEMENT_3D('',#6255,#6256,#6257);
#6255 = CARTESIAN_POINT('',(2.75,-0.549524476701,7.07980355453E-02));
#6256 = DIRECTION('',(1.,-1.224646799147E-16,-0.));
#6257 = DIRECTION('',(-0.,0.,-1.));
#6258 = ADVANCED_FACE('',(#6259),#6270,.F.);
#6259 = FACE_BOUND('',#6260,.F.);
#6260 = EDGE_LOOP('',(#6261,#6262,#6263,#6269));
#6261 = ORIENTED_EDGE('',*,*,#6248,.F.);
#6262 = ORIENTED_EDGE('',*,*,#5372,.T.);
#6263 = ORIENTED_EDGE('',*,*,#6264,.T.);
#6264 = EDGE_CURVE('',#5365,#5661,#6265,.T.);
#6265 = LINE('',#6266,#6267);
#6266 = CARTESIAN_POINT('',(3.25,-2.8,0.));
#6267 = VECTOR('',#6268,1.);
#6268 = DIRECTION('',(1.224646799147E-16,1.,0.));
#6269 = ORIENTED_EDGE('',*,*,#5660,.T.);
#6270 = PLANE('',#6271);
#6271 = AXIS2_PLACEMENT_3D('',#6272,#6273,#6274);
#6272 = CARTESIAN_POINT('',(7.,-0.55,0.));
#6273 = DIRECTION('',(0.,0.,1.));
#6274 = DIRECTION('',(-1.,1.224646799147E-16,0.));
#6275 = ADVANCED_FACE('',(#6276),#6303,.T.);
#6276 = FACE_BOUND('',#6277,.T.);
#6277 = EDGE_LOOP('',(#6278,#6279,#6287,#6295,#6301,#6302));
#6278 = ORIENTED_EDGE('',*,*,#5668,.T.);
#6279 = ORIENTED_EDGE('',*,*,#6280,.T.);
#6280 = EDGE_CURVE('',#5669,#6281,#6283,.T.);
#6281 = VERTEX_POINT('',#6282);
#6282 = CARTESIAN_POINT('',(3.25,0.5,0.1));
#6283 = LINE('',#6284,#6285);
#6284 = CARTESIAN_POINT('',(3.25,1.7,0.2));
#6285 = VECTOR('',#6286,1.);
#6286 = DIRECTION('',(-1.220416573038E-16,-0.996545758245,
    -8.304547985373E-02));
#6287 = ORIENTED_EDGE('',*,*,#6288,.T.);
#6288 = EDGE_CURVE('',#6281,#6289,#6291,.T.);
#6289 = VERTEX_POINT('',#6290);
#6290 = CARTESIAN_POINT('',(3.25,-0.5,0.1));
#6291 = LINE('',#6292,#6293);
#6292 = CARTESIAN_POINT('',(3.25,0.5,0.1));
#6293 = VECTOR('',#6294,1.);
#6294 = DIRECTION('',(-1.224646799147E-16,-1.,0.));
#6295 = ORIENTED_EDGE('',*,*,#6296,.T.);
#6296 = EDGE_CURVE('',#6289,#5357,#6297,.T.);
#6297 = LINE('',#6298,#6299);
#6298 = CARTESIAN_POINT('',(3.25,-0.5,0.1));
#6299 = VECTOR('',#6300,1.);
#6300 = DIRECTION('',(-1.223490926498E-16,-0.999056158355,
    4.343722427631E-02));
#6301 = ORIENTED_EDGE('',*,*,#5364,.T.);
#6302 = ORIENTED_EDGE('',*,*,#6264,.T.);
#6303 = PLANE('',#6304);
#6304 = AXIS2_PLACEMENT_3D('',#6305,#6306,#6307);
#6305 = CARTESIAN_POINT('',(3.25,-0.549524476701,7.07980355453E-02));
#6306 = DIRECTION('',(1.,-1.224646799147E-16,-0.));
#6307 = DIRECTION('',(-0.,0.,-1.));
#6308 = ADVANCED_FACE('',(#6309),#6327,.F.);
#6309 = FACE_BOUND('',#6310,.F.);
#6310 = EDGE_LOOP('',(#6311,#6319,#6320,#6321));
#6311 = ORIENTED_EDGE('',*,*,#6312,.T.);
#6312 = EDGE_CURVE('',#6313,#6289,#6315,.T.);
#6313 = VERTEX_POINT('',#6314);
#6314 = CARTESIAN_POINT('',(4.75,-0.5,0.1));
#6315 = LINE('',#6316,#6317);
#6316 = CARTESIAN_POINT('',(4.75,-0.5,0.1));
#6317 = VECTOR('',#6318,1.);
#6318 = DIRECTION('',(-1.,1.224646799147E-16,0.));
#6319 = ORIENTED_EDGE('',*,*,#6296,.T.);
#6320 = ORIENTED_EDGE('',*,*,#5356,.F.);
#6321 = ORIENTED_EDGE('',*,*,#6322,.F.);
#6322 = EDGE_CURVE('',#6313,#5349,#6323,.T.);
#6323 = LINE('',#6324,#6325);
#6324 = CARTESIAN_POINT('',(4.75,-0.5,0.1));
#6325 = VECTOR('',#6326,1.);
#6326 = DIRECTION('',(-1.223490926498E-16,-0.999056158355,
    4.343722427631E-02));
#6327 = PLANE('',#6328);
#6328 = AXIS2_PLACEMENT_3D('',#6329,#6330,#6331);
#6329 = CARTESIAN_POINT('',(4.75,-0.5,0.1));
#6330 = DIRECTION('',(5.319525767383E-18,4.343722427631E-02,
    0.999056158355));
#6331 = DIRECTION('',(-1.223490926498E-16,-0.999056158355,
    4.343722427631E-02));
#6332 = ADVANCED_FACE('',(#6333),#6358,.F.);
#6333 = FACE_BOUND('',#6334,.F.);
#6334 = EDGE_LOOP('',(#6335,#6336,#6344,#6350,#6351,#6352));
#6335 = ORIENTED_EDGE('',*,*,#5684,.T.);
#6336 = ORIENTED_EDGE('',*,*,#6337,.T.);
#6337 = EDGE_CURVE('',#5677,#6338,#6340,.T.);
#6338 = VERTEX_POINT('',#6339);
#6339 = CARTESIAN_POINT('',(4.75,0.5,0.1));
#6340 = LINE('',#6341,#6342);
#6341 = CARTESIAN_POINT('',(4.75,1.7,0.2));
#6342 = VECTOR('',#6343,1.);
#6343 = DIRECTION('',(-1.220416573038E-16,-0.996545758245,
    -8.304547985373E-02));
#6344 = ORIENTED_EDGE('',*,*,#6345,.T.);
#6345 = EDGE_CURVE('',#6338,#6313,#6346,.T.);
#6346 = LINE('',#6347,#6348);
#6347 = CARTESIAN_POINT('',(4.75,0.5,0.1));
#6348 = VECTOR('',#6349,1.);
#6349 = DIRECTION('',(-1.224646799147E-16,-1.,0.));
#6350 = ORIENTED_EDGE('',*,*,#6322,.T.);
#6351 = ORIENTED_EDGE('',*,*,#5348,.T.);
#6352 = ORIENTED_EDGE('',*,*,#6353,.T.);
#6353 = EDGE_CURVE('',#5341,#5685,#6354,.T.);
#6354 = LINE('',#6355,#6356);
#6355 = CARTESIAN_POINT('',(4.75,-2.8,0.));
#6356 = VECTOR('',#6357,1.);
#6357 = DIRECTION('',(1.224646799147E-16,1.,0.));
#6358 = PLANE('',#6359);
#6359 = AXIS2_PLACEMENT_3D('',#6360,#6361,#6362);
#6360 = CARTESIAN_POINT('',(4.75,-0.549524476701,7.07980355453E-02));
#6361 = DIRECTION('',(1.,-1.224646799147E-16,-0.));
#6362 = DIRECTION('',(-0.,0.,-1.));
#6363 = ADVANCED_FACE('',(#6364),#6375,.F.);
#6364 = FACE_BOUND('',#6365,.F.);
#6365 = EDGE_LOOP('',(#6366,#6367,#6373,#6374));
#6366 = ORIENTED_EDGE('',*,*,#5340,.T.);
#6367 = ORIENTED_EDGE('',*,*,#6368,.T.);
#6368 = EDGE_CURVE('',#5333,#5693,#6369,.T.);
#6369 = LINE('',#6370,#6371);
#6370 = CARTESIAN_POINT('',(5.25,-2.8,0.));
#6371 = VECTOR('',#6372,1.);
#6372 = DIRECTION('',(1.224646799147E-16,1.,0.));
#6373 = ORIENTED_EDGE('',*,*,#5692,.T.);
#6374 = ORIENTED_EDGE('',*,*,#6353,.F.);
#6375 = PLANE('',#6376);
#6376 = AXIS2_PLACEMENT_3D('',#6377,#6378,#6379);
#6377 = CARTESIAN_POINT('',(7.,-0.55,0.));
#6378 = DIRECTION('',(0.,0.,1.));
#6379 = DIRECTION('',(-1.,1.224646799147E-16,0.));
#6380 = ADVANCED_FACE('',(#6381),#6408,.T.);
#6381 = FACE_BOUND('',#6382,.T.);
#6382 = EDGE_LOOP('',(#6383,#6384,#6392,#6400,#6406,#6407));
#6383 = ORIENTED_EDGE('',*,*,#5700,.T.);
#6384 = ORIENTED_EDGE('',*,*,#6385,.T.);
#6385 = EDGE_CURVE('',#5701,#6386,#6388,.T.);
#6386 = VERTEX_POINT('',#6387);
#6387 = CARTESIAN_POINT('',(5.25,0.5,0.1));
#6388 = LINE('',#6389,#6390);
#6389 = CARTESIAN_POINT('',(5.25,1.7,0.2));
#6390 = VECTOR('',#6391,1.);
#6391 = DIRECTION('',(-1.220416573038E-16,-0.996545758245,
    -8.304547985373E-02));
#6392 = ORIENTED_EDGE('',*,*,#6393,.T.);
#6393 = EDGE_CURVE('',#6386,#6394,#6396,.T.);
#6394 = VERTEX_POINT('',#6395);
#6395 = CARTESIAN_POINT('',(5.25,-0.5,0.1));
#6396 = LINE('',#6397,#6398);
#6397 = CARTESIAN_POINT('',(5.25,0.5,0.1));
#6398 = VECTOR('',#6399,1.);
#6399 = DIRECTION('',(-1.224646799147E-16,-1.,0.));
#6400 = ORIENTED_EDGE('',*,*,#6401,.T.);
#6401 = EDGE_CURVE('',#6394,#5325,#6402,.T.);
#6402 = LINE('',#6403,#6404);
#6403 = CARTESIAN_POINT('',(5.25,-0.5,0.1));
#6404 = VECTOR('',#6405,1.);
#6405 = DIRECTION('',(-1.223490926498E-16,-0.999056158355,
    4.343722427631E-02));
#6406 = ORIENTED_EDGE('',*,*,#5332,.T.);
#6407 = ORIENTED_EDGE('',*,*,#6368,.T.);
#6408 = PLANE('',#6409);
#6409 = AXIS2_PLACEMENT_3D('',#6410,#6411,#6412);
#6410 = CARTESIAN_POINT('',(5.25,-0.549524476701,7.07980355453E-02));
#6411 = DIRECTION('',(1.,-1.224646799147E-16,-0.));
#6412 = DIRECTION('',(-0.,0.,-1.));
#6413 = ADVANCED_FACE('',(#6414),#6432,.F.);
#6414 = FACE_BOUND('',#6415,.F.);
#6415 = EDGE_LOOP('',(#6416,#6424,#6425,#6426));
#6416 = ORIENTED_EDGE('',*,*,#6417,.T.);
#6417 = EDGE_CURVE('',#6418,#6394,#6420,.T.);
#6418 = VERTEX_POINT('',#6419);
#6419 = CARTESIAN_POINT('',(6.75,-0.5,0.1));
#6420 = LINE('',#6421,#6422);
#6421 = CARTESIAN_POINT('',(6.75,-0.5,0.1));
#6422 = VECTOR('',#6423,1.);
#6423 = DIRECTION('',(-1.,1.224646799147E-16,0.));
#6424 = ORIENTED_EDGE('',*,*,#6401,.T.);
#6425 = ORIENTED_EDGE('',*,*,#5324,.F.);
#6426 = ORIENTED_EDGE('',*,*,#6427,.F.);
#6427 = EDGE_CURVE('',#6418,#5317,#6428,.T.);
#6428 = LINE('',#6429,#6430);
#6429 = CARTESIAN_POINT('',(6.75,-0.5,0.1));
#6430 = VECTOR('',#6431,1.);
#6431 = DIRECTION('',(-1.223490926498E-16,-0.999056158355,
    4.343722427631E-02));
#6432 = PLANE('',#6433);
#6433 = AXIS2_PLACEMENT_3D('',#6434,#6435,#6436);
#6434 = CARTESIAN_POINT('',(6.75,-0.5,0.1));
#6435 = DIRECTION('',(5.319525767383E-18,4.343722427631E-02,
    0.999056158355));
#6436 = DIRECTION('',(-1.223490926498E-16,-0.999056158355,
    4.343722427631E-02));
#6437 = ADVANCED_FACE('',(#6438),#6463,.F.);
#6438 = FACE_BOUND('',#6439,.F.);
#6439 = EDGE_LOOP('',(#6440,#6441,#6449,#6455,#6456,#6457));
#6440 = ORIENTED_EDGE('',*,*,#5716,.T.);
#6441 = ORIENTED_EDGE('',*,*,#6442,.T.);
#6442 = EDGE_CURVE('',#5709,#6443,#6445,.T.);
#6443 = VERTEX_POINT('',#6444);
#6444 = CARTESIAN_POINT('',(6.75,0.5,0.1));
#6445 = LINE('',#6446,#6447);
#6446 = CARTESIAN_POINT('',(6.75,1.7,0.2));
#6447 = VECTOR('',#6448,1.);
#6448 = DIRECTION('',(-1.220416573038E-16,-0.996545758245,
    -8.304547985373E-02));
#6449 = ORIENTED_EDGE('',*,*,#6450,.T.);
#6450 = EDGE_CURVE('',#6443,#6418,#6451,.T.);
#6451 = LINE('',#6452,#6453);
#6452 = CARTESIAN_POINT('',(6.75,0.5,0.1));
#6453 = VECTOR('',#6454,1.);
#6454 = DIRECTION('',(-1.224646799147E-16,-1.,0.));
#6455 = ORIENTED_EDGE('',*,*,#6427,.T.);
#6456 = ORIENTED_EDGE('',*,*,#5316,.T.);
#6457 = ORIENTED_EDGE('',*,*,#6458,.T.);
#6458 = EDGE_CURVE('',#5309,#5717,#6459,.T.);
#6459 = LINE('',#6460,#6461);
#6460 = CARTESIAN_POINT('',(6.75,-2.8,0.));
#6461 = VECTOR('',#6462,1.);
#6462 = DIRECTION('',(1.224646799147E-16,1.,0.));
#6463 = PLANE('',#6464);
#6464 = AXIS2_PLACEMENT_3D('',#6465,#6466,#6467);
#6465 = CARTESIAN_POINT('',(6.75,-0.549524476701,7.07980355453E-02));
#6466 = DIRECTION('',(1.,-1.224646799147E-16,-0.));
#6467 = DIRECTION('',(-0.,0.,-1.));
#6468 = ADVANCED_FACE('',(#6469),#6480,.F.);
#6469 = FACE_BOUND('',#6470,.F.);
#6470 = EDGE_LOOP('',(#6471,#6477,#6478,#6479));
#6471 = ORIENTED_EDGE('',*,*,#6472,.T.);
#6472 = EDGE_CURVE('',#5301,#5725,#6473,.T.);
#6473 = LINE('',#6474,#6475);
#6474 = CARTESIAN_POINT('',(7.25,-2.8,0.));
#6475 = VECTOR('',#6476,1.);
#6476 = DIRECTION('',(1.224646799147E-16,1.,0.));
#6477 = ORIENTED_EDGE('',*,*,#5724,.T.);
#6478 = ORIENTED_EDGE('',*,*,#6458,.F.);
#6479 = ORIENTED_EDGE('',*,*,#5308,.T.);
#6480 = PLANE('',#6481);
#6481 = AXIS2_PLACEMENT_3D('',#6482,#6483,#6484);
#6482 = CARTESIAN_POINT('',(7.,-0.55,0.));
#6483 = DIRECTION('',(0.,0.,1.));
#6484 = DIRECTION('',(-1.,1.224646799147E-16,0.));
#6485 = ADVANCED_FACE('',(#6486),#6513,.T.);
#6486 = FACE_BOUND('',#6487,.T.);
#6487 = EDGE_LOOP('',(#6488,#6489,#6497,#6505,#6511,#6512));
#6488 = ORIENTED_EDGE('',*,*,#5732,.T.);
#6489 = ORIENTED_EDGE('',*,*,#6490,.T.);
#6490 = EDGE_CURVE('',#5733,#6491,#6493,.T.);
#6491 = VERTEX_POINT('',#6492);
#6492 = CARTESIAN_POINT('',(7.25,0.5,0.1));
#6493 = LINE('',#6494,#6495);
#6494 = CARTESIAN_POINT('',(7.25,1.7,0.2));
#6495 = VECTOR('',#6496,1.);
#6496 = DIRECTION('',(-1.220416573038E-16,-0.996545758245,
    -8.304547985373E-02));
#6497 = ORIENTED_EDGE('',*,*,#6498,.T.);
#6498 = EDGE_CURVE('',#6491,#6499,#6501,.T.);
#6499 = VERTEX_POINT('',#6500);
#6500 = CARTESIAN_POINT('',(7.25,-0.5,0.1));
#6501 = LINE('',#6502,#6503);
#6502 = CARTESIAN_POINT('',(7.25,0.5,0.1));
#6503 = VECTOR('',#6504,1.);
#6504 = DIRECTION('',(-1.224646799147E-16,-1.,0.));
#6505 = ORIENTED_EDGE('',*,*,#6506,.T.);
#6506 = EDGE_CURVE('',#6499,#5293,#6507,.T.);
#6507 = LINE('',#6508,#6509);
#6508 = CARTESIAN_POINT('',(7.25,-0.5,0.1));
#6509 = VECTOR('',#6510,1.);
#6510 = DIRECTION('',(-1.223490926498E-16,-0.999056158355,
    4.343722427631E-02));
#6511 = ORIENTED_EDGE('',*,*,#5300,.T.);
#6512 = ORIENTED_EDGE('',*,*,#6472,.T.);
#6513 = PLANE('',#6514);
#6514 = AXIS2_PLACEMENT_3D('',#6515,#6516,#6517);
#6515 = CARTESIAN_POINT('',(7.25,-0.549524476701,7.07980355453E-02));
#6516 = DIRECTION('',(1.,-1.224646799147E-16,-0.));
#6517 = DIRECTION('',(-0.,0.,-1.));
#6518 = ADVANCED_FACE('',(#6519),#6537,.F.);
#6519 = FACE_BOUND('',#6520,.F.);
#6520 = EDGE_LOOP('',(#6521,#6529,#6530,#6531));
#6521 = ORIENTED_EDGE('',*,*,#6522,.T.);
#6522 = EDGE_CURVE('',#6523,#6499,#6525,.T.);
#6523 = VERTEX_POINT('',#6524);
#6524 = CARTESIAN_POINT('',(8.75,-0.5,0.1));
#6525 = LINE('',#6526,#6527);
#6526 = CARTESIAN_POINT('',(8.75,-0.5,0.1));
#6527 = VECTOR('',#6528,1.);
#6528 = DIRECTION('',(-1.,1.224646799147E-16,0.));
#6529 = ORIENTED_EDGE('',*,*,#6506,.T.);
#6530 = ORIENTED_EDGE('',*,*,#5292,.F.);
#6531 = ORIENTED_EDGE('',*,*,#6532,.F.);
#6532 = EDGE_CURVE('',#6523,#5285,#6533,.T.);
#6533 = LINE('',#6534,#6535);
#6534 = CARTESIAN_POINT('',(8.75,-0.5,0.1));
#6535 = VECTOR('',#6536,1.);
#6536 = DIRECTION('',(-1.223490926498E-16,-0.999056158355,
    4.343722427631E-02));
#6537 = PLANE('',#6538);
#6538 = AXIS2_PLACEMENT_3D('',#6539,#6540,#6541);
#6539 = CARTESIAN_POINT('',(8.75,-0.5,0.1));
#6540 = DIRECTION('',(5.319525767383E-18,4.343722427631E-02,
    0.999056158355));
#6541 = DIRECTION('',(-1.223490926498E-16,-0.999056158355,
    4.343722427631E-02));
#6542 = ADVANCED_FACE('',(#6543),#6568,.F.);
#6543 = FACE_BOUND('',#6544,.F.);
#6544 = EDGE_LOOP('',(#6545,#6546,#6554,#6560,#6561,#6562));
#6545 = ORIENTED_EDGE('',*,*,#5748,.T.);
#6546 = ORIENTED_EDGE('',*,*,#6547,.T.);
#6547 = EDGE_CURVE('',#5741,#6548,#6550,.T.);
#6548 = VERTEX_POINT('',#6549);
#6549 = CARTESIAN_POINT('',(8.75,0.5,0.1));
#6550 = LINE('',#6551,#6552);
#6551 = CARTESIAN_POINT('',(8.75,1.7,0.2));
#6552 = VECTOR('',#6553,1.);
#6553 = DIRECTION('',(-1.220416573038E-16,-0.996545758245,
    -8.304547985373E-02));
#6554 = ORIENTED_EDGE('',*,*,#6555,.T.);
#6555 = EDGE_CURVE('',#6548,#6523,#6556,.T.);
#6556 = LINE('',#6557,#6558);
#6557 = CARTESIAN_POINT('',(8.75,0.5,0.1));
#6558 = VECTOR('',#6559,1.);
#6559 = DIRECTION('',(-1.224646799147E-16,-1.,0.));
#6560 = ORIENTED_EDGE('',*,*,#6532,.T.);
#6561 = ORIENTED_EDGE('',*,*,#5284,.T.);
#6562 = ORIENTED_EDGE('',*,*,#6563,.T.);
#6563 = EDGE_CURVE('',#5277,#5749,#6564,.T.);
#6564 = LINE('',#6565,#6566);
#6565 = CARTESIAN_POINT('',(8.75,-2.8,0.));
#6566 = VECTOR('',#6567,1.);
#6567 = DIRECTION('',(1.224646799147E-16,1.,0.));
#6568 = PLANE('',#6569);
#6569 = AXIS2_PLACEMENT_3D('',#6570,#6571,#6572);
#6570 = CARTESIAN_POINT('',(8.75,-0.549524476701,7.07980355453E-02));
#6571 = DIRECTION('',(1.,-1.224646799147E-16,-0.));
#6572 = DIRECTION('',(-0.,0.,-1.));
#6573 = ADVANCED_FACE('',(#6574),#6585,.F.);
#6574 = FACE_BOUND('',#6575,.F.);
#6575 = EDGE_LOOP('',(#6576,#6577,#6578,#6579));
#6576 = ORIENTED_EDGE('',*,*,#5756,.T.);
#6577 = ORIENTED_EDGE('',*,*,#6563,.F.);
#6578 = ORIENTED_EDGE('',*,*,#5276,.T.);
#6579 = ORIENTED_EDGE('',*,*,#6580,.T.);
#6580 = EDGE_CURVE('',#5269,#5757,#6581,.T.);
#6581 = LINE('',#6582,#6583);
#6582 = CARTESIAN_POINT('',(9.25,-2.8,0.));
#6583 = VECTOR('',#6584,1.);
#6584 = DIRECTION('',(1.224646799147E-16,1.,0.));
#6585 = PLANE('',#6586);
#6586 = AXIS2_PLACEMENT_3D('',#6587,#6588,#6589);
#6587 = CARTESIAN_POINT('',(7.,-0.55,0.));
#6588 = DIRECTION('',(0.,0.,1.));
#6589 = DIRECTION('',(-1.,1.224646799147E-16,0.));
#6590 = ADVANCED_FACE('',(#6591),#6618,.T.);
#6591 = FACE_BOUND('',#6592,.T.);
#6592 = EDGE_LOOP('',(#6593,#6594,#6602,#6610,#6616,#6617));
#6593 = ORIENTED_EDGE('',*,*,#5764,.T.);
#6594 = ORIENTED_EDGE('',*,*,#6595,.T.);
#6595 = EDGE_CURVE('',#5765,#6596,#6598,.T.);
#6596 = VERTEX_POINT('',#6597);
#6597 = CARTESIAN_POINT('',(9.25,0.5,0.1));
#6598 = LINE('',#6599,#6600);
#6599 = CARTESIAN_POINT('',(9.25,1.7,0.2));
#6600 = VECTOR('',#6601,1.);
#6601 = DIRECTION('',(-1.220416573038E-16,-0.996545758245,
    -8.304547985373E-02));
#6602 = ORIENTED_EDGE('',*,*,#6603,.T.);
#6603 = EDGE_CURVE('',#6596,#6604,#6606,.T.);
#6604 = VERTEX_POINT('',#6605);
#6605 = CARTESIAN_POINT('',(9.25,-0.5,0.1));
#6606 = LINE('',#6607,#6608);
#6607 = CARTESIAN_POINT('',(9.25,0.5,0.1));
#6608 = VECTOR('',#6609,1.);
#6609 = DIRECTION('',(-1.224646799147E-16,-1.,0.));
#6610 = ORIENTED_EDGE('',*,*,#6611,.T.);
#6611 = EDGE_CURVE('',#6604,#5261,#6612,.T.);
#6612 = LINE('',#6613,#6614);
#6613 = CARTESIAN_POINT('',(9.25,-0.5,0.1));
#6614 = VECTOR('',#6615,1.);
#6615 = DIRECTION('',(-1.223490926498E-16,-0.999056158355,
    4.343722427631E-02));
#6616 = ORIENTED_EDGE('',*,*,#5268,.T.);
#6617 = ORIENTED_EDGE('',*,*,#6580,.T.);
#6618 = PLANE('',#6619);
#6619 = AXIS2_PLACEMENT_3D('',#6620,#6621,#6622);
#6620 = CARTESIAN_POINT('',(9.25,-0.549524476701,7.07980355453E-02));
#6621 = DIRECTION('',(1.,-1.224646799147E-16,-0.));
#6622 = DIRECTION('',(-0.,0.,-1.));
#6623 = ADVANCED_FACE('',(#6624),#6642,.F.);
#6624 = FACE_BOUND('',#6625,.F.);
#6625 = EDGE_LOOP('',(#6626,#6634,#6635,#6636));
#6626 = ORIENTED_EDGE('',*,*,#6627,.T.);
#6627 = EDGE_CURVE('',#6628,#6604,#6630,.T.);
#6628 = VERTEX_POINT('',#6629);
#6629 = CARTESIAN_POINT('',(10.75,-0.5,0.1));
#6630 = LINE('',#6631,#6632);
#6631 = CARTESIAN_POINT('',(10.75,-0.5,0.1));
#6632 = VECTOR('',#6633,1.);
#6633 = DIRECTION('',(-1.,1.224646799147E-16,0.));
#6634 = ORIENTED_EDGE('',*,*,#6611,.T.);
#6635 = ORIENTED_EDGE('',*,*,#5260,.F.);
#6636 = ORIENTED_EDGE('',*,*,#6637,.F.);
#6637 = EDGE_CURVE('',#6628,#5253,#6638,.T.);
#6638 = LINE('',#6639,#6640);
#6639 = CARTESIAN_POINT('',(10.75,-0.5,0.1));
#6640 = VECTOR('',#6641,1.);
#6641 = DIRECTION('',(-1.223490926498E-16,-0.999056158355,
    4.343722427631E-02));
#6642 = PLANE('',#6643);
#6643 = AXIS2_PLACEMENT_3D('',#6644,#6645,#6646);
#6644 = CARTESIAN_POINT('',(10.75,-0.5,0.1));
#6645 = DIRECTION('',(5.319525767383E-18,4.343722427631E-02,
    0.999056158355));
#6646 = DIRECTION('',(-1.223490926498E-16,-0.999056158355,
    4.343722427631E-02));
#6647 = ADVANCED_FACE('',(#6648),#6673,.F.);
#6648 = FACE_BOUND('',#6649,.F.);
#6649 = EDGE_LOOP('',(#6650,#6651,#6659,#6665,#6666,#6667));
#6650 = ORIENTED_EDGE('',*,*,#5780,.T.);
#6651 = ORIENTED_EDGE('',*,*,#6652,.T.);
#6652 = EDGE_CURVE('',#5773,#6653,#6655,.T.);
#6653 = VERTEX_POINT('',#6654);
#6654 = CARTESIAN_POINT('',(10.75,0.5,0.1));
#6655 = LINE('',#6656,#6657);
#6656 = CARTESIAN_POINT('',(10.75,1.7,0.2));
#6657 = VECTOR('',#6658,1.);
#6658 = DIRECTION('',(-1.220416573038E-16,-0.996545758245,
    -8.304547985373E-02));
#6659 = ORIENTED_EDGE('',*,*,#6660,.T.);
#6660 = EDGE_CURVE('',#6653,#6628,#6661,.T.);
#6661 = LINE('',#6662,#6663);
#6662 = CARTESIAN_POINT('',(10.75,0.5,0.1));
#6663 = VECTOR('',#6664,1.);
#6664 = DIRECTION('',(-1.224646799147E-16,-1.,0.));
#6665 = ORIENTED_EDGE('',*,*,#6637,.T.);
#6666 = ORIENTED_EDGE('',*,*,#5252,.T.);
#6667 = ORIENTED_EDGE('',*,*,#6668,.T.);
#6668 = EDGE_CURVE('',#5245,#5781,#6669,.T.);
#6669 = LINE('',#6670,#6671);
#6670 = CARTESIAN_POINT('',(10.75,-2.8,0.));
#6671 = VECTOR('',#6672,1.);
#6672 = DIRECTION('',(1.224646799147E-16,1.,0.));
#6673 = PLANE('',#6674);
#6674 = AXIS2_PLACEMENT_3D('',#6675,#6676,#6677);
#6675 = CARTESIAN_POINT('',(10.75,-0.549524476701,7.07980355453E-02));
#6676 = DIRECTION('',(1.,-1.224646799147E-16,-0.));
#6677 = DIRECTION('',(-0.,0.,-1.));
#6678 = ADVANCED_FACE('',(#6679),#6690,.F.);
#6679 = FACE_BOUND('',#6680,.F.);
#6680 = EDGE_LOOP('',(#6681,#6682,#6683,#6689));
#6681 = ORIENTED_EDGE('',*,*,#6668,.F.);
#6682 = ORIENTED_EDGE('',*,*,#5244,.T.);
#6683 = ORIENTED_EDGE('',*,*,#6684,.T.);
#6684 = EDGE_CURVE('',#5237,#5789,#6685,.T.);
#6685 = LINE('',#6686,#6687);
#6686 = CARTESIAN_POINT('',(11.25,-2.8,0.));
#6687 = VECTOR('',#6688,1.);
#6688 = DIRECTION('',(1.224646799147E-16,1.,0.));
#6689 = ORIENTED_EDGE('',*,*,#5788,.T.);
#6690 = PLANE('',#6691);
#6691 = AXIS2_PLACEMENT_3D('',#6692,#6693,#6694);
#6692 = CARTESIAN_POINT('',(7.,-0.55,0.));
#6693 = DIRECTION('',(0.,0.,1.));
#6694 = DIRECTION('',(-1.,1.224646799147E-16,0.));
#6695 = ADVANCED_FACE('',(#6696),#6723,.T.);
#6696 = FACE_BOUND('',#6697,.T.);
#6697 = EDGE_LOOP('',(#6698,#6699,#6707,#6715,#6721,#6722));
#6698 = ORIENTED_EDGE('',*,*,#5796,.T.);
#6699 = ORIENTED_EDGE('',*,*,#6700,.T.);
#6700 = EDGE_CURVE('',#5797,#6701,#6703,.T.);
#6701 = VERTEX_POINT('',#6702);
#6702 = CARTESIAN_POINT('',(11.25,0.5,0.1));
#6703 = LINE('',#6704,#6705);
#6704 = CARTESIAN_POINT('',(11.25,1.7,0.2));
#6705 = VECTOR('',#6706,1.);
#6706 = DIRECTION('',(-1.220416573038E-16,-0.996545758245,
    -8.304547985373E-02));
#6707 = ORIENTED_EDGE('',*,*,#6708,.T.);
#6708 = EDGE_CURVE('',#6701,#6709,#6711,.T.);
#6709 = VERTEX_POINT('',#6710);
#6710 = CARTESIAN_POINT('',(11.25,-0.5,0.1));
#6711 = LINE('',#6712,#6713);
#6712 = CARTESIAN_POINT('',(11.25,0.5,0.1));
#6713 = VECTOR('',#6714,1.);
#6714 = DIRECTION('',(-1.224646799147E-16,-1.,0.));
#6715 = ORIENTED_EDGE('',*,*,#6716,.T.);
#6716 = EDGE_CURVE('',#6709,#5229,#6717,.T.);
#6717 = LINE('',#6718,#6719);
#6718 = CARTESIAN_POINT('',(11.25,-0.5,0.1));
#6719 = VECTOR('',#6720,1.);
#6720 = DIRECTION('',(-1.223490926498E-16,-0.999056158355,
    4.343722427631E-02));
#6721 = ORIENTED_EDGE('',*,*,#5236,.T.);
#6722 = ORIENTED_EDGE('',*,*,#6684,.T.);
#6723 = PLANE('',#6724);
#6724 = AXIS2_PLACEMENT_3D('',#6725,#6726,#6727);
#6725 = CARTESIAN_POINT('',(11.25,-0.549524476701,7.07980355453E-02));
#6726 = DIRECTION('',(1.,-1.224646799147E-16,-0.));
#6727 = DIRECTION('',(-0.,0.,-1.));
#6728 = ADVANCED_FACE('',(#6729),#6747,.F.);
#6729 = FACE_BOUND('',#6730,.F.);
#6730 = EDGE_LOOP('',(#6731,#6739,#6740,#6741));
#6731 = ORIENTED_EDGE('',*,*,#6732,.T.);
#6732 = EDGE_CURVE('',#6733,#6709,#6735,.T.);
#6733 = VERTEX_POINT('',#6734);
#6734 = CARTESIAN_POINT('',(12.75,-0.5,0.1));
#6735 = LINE('',#6736,#6737);
#6736 = CARTESIAN_POINT('',(12.75,-0.5,0.1));
#6737 = VECTOR('',#6738,1.);
#6738 = DIRECTION('',(-1.,1.224646799147E-16,0.));
#6739 = ORIENTED_EDGE('',*,*,#6716,.T.);
#6740 = ORIENTED_EDGE('',*,*,#5228,.F.);
#6741 = ORIENTED_EDGE('',*,*,#6742,.F.);
#6742 = EDGE_CURVE('',#6733,#5221,#6743,.T.);
#6743 = LINE('',#6744,#6745);
#6744 = CARTESIAN_POINT('',(12.75,-0.5,0.1));
#6745 = VECTOR('',#6746,1.);
#6746 = DIRECTION('',(-1.223490926498E-16,-0.999056158355,
    4.343722427631E-02));
#6747 = PLANE('',#6748);
#6748 = AXIS2_PLACEMENT_3D('',#6749,#6750,#6751);
#6749 = CARTESIAN_POINT('',(12.75,-0.5,0.1));
#6750 = DIRECTION('',(5.319525767383E-18,4.343722427631E-02,
    0.999056158355));
#6751 = DIRECTION('',(-1.223490926498E-16,-0.999056158355,
    4.343722427631E-02));
#6752 = ADVANCED_FACE('',(#6753),#6778,.F.);
#6753 = FACE_BOUND('',#6754,.F.);
#6754 = EDGE_LOOP('',(#6755,#6756,#6764,#6770,#6771,#6772));
#6755 = ORIENTED_EDGE('',*,*,#5812,.T.);
#6756 = ORIENTED_EDGE('',*,*,#6757,.T.);
#6757 = EDGE_CURVE('',#5805,#6758,#6760,.T.);
#6758 = VERTEX_POINT('',#6759);
#6759 = CARTESIAN_POINT('',(12.75,0.5,0.1));
#6760 = LINE('',#6761,#6762);
#6761 = CARTESIAN_POINT('',(12.75,1.7,0.2));
#6762 = VECTOR('',#6763,1.);
#6763 = DIRECTION('',(-1.220416573038E-16,-0.996545758245,
    -8.304547985373E-02));
#6764 = ORIENTED_EDGE('',*,*,#6765,.T.);
#6765 = EDGE_CURVE('',#6758,#6733,#6766,.T.);
#6766 = LINE('',#6767,#6768);
#6767 = CARTESIAN_POINT('',(12.75,0.5,0.1));
#6768 = VECTOR('',#6769,1.);
#6769 = DIRECTION('',(-1.224646799147E-16,-1.,0.));
#6770 = ORIENTED_EDGE('',*,*,#6742,.T.);
#6771 = ORIENTED_EDGE('',*,*,#5220,.T.);
#6772 = ORIENTED_EDGE('',*,*,#6773,.T.);
#6773 = EDGE_CURVE('',#5213,#5813,#6774,.T.);
#6774 = LINE('',#6775,#6776);
#6775 = CARTESIAN_POINT('',(12.75,-2.8,0.));
#6776 = VECTOR('',#6777,1.);
#6777 = DIRECTION('',(1.224646799147E-16,1.,0.));
#6778 = PLANE('',#6779);
#6779 = AXIS2_PLACEMENT_3D('',#6780,#6781,#6782);
#6780 = CARTESIAN_POINT('',(12.75,-0.549524476701,7.07980355453E-02));
#6781 = DIRECTION('',(1.,-1.224646799147E-16,-0.));
#6782 = DIRECTION('',(-0.,0.,-1.));
#6783 = ADVANCED_FACE('',(#6784),#6795,.F.);
#6784 = FACE_BOUND('',#6785,.F.);
#6785 = EDGE_LOOP('',(#6786,#6787,#6793,#6794));
#6786 = ORIENTED_EDGE('',*,*,#5212,.T.);
#6787 = ORIENTED_EDGE('',*,*,#6788,.T.);
#6788 = EDGE_CURVE('',#5205,#5821,#6789,.T.);
#6789 = LINE('',#6790,#6791);
#6790 = CARTESIAN_POINT('',(13.25,-2.8,0.));
#6791 = VECTOR('',#6792,1.);
#6792 = DIRECTION('',(1.224646799147E-16,1.,0.));
#6793 = ORIENTED_EDGE('',*,*,#5820,.T.);
#6794 = ORIENTED_EDGE('',*,*,#6773,.F.);
#6795 = PLANE('',#6796);
#6796 = AXIS2_PLACEMENT_3D('',#6797,#6798,#6799);
#6797 = CARTESIAN_POINT('',(7.,-0.55,0.));
#6798 = DIRECTION('',(0.,0.,1.));
#6799 = DIRECTION('',(-1.,1.224646799147E-16,0.));
#6800 = ADVANCED_FACE('',(#6801),#6828,.T.);
#6801 = FACE_BOUND('',#6802,.T.);
#6802 = EDGE_LOOP('',(#6803,#6804,#6812,#6820,#6826,#6827));
#6803 = ORIENTED_EDGE('',*,*,#5828,.T.);
#6804 = ORIENTED_EDGE('',*,*,#6805,.T.);
#6805 = EDGE_CURVE('',#5829,#6806,#6808,.T.);
#6806 = VERTEX_POINT('',#6807);
#6807 = CARTESIAN_POINT('',(13.25,0.5,0.1));
#6808 = LINE('',#6809,#6810);
#6809 = CARTESIAN_POINT('',(13.25,1.7,0.2));
#6810 = VECTOR('',#6811,1.);
#6811 = DIRECTION('',(-1.220416573038E-16,-0.996545758245,
    -8.304547985373E-02));
#6812 = ORIENTED_EDGE('',*,*,#6813,.T.);
#6813 = EDGE_CURVE('',#6806,#6814,#6816,.T.);
#6814 = VERTEX_POINT('',#6815);
#6815 = CARTESIAN_POINT('',(13.25,-0.5,0.1));
#6816 = LINE('',#6817,#6818);
#6817 = CARTESIAN_POINT('',(13.25,0.5,0.1));
#6818 = VECTOR('',#6819,1.);
#6819 = DIRECTION('',(-1.224646799147E-16,-1.,0.));
#6820 = ORIENTED_EDGE('',*,*,#6821,.T.);
#6821 = EDGE_CURVE('',#6814,#5197,#6822,.T.);
#6822 = LINE('',#6823,#6824);
#6823 = CARTESIAN_POINT('',(13.25,-0.5,0.1));
#6824 = VECTOR('',#6825,1.);
#6825 = DIRECTION('',(-1.223490926498E-16,-0.999056158355,
    4.343722427631E-02));
#6826 = ORIENTED_EDGE('',*,*,#5204,.T.);
#6827 = ORIENTED_EDGE('',*,*,#6788,.T.);
#6828 = PLANE('',#6829);
#6829 = AXIS2_PLACEMENT_3D('',#6830,#6831,#6832);
#6830 = CARTESIAN_POINT('',(13.25,-0.549524476701,7.07980355453E-02));
#6831 = DIRECTION('',(1.,-1.224646799147E-16,-0.));
#6832 = DIRECTION('',(-0.,0.,-1.));
#6833 = ADVANCED_FACE('',(#6834),#6845,.F.);
#6834 = FACE_BOUND('',#6835,.F.);
#6835 = EDGE_LOOP('',(#6836,#6842,#6843,#6844));
#6836 = ORIENTED_EDGE('',*,*,#6837,.T.);
#6837 = EDGE_CURVE('',#5459,#6814,#6838,.T.);
#6838 = LINE('',#6839,#6840);
#6839 = CARTESIAN_POINT('',(14.75,-0.5,0.1));
#6840 = VECTOR('',#6841,1.);
#6841 = DIRECTION('',(-1.,1.224646799147E-16,0.));
#6842 = ORIENTED_EDGE('',*,*,#6821,.T.);
#6843 = ORIENTED_EDGE('',*,*,#5196,.F.);
#6844 = ORIENTED_EDGE('',*,*,#5466,.F.);
#6845 = PLANE('',#6846);
#6846 = AXIS2_PLACEMENT_3D('',#6847,#6848,#6849);
#6847 = CARTESIAN_POINT('',(14.75,-0.5,0.1));
#6848 = DIRECTION('',(5.319525767383E-18,4.343722427631E-02,
    0.999056158355));
#6849 = DIRECTION('',(-1.223490926498E-16,-0.999056158355,
    4.343722427631E-02));
#6850 = ADVANCED_FACE('',(#6851),#6888,.F.);
#6851 = FACE_BOUND('',#6852,.F.);
#6852 = EDGE_LOOP('',(#6853,#6854,#6855,#6863,#6871,#6880,#6886,#6887));
#6853 = ORIENTED_EDGE('',*,*,#6048,.F.);
#6854 = ORIENTED_EDGE('',*,*,#5588,.T.);
#6855 = ORIENTED_EDGE('',*,*,#6856,.T.);
#6856 = EDGE_CURVE('',#5581,#6857,#6859,.T.);
#6857 = VERTEX_POINT('',#6858);
#6858 = CARTESIAN_POINT('',(-1.95,0.2,6.));
#6859 = LINE('',#6860,#6861);
#6860 = CARTESIAN_POINT('',(-1.95,1.7,6.));
#6861 = VECTOR('',#6862,1.);
#6862 = DIRECTION('',(-1.224646799147E-16,-1.,0.));
#6863 = ORIENTED_EDGE('',*,*,#6864,.T.);
#6864 = EDGE_CURVE('',#6857,#6865,#6867,.T.);
#6865 = VERTEX_POINT('',#6866);
#6866 = CARTESIAN_POINT('',(-1.95,0.2,4.4));
#6867 = LINE('',#6868,#6869);
#6868 = CARTESIAN_POINT('',(-1.95,0.2,3.));
#6869 = VECTOR('',#6870,1.);
#6870 = DIRECTION('',(-0.,0.,-1.));
#6871 = ORIENTED_EDGE('',*,*,#6872,.F.);
#6872 = EDGE_CURVE('',#6873,#6865,#6875,.T.);
#6873 = VERTEX_POINT('',#6874);
#6874 = CARTESIAN_POINT('',(-1.95,-0.6,4.4));
#6875 = CIRCLE('',#6876,0.4);
#6876 = AXIS2_PLACEMENT_3D('',#6877,#6878,#6879);
#6877 = CARTESIAN_POINT('',(-1.95,-0.2,4.4));
#6878 = DIRECTION('',(1.,-1.224646799147E-16,0.));
#6879 = DIRECTION('',(1.224646799147E-16,1.,0.));
#6880 = ORIENTED_EDGE('',*,*,#6881,.T.);
#6881 = EDGE_CURVE('',#6873,#6025,#6882,.T.);
#6882 = LINE('',#6883,#6884);
#6883 = CARTESIAN_POINT('',(-1.95,-0.6,2.2));
#6884 = VECTOR('',#6885,1.);
#6885 = DIRECTION('',(0.,0.,1.));
#6886 = ORIENTED_EDGE('',*,*,#6032,.T.);
#6887 = ORIENTED_EDGE('',*,*,#5172,.F.);
#6888 = PLANE('',#6889);
#6889 = AXIS2_PLACEMENT_3D('',#6890,#6891,#6892);
#6890 = CARTESIAN_POINT('',(-1.95,1.7,0.));
#6891 = DIRECTION('',(1.,-1.224646799147E-16,0.));
#6892 = DIRECTION('',(-1.224646799147E-16,-1.,0.));
#6893 = ADVANCED_FACE('',(#6894),#6905,.F.);
#6894 = FACE_BOUND('',#6895,.F.);
#6895 = EDGE_LOOP('',(#6896,#6897,#6898,#6904));
#6896 = ORIENTED_EDGE('',*,*,#5836,.T.);
#6897 = ORIENTED_EDGE('',*,*,#6805,.T.);
#6898 = ORIENTED_EDGE('',*,*,#6899,.F.);
#6899 = EDGE_CURVE('',#5451,#6806,#6900,.T.);
#6900 = LINE('',#6901,#6902);
#6901 = CARTESIAN_POINT('',(14.75,0.5,0.1));
#6902 = VECTOR('',#6903,1.);
#6903 = DIRECTION('',(-1.,1.224646799147E-16,0.));
#6904 = ORIENTED_EDGE('',*,*,#5450,.F.);
#6905 = PLANE('',#6906);
#6906 = AXIS2_PLACEMENT_3D('',#6907,#6908,#6909);
#6907 = CARTESIAN_POINT('',(14.75,1.7,0.2));
#6908 = DIRECTION('',(-1.017013810865E-17,-8.304547985373E-02,
    0.996545758245));
#6909 = DIRECTION('',(-1.220416573038E-16,-0.996545758245,
    -8.304547985373E-02));
#6910 = ADVANCED_FACE('',(#6911,#6917),#6951,.F.);
#6911 = FACE_BOUND('',#6912,.F.);
#6912 = EDGE_LOOP('',(#6913,#6914,#6915,#6916));
#6913 = ORIENTED_EDGE('',*,*,#6899,.T.);
#6914 = ORIENTED_EDGE('',*,*,#6813,.T.);
#6915 = ORIENTED_EDGE('',*,*,#6837,.F.);
#6916 = ORIENTED_EDGE('',*,*,#5458,.F.);
#6917 = FACE_BOUND('',#6918,.F.);
#6918 = EDGE_LOOP('',(#6919,#6929,#6937,#6945));
#6919 = ORIENTED_EDGE('',*,*,#6920,.T.);
#6920 = EDGE_CURVE('',#6921,#6923,#6925,.T.);
#6921 = VERTEX_POINT('',#6922);
#6922 = CARTESIAN_POINT('',(14.25,0.25,0.1));
#6923 = VERTEX_POINT('',#6924);
#6924 = CARTESIAN_POINT('',(14.25,-0.25,0.1));
#6925 = LINE('',#6926,#6927);
#6926 = CARTESIAN_POINT('',(14.25,0.271633216363,0.1));
#6927 = VECTOR('',#6928,1.);
#6928 = DIRECTION('',(-1.224646799147E-16,-1.,0.));
#6929 = ORIENTED_EDGE('',*,*,#6930,.T.);
#6930 = EDGE_CURVE('',#6923,#6931,#6933,.T.);
#6931 = VERTEX_POINT('',#6932);
#6932 = CARTESIAN_POINT('',(13.75,-0.25,0.1));
#6933 = LINE('',#6934,#6935);
#6934 = CARTESIAN_POINT('',(14.5,-0.25,0.1));
#6935 = VECTOR('',#6936,1.);
#6936 = DIRECTION('',(-1.,1.224646799147E-16,0.));
#6937 = ORIENTED_EDGE('',*,*,#6938,.F.);
#6938 = EDGE_CURVE('',#6939,#6931,#6941,.T.);
#6939 = VERTEX_POINT('',#6940);
#6940 = CARTESIAN_POINT('',(13.75,0.25,0.1));
#6941 = LINE('',#6942,#6943);
#6942 = CARTESIAN_POINT('',(13.75,0.271633216363,0.1));
#6943 = VECTOR('',#6944,1.);
#6944 = DIRECTION('',(-1.224646799147E-16,-1.,0.));
#6945 = ORIENTED_EDGE('',*,*,#6946,.T.);
#6946 = EDGE_CURVE('',#6939,#6921,#6947,.T.);
#6947 = LINE('',#6948,#6949);
#6948 = CARTESIAN_POINT('',(14.5,0.25,0.1));
#6949 = VECTOR('',#6950,1.);
#6950 = DIRECTION('',(1.,-1.224646799147E-16,0.));
#6951 = PLANE('',#6952);
#6952 = AXIS2_PLACEMENT_3D('',#6953,#6954,#6955);
#6953 = CARTESIAN_POINT('',(14.75,0.5,0.1));
#6954 = DIRECTION('',(0.,0.,1.));
#6955 = DIRECTION('',(-1.224646799147E-16,-1.,0.));
#6956 = ADVANCED_FACE('',(#6957),#6968,.F.);
#6957 = FACE_BOUND('',#6958,.F.);
#6958 = EDGE_LOOP('',(#6959,#6960,#6961,#6967));
#6959 = ORIENTED_EDGE('',*,*,#5804,.T.);
#6960 = ORIENTED_EDGE('',*,*,#6700,.T.);
#6961 = ORIENTED_EDGE('',*,*,#6962,.F.);
#6962 = EDGE_CURVE('',#6758,#6701,#6963,.T.);
#6963 = LINE('',#6964,#6965);
#6964 = CARTESIAN_POINT('',(12.75,0.5,0.1));
#6965 = VECTOR('',#6966,1.);
#6966 = DIRECTION('',(-1.,1.224646799147E-16,0.));
#6967 = ORIENTED_EDGE('',*,*,#6757,.F.);
#6968 = PLANE('',#6969);
#6969 = AXIS2_PLACEMENT_3D('',#6970,#6971,#6972);
#6970 = CARTESIAN_POINT('',(12.75,1.7,0.2));
#6971 = DIRECTION('',(-1.017013810865E-17,-8.304547985373E-02,
    0.996545758245));
#6972 = DIRECTION('',(-1.220416573038E-16,-0.996545758245,
    -8.304547985373E-02));
#6973 = ADVANCED_FACE('',(#6974),#6985,.F.);
#6974 = FACE_BOUND('',#6975,.F.);
#6975 = EDGE_LOOP('',(#6976,#6977,#6978,#6984));
#6976 = ORIENTED_EDGE('',*,*,#5772,.T.);
#6977 = ORIENTED_EDGE('',*,*,#6595,.T.);
#6978 = ORIENTED_EDGE('',*,*,#6979,.F.);
#6979 = EDGE_CURVE('',#6653,#6596,#6980,.T.);
#6980 = LINE('',#6981,#6982);
#6981 = CARTESIAN_POINT('',(10.75,0.5,0.1));
#6982 = VECTOR('',#6983,1.);
#6983 = DIRECTION('',(-1.,1.224646799147E-16,0.));
#6984 = ORIENTED_EDGE('',*,*,#6652,.F.);
#6985 = PLANE('',#6986);
#6986 = AXIS2_PLACEMENT_3D('',#6987,#6988,#6989);
#6987 = CARTESIAN_POINT('',(10.75,1.7,0.2));
#6988 = DIRECTION('',(-1.017013810865E-17,-8.304547985373E-02,
    0.996545758245));
#6989 = DIRECTION('',(-1.220416573038E-16,-0.996545758245,
    -8.304547985373E-02));
#6990 = ADVANCED_FACE('',(#6991),#7002,.F.);
#6991 = FACE_BOUND('',#6992,.F.);
#6992 = EDGE_LOOP('',(#6993,#6994,#6995,#7001));
#6993 = ORIENTED_EDGE('',*,*,#5740,.T.);
#6994 = ORIENTED_EDGE('',*,*,#6490,.T.);
#6995 = ORIENTED_EDGE('',*,*,#6996,.F.);
#6996 = EDGE_CURVE('',#6548,#6491,#6997,.T.);
#6997 = LINE('',#6998,#6999);
#6998 = CARTESIAN_POINT('',(8.75,0.5,0.1));
#6999 = VECTOR('',#7000,1.);
#7000 = DIRECTION('',(-1.,1.224646799147E-16,0.));
#7001 = ORIENTED_EDGE('',*,*,#6547,.F.);
#7002 = PLANE('',#7003);
#7003 = AXIS2_PLACEMENT_3D('',#7004,#7005,#7006);
#7004 = CARTESIAN_POINT('',(8.75,1.7,0.2));
#7005 = DIRECTION('',(-1.017013810865E-17,-8.304547985373E-02,
    0.996545758245));
#7006 = DIRECTION('',(-1.220416573038E-16,-0.996545758245,
    -8.304547985373E-02));
#7007 = ADVANCED_FACE('',(#7008),#7019,.F.);
#7008 = FACE_BOUND('',#7009,.F.);
#7009 = EDGE_LOOP('',(#7010,#7011,#7012,#7018));
#7010 = ORIENTED_EDGE('',*,*,#5708,.T.);
#7011 = ORIENTED_EDGE('',*,*,#6385,.T.);
#7012 = ORIENTED_EDGE('',*,*,#7013,.F.);
#7013 = EDGE_CURVE('',#6443,#6386,#7014,.T.);
#7014 = LINE('',#7015,#7016);
#7015 = CARTESIAN_POINT('',(6.75,0.5,0.1));
#7016 = VECTOR('',#7017,1.);
#7017 = DIRECTION('',(-1.,1.224646799147E-16,0.));
#7018 = ORIENTED_EDGE('',*,*,#6442,.F.);
#7019 = PLANE('',#7020);
#7020 = AXIS2_PLACEMENT_3D('',#7021,#7022,#7023);
#7021 = CARTESIAN_POINT('',(6.75,1.7,0.2));
#7022 = DIRECTION('',(-1.017013810865E-17,-8.304547985373E-02,
    0.996545758245));
#7023 = DIRECTION('',(-1.220416573038E-16,-0.996545758245,
    -8.304547985373E-02));
#7024 = ADVANCED_FACE('',(#7025),#7036,.F.);
#7025 = FACE_BOUND('',#7026,.F.);
#7026 = EDGE_LOOP('',(#7027,#7028,#7029,#7035));
#7027 = ORIENTED_EDGE('',*,*,#5676,.T.);
#7028 = ORIENTED_EDGE('',*,*,#6280,.T.);
#7029 = ORIENTED_EDGE('',*,*,#7030,.F.);
#7030 = EDGE_CURVE('',#6338,#6281,#7031,.T.);
#7031 = LINE('',#7032,#7033);
#7032 = CARTESIAN_POINT('',(4.75,0.5,0.1));
#7033 = VECTOR('',#7034,1.);
#7034 = DIRECTION('',(-1.,1.224646799147E-16,0.));
#7035 = ORIENTED_EDGE('',*,*,#6337,.F.);
#7036 = PLANE('',#7037);
#7037 = AXIS2_PLACEMENT_3D('',#7038,#7039,#7040);
#7038 = CARTESIAN_POINT('',(4.75,1.7,0.2));
#7039 = DIRECTION('',(-1.017013810865E-17,-8.304547985373E-02,
    0.996545758245));
#7040 = DIRECTION('',(-1.220416573038E-16,-0.996545758245,
    -8.304547985373E-02));
#7041 = ADVANCED_FACE('',(#7042),#7053,.F.);
#7042 = FACE_BOUND('',#7043,.F.);
#7043 = EDGE_LOOP('',(#7044,#7045,#7046,#7052));
#7044 = ORIENTED_EDGE('',*,*,#5644,.T.);
#7045 = ORIENTED_EDGE('',*,*,#6175,.T.);
#7046 = ORIENTED_EDGE('',*,*,#7047,.F.);
#7047 = EDGE_CURVE('',#6233,#6176,#7048,.T.);
#7048 = LINE('',#7049,#7050);
#7049 = CARTESIAN_POINT('',(2.75,0.5,0.1));
#7050 = VECTOR('',#7051,1.);
#7051 = DIRECTION('',(-1.,1.224646799147E-16,0.));
#7052 = ORIENTED_EDGE('',*,*,#6232,.F.);
#7053 = PLANE('',#7054);
#7054 = AXIS2_PLACEMENT_3D('',#7055,#7056,#7057);
#7055 = CARTESIAN_POINT('',(2.75,1.7,0.2));
#7056 = DIRECTION('',(-1.017013810865E-17,-8.304547985373E-02,
    0.996545758245));
#7057 = DIRECTION('',(-1.220416573038E-16,-0.996545758245,
    -8.304547985373E-02));
#7058 = ADVANCED_FACE('',(#7059),#7070,.F.);
#7059 = FACE_BOUND('',#7060,.F.);
#7060 = EDGE_LOOP('',(#7061,#7062,#7063,#7069));
#7061 = ORIENTED_EDGE('',*,*,#5612,.T.);
#7062 = ORIENTED_EDGE('',*,*,#6070,.T.);
#7063 = ORIENTED_EDGE('',*,*,#7064,.F.);
#7064 = EDGE_CURVE('',#6128,#6071,#7065,.T.);
#7065 = LINE('',#7066,#7067);
#7066 = CARTESIAN_POINT('',(0.75,0.5,0.1));
#7067 = VECTOR('',#7068,1.);
#7068 = DIRECTION('',(-1.,1.224646799147E-16,0.));
#7069 = ORIENTED_EDGE('',*,*,#6127,.F.);
#7070 = PLANE('',#7071);
#7071 = AXIS2_PLACEMENT_3D('',#7072,#7073,#7074);
#7072 = CARTESIAN_POINT('',(0.75,1.7,0.2));
#7073 = DIRECTION('',(-1.017013810865E-17,-8.304547985373E-02,
    0.996545758245));
#7074 = DIRECTION('',(-1.220416573038E-16,-0.996545758245,
    -8.304547985373E-02));
#7075 = ADVANCED_FACE('',(#7076),#7133,.T.);
#7076 = FACE_BOUND('',#7077,.T.);
#7077 = EDGE_LOOP('',(#7078,#7086,#7087,#7095,#7103,#7109,#7110,#7111,
    #7119,#7127));
#7078 = ORIENTED_EDGE('',*,*,#7079,.F.);
#7079 = EDGE_CURVE('',#5509,#7080,#7082,.T.);
#7080 = VERTEX_POINT('',#7081);
#7081 = CARTESIAN_POINT('',(0.55,1.1,6.));
#7082 = LINE('',#7083,#7084);
#7083 = CARTESIAN_POINT('',(0.55,1.7,6.));
#7084 = VECTOR('',#7085,1.);
#7085 = DIRECTION('',(-1.224646799147E-16,-1.,0.));
#7086 = ORIENTED_EDGE('',*,*,#5516,.T.);
#7087 = ORIENTED_EDGE('',*,*,#7088,.T.);
#7088 = EDGE_CURVE('',#5517,#7089,#7091,.T.);
#7089 = VERTEX_POINT('',#7090);
#7090 = CARTESIAN_POINT('',(-0.45,1.75,6.));
#7091 = LINE('',#7092,#7093);
#7092 = CARTESIAN_POINT('',(-0.45,1.7,6.));
#7093 = VECTOR('',#7094,1.);
#7094 = DIRECTION('',(1.224646799147E-16,1.,0.));
#7095 = ORIENTED_EDGE('',*,*,#7096,.T.);
#7096 = EDGE_CURVE('',#7089,#7097,#7099,.T.);
#7097 = VERTEX_POINT('',#7098);
#7098 = CARTESIAN_POINT('',(-0.95,1.75,6.));
#7099 = LINE('',#7100,#7101);
#7100 = CARTESIAN_POINT('',(-0.45,1.75,6.));
#7101 = VECTOR('',#7102,1.);
#7102 = DIRECTION('',(-1.,1.224646799147E-16,0.));
#7103 = ORIENTED_EDGE('',*,*,#7104,.T.);
#7104 = EDGE_CURVE('',#7097,#5573,#7105,.T.);
#7105 = LINE('',#7106,#7107);
#7106 = CARTESIAN_POINT('',(-0.95,1.75,6.));
#7107 = VECTOR('',#7108,1.);
#7108 = DIRECTION('',(-1.224646799147E-16,-1.,0.));
#7109 = ORIENTED_EDGE('',*,*,#5580,.T.);
#7110 = ORIENTED_EDGE('',*,*,#6856,.T.);
#7111 = ORIENTED_EDGE('',*,*,#7112,.F.);
#7112 = EDGE_CURVE('',#7113,#6857,#7115,.T.);
#7113 = VERTEX_POINT('',#7114);
#7114 = CARTESIAN_POINT('',(-1.45,0.2,6.));
#7115 = LINE('',#7116,#7117);
#7116 = CARTESIAN_POINT('',(15.95,0.2,6.));
#7117 = VECTOR('',#7118,1.);
#7118 = DIRECTION('',(-1.,1.224646799147E-16,0.));
#7119 = ORIENTED_EDGE('',*,*,#7120,.F.);
#7120 = EDGE_CURVE('',#7121,#7113,#7123,.T.);
#7121 = VERTEX_POINT('',#7122);
#7122 = CARTESIAN_POINT('',(-1.45,1.1,6.));
#7123 = LINE('',#7124,#7125);
#7124 = CARTESIAN_POINT('',(-1.45,1.1,6.));
#7125 = VECTOR('',#7126,1.);
#7126 = DIRECTION('',(-1.224646799147E-16,-1.,0.));
#7127 = ORIENTED_EDGE('',*,*,#7128,.F.);
#7128 = EDGE_CURVE('',#7080,#7121,#7129,.T.);
#7129 = LINE('',#7130,#7131);
#7130 = CARTESIAN_POINT('',(15.45,1.1,6.));
#7131 = VECTOR('',#7132,1.);
#7132 = DIRECTION('',(-1.,1.224646799147E-16,0.));
#7133 = PLANE('',#7134);
#7134 = AXIS2_PLACEMENT_3D('',#7135,#7136,#7137);
#7135 = CARTESIAN_POINT('',(-0.922222222222,1.18487654321,6.));
#7136 = DIRECTION('',(0.,0.,1.));
#7137 = DIRECTION('',(-1.,1.224646799147E-16,0.));
#7138 = ADVANCED_FACE('',(#7139),#7157,.F.);
#7139 = FACE_BOUND('',#7140,.F.);
#7140 = EDGE_LOOP('',(#7141,#7149,#7150,#7151));
#7141 = ORIENTED_EDGE('',*,*,#7142,.T.);
#7142 = EDGE_CURVE('',#7143,#7097,#7145,.T.);
#7143 = VERTEX_POINT('',#7144);
#7144 = CARTESIAN_POINT('',(-0.95,1.75,4.2));
#7145 = LINE('',#7146,#7147);
#7146 = CARTESIAN_POINT('',(-0.95,1.75,4.2));
#7147 = VECTOR('',#7148,1.);
#7148 = DIRECTION('',(0.,0.,1.));
#7149 = ORIENTED_EDGE('',*,*,#7104,.T.);
#7150 = ORIENTED_EDGE('',*,*,#5572,.F.);
#7151 = ORIENTED_EDGE('',*,*,#7152,.F.);
#7152 = EDGE_CURVE('',#7143,#5565,#7153,.T.);
#7153 = LINE('',#7154,#7155);
#7154 = CARTESIAN_POINT('',(-0.95,1.75,4.2));
#7155 = VECTOR('',#7156,1.);
#7156 = DIRECTION('',(-1.224646799147E-16,-1.,0.));
#7157 = PLANE('',#7158);
#7158 = AXIS2_PLACEMENT_3D('',#7159,#7160,#7161);
#7159 = CARTESIAN_POINT('',(-0.95,1.75,4.2));
#7160 = DIRECTION('',(1.,-1.224646799147E-16,0.));
#7161 = DIRECTION('',(-1.224646799147E-16,-1.,0.));
#7162 = ADVANCED_FACE('',(#7163),#7204,.T.);
#7163 = FACE_BOUND('',#7164,.T.);
#7164 = EDGE_LOOP('',(#7165,#7166,#7174,#7182,#7188,#7189,#7190,#7198));
#7165 = ORIENTED_EDGE('',*,*,#5532,.F.);
#7166 = ORIENTED_EDGE('',*,*,#7167,.T.);
#7167 = EDGE_CURVE('',#5533,#7168,#7170,.T.);
#7168 = VERTEX_POINT('',#7169);
#7169 = CARTESIAN_POINT('',(-0.4,1.1,4.2));
#7170 = LINE('',#7171,#7172);
#7171 = CARTESIAN_POINT('',(-0.4,1.7,4.2));
#7172 = VECTOR('',#7173,1.);
#7173 = DIRECTION('',(-1.224646799147E-16,-1.,0.));
#7174 = ORIENTED_EDGE('',*,*,#7175,.T.);
#7175 = EDGE_CURVE('',#7168,#7176,#7178,.T.);
#7176 = VERTEX_POINT('',#7177);
#7177 = CARTESIAN_POINT('',(-1.4,1.1,4.2));
#7178 = LINE('',#7179,#7180);
#7179 = CARTESIAN_POINT('',(7.525,1.1,4.2));
#7180 = VECTOR('',#7181,1.);
#7181 = DIRECTION('',(-1.,1.224646799147E-16,0.));
#7182 = ORIENTED_EDGE('',*,*,#7183,.F.);
#7183 = EDGE_CURVE('',#5557,#7176,#7184,.T.);
#7184 = LINE('',#7185,#7186);
#7185 = CARTESIAN_POINT('',(-1.4,1.7,4.2));
#7186 = VECTOR('',#7187,1.);
#7187 = DIRECTION('',(-1.224646799147E-16,-1.,0.));
#7188 = ORIENTED_EDGE('',*,*,#5564,.F.);
#7189 = ORIENTED_EDGE('',*,*,#7152,.F.);
#7190 = ORIENTED_EDGE('',*,*,#7191,.F.);
#7191 = EDGE_CURVE('',#7192,#7143,#7194,.T.);
#7192 = VERTEX_POINT('',#7193);
#7193 = CARTESIAN_POINT('',(-0.45,1.75,4.2));
#7194 = LINE('',#7195,#7196);
#7195 = CARTESIAN_POINT('',(-0.45,1.75,4.2));
#7196 = VECTOR('',#7197,1.);
#7197 = DIRECTION('',(-1.,1.224646799147E-16,0.));
#7198 = ORIENTED_EDGE('',*,*,#7199,.F.);
#7199 = EDGE_CURVE('',#5525,#7192,#7200,.T.);
#7200 = LINE('',#7201,#7202);
#7201 = CARTESIAN_POINT('',(-0.45,1.7,4.2));
#7202 = VECTOR('',#7203,1.);
#7203 = DIRECTION('',(1.224646799147E-16,1.,0.));
#7204 = PLANE('',#7205);
#7205 = AXIS2_PLACEMENT_3D('',#7206,#7207,#7208);
#7206 = CARTESIAN_POINT('',(-0.893939393939,1.417424242424,4.2));
#7207 = DIRECTION('',(-5.562082537515E-31,-3.729435539758E-31,-1.));
#7208 = DIRECTION('',(1.,-1.224646799147E-16,-5.562082537515E-31));
#7209 = ADVANCED_FACE('',(#7210),#7228,.T.);
#7210 = FACE_BOUND('',#7211,.T.);
#7211 = EDGE_LOOP('',(#7212,#7213,#7214,#7222));
#7212 = ORIENTED_EDGE('',*,*,#5556,.F.);
#7213 = ORIENTED_EDGE('',*,*,#7183,.T.);
#7214 = ORIENTED_EDGE('',*,*,#7215,.T.);
#7215 = EDGE_CURVE('',#7176,#7216,#7218,.T.);
#7216 = VERTEX_POINT('',#7217);
#7217 = CARTESIAN_POINT('',(-1.4,1.1,2.4));
#7218 = LINE('',#7219,#7220);
#7219 = CARTESIAN_POINT('',(-1.4,1.1,5.1));
#7220 = VECTOR('',#7221,1.);
#7221 = DIRECTION('',(-0.,0.,-1.));
#7222 = ORIENTED_EDGE('',*,*,#7223,.F.);
#7223 = EDGE_CURVE('',#5549,#7216,#7224,.T.);
#7224 = LINE('',#7225,#7226);
#7225 = CARTESIAN_POINT('',(-1.4,1.7,2.4));
#7226 = VECTOR('',#7227,1.);
#7227 = DIRECTION('',(-1.224646799147E-16,-1.,0.));
#7228 = PLANE('',#7229);
#7229 = AXIS2_PLACEMENT_3D('',#7230,#7231,#7232);
#7230 = CARTESIAN_POINT('',(-1.4,1.7,4.2));
#7231 = DIRECTION('',(1.,-1.224646799147E-16,-0.));
#7232 = DIRECTION('',(-0.,0.,-1.));
#7233 = ADVANCED_FACE('',(#7234),#7252,.T.);
#7234 = FACE_BOUND('',#7235,.T.);
#7235 = EDGE_LOOP('',(#7236,#7237,#7238,#7246));
#7236 = ORIENTED_EDGE('',*,*,#5548,.F.);
#7237 = ORIENTED_EDGE('',*,*,#7223,.T.);
#7238 = ORIENTED_EDGE('',*,*,#7239,.T.);
#7239 = EDGE_CURVE('',#7216,#7240,#7242,.T.);
#7240 = VERTEX_POINT('',#7241);
#7241 = CARTESIAN_POINT('',(-0.4,1.1,2.4));
#7242 = LINE('',#7243,#7244);
#7243 = CARTESIAN_POINT('',(7.025,1.1,2.4));
#7244 = VECTOR('',#7245,1.);
#7245 = DIRECTION('',(1.,-1.224646799147E-16,0.));
#7246 = ORIENTED_EDGE('',*,*,#7247,.F.);
#7247 = EDGE_CURVE('',#5541,#7240,#7248,.T.);
#7248 = LINE('',#7249,#7250);
#7249 = CARTESIAN_POINT('',(-0.4,1.7,2.4));
#7250 = VECTOR('',#7251,1.);
#7251 = DIRECTION('',(-1.224646799147E-16,-1.,0.));
#7252 = PLANE('',#7253);
#7253 = AXIS2_PLACEMENT_3D('',#7254,#7255,#7256);
#7254 = CARTESIAN_POINT('',(-1.4,1.7,2.4));
#7255 = DIRECTION('',(0.,0.,1.));
#7256 = DIRECTION('',(1.,-1.224646799147E-16,0.));
#7257 = ADVANCED_FACE('',(#7258),#7269,.T.);
#7258 = FACE_BOUND('',#7259,.T.);
#7259 = EDGE_LOOP('',(#7260,#7261,#7262,#7268));
#7260 = ORIENTED_EDGE('',*,*,#5540,.F.);
#7261 = ORIENTED_EDGE('',*,*,#7247,.T.);
#7262 = ORIENTED_EDGE('',*,*,#7263,.T.);
#7263 = EDGE_CURVE('',#7240,#7168,#7264,.T.);
#7264 = LINE('',#7265,#7266);
#7265 = CARTESIAN_POINT('',(-0.4,1.1,4.2));
#7266 = VECTOR('',#7267,1.);
#7267 = DIRECTION('',(0.,0.,1.));
#7268 = ORIENTED_EDGE('',*,*,#7167,.F.);
#7269 = PLANE('',#7270);
#7270 = AXIS2_PLACEMENT_3D('',#7271,#7272,#7273);
#7271 = CARTESIAN_POINT('',(-0.4,1.7,2.4));
#7272 = DIRECTION('',(-1.,1.224646799147E-16,0.));
#7273 = DIRECTION('',(0.,0.,1.));
#7274 = ADVANCED_FACE('',(#7275),#7286,.F.);
#7275 = FACE_BOUND('',#7276,.F.);
#7276 = EDGE_LOOP('',(#7277,#7278,#7279,#7285));
#7277 = ORIENTED_EDGE('',*,*,#5524,.T.);
#7278 = ORIENTED_EDGE('',*,*,#7088,.T.);
#7279 = ORIENTED_EDGE('',*,*,#7280,.F.);
#7280 = EDGE_CURVE('',#7192,#7089,#7281,.T.);
#7281 = LINE('',#7282,#7283);
#7282 = CARTESIAN_POINT('',(-0.45,1.75,4.2));
#7283 = VECTOR('',#7284,1.);
#7284 = DIRECTION('',(0.,0.,1.));
#7285 = ORIENTED_EDGE('',*,*,#7199,.F.);
#7286 = PLANE('',#7287);
#7287 = AXIS2_PLACEMENT_3D('',#7288,#7289,#7290);
#7288 = CARTESIAN_POINT('',(-0.45,1.7,4.2));
#7289 = DIRECTION('',(-1.,1.224646799147E-16,0.));
#7290 = DIRECTION('',(1.224646799147E-16,1.,0.));
#7291 = ADVANCED_FACE('',(#7292),#7310,.F.);
#7292 = FACE_BOUND('',#7293,.F.);
#7293 = EDGE_LOOP('',(#7294,#7295,#7303,#7309));
#7294 = ORIENTED_EDGE('',*,*,#5508,.F.);
#7295 = ORIENTED_EDGE('',*,*,#7296,.T.);
#7296 = EDGE_CURVE('',#5501,#7297,#7299,.T.);
#7297 = VERTEX_POINT('',#7298);
#7298 = CARTESIAN_POINT('',(0.55,1.1,2.1));
#7299 = LINE('',#7300,#7301);
#7300 = CARTESIAN_POINT('',(0.55,1.7,2.1));
#7301 = VECTOR('',#7302,1.);
#7302 = DIRECTION('',(-1.224646799147E-16,-1.,0.));
#7303 = ORIENTED_EDGE('',*,*,#7304,.T.);
#7304 = EDGE_CURVE('',#7297,#7080,#7305,.T.);
#7305 = LINE('',#7306,#7307);
#7306 = CARTESIAN_POINT('',(0.55,1.1,4.05));
#7307 = VECTOR('',#7308,1.);
#7308 = DIRECTION('',(0.,0.,1.));
#7309 = ORIENTED_EDGE('',*,*,#7079,.F.);
#7310 = PLANE('',#7311);
#7311 = AXIS2_PLACEMENT_3D('',#7312,#7313,#7314);
#7312 = CARTESIAN_POINT('',(0.55,1.7,2.1));
#7313 = DIRECTION('',(-1.,1.224646799147E-16,0.));
#7314 = DIRECTION('',(0.,0.,1.));
#7315 = ADVANCED_FACE('',(#7316),#7334,.F.);
#7316 = FACE_BOUND('',#7317,.F.);
#7317 = EDGE_LOOP('',(#7318,#7319,#7327,#7333));
#7318 = ORIENTED_EDGE('',*,*,#5500,.F.);
#7319 = ORIENTED_EDGE('',*,*,#7320,.T.);
#7320 = EDGE_CURVE('',#5493,#7321,#7323,.T.);
#7321 = VERTEX_POINT('',#7322);
#7322 = CARTESIAN_POINT('',(13.45,1.1,2.1));
#7323 = LINE('',#7324,#7325);
#7324 = CARTESIAN_POINT('',(13.45,1.7,2.1));
#7325 = VECTOR('',#7326,1.);
#7326 = DIRECTION('',(-1.224646799147E-16,-1.,0.));
#7327 = ORIENTED_EDGE('',*,*,#7328,.T.);
#7328 = EDGE_CURVE('',#7321,#7297,#7329,.T.);
#7329 = LINE('',#7330,#7331);
#7330 = CARTESIAN_POINT('',(14.45,1.1,2.1));
#7331 = VECTOR('',#7332,1.);
#7332 = DIRECTION('',(-1.,1.224646799147E-16,0.));
#7333 = ORIENTED_EDGE('',*,*,#7296,.F.);
#7334 = PLANE('',#7335);
#7335 = AXIS2_PLACEMENT_3D('',#7336,#7337,#7338);
#7336 = CARTESIAN_POINT('',(13.45,1.7,2.1));
#7337 = DIRECTION('',(-0.,0.,-1.));
#7338 = DIRECTION('',(-1.,1.224646799147E-16,0.));
#7339 = ADVANCED_FACE('',(#7340),#7351,.F.);
#7340 = FACE_BOUND('',#7341,.F.);
#7341 = EDGE_LOOP('',(#7342,#7343,#7344,#7350));
#7342 = ORIENTED_EDGE('',*,*,#5492,.F.);
#7343 = ORIENTED_EDGE('',*,*,#5895,.T.);
#7344 = ORIENTED_EDGE('',*,*,#7345,.T.);
#7345 = EDGE_CURVE('',#5896,#7321,#7346,.T.);
#7346 = LINE('',#7347,#7348);
#7347 = CARTESIAN_POINT('',(13.45,1.1,6.));
#7348 = VECTOR('',#7349,1.);
#7349 = DIRECTION('',(-0.,0.,-1.));
#7350 = ORIENTED_EDGE('',*,*,#7320,.F.);
#7351 = PLANE('',#7352);
#7352 = AXIS2_PLACEMENT_3D('',#7353,#7354,#7355);
#7353 = CARTESIAN_POINT('',(13.45,1.7,6.));
#7354 = DIRECTION('',(1.,-1.224646799147E-16,0.));
#7355 = DIRECTION('',(0.,-0.,-1.));
#7356 = ADVANCED_FACE('',(#7357),#7382,.F.);
#7357 = FACE_BOUND('',#7358,.F.);
#7358 = EDGE_LOOP('',(#7359,#7360,#7368,#7376));
#7359 = ORIENTED_EDGE('',*,*,#5845,.F.);
#7360 = ORIENTED_EDGE('',*,*,#7361,.T.);
#7361 = EDGE_CURVE('',#5846,#7362,#7364,.T.);
#7362 = VERTEX_POINT('',#7363);
#7363 = CARTESIAN_POINT('',(14.4,1.1,4.2));
#7364 = LINE('',#7365,#7366);
#7365 = CARTESIAN_POINT('',(14.4,1.7,4.2));
#7366 = VECTOR('',#7367,1.);
#7367 = DIRECTION('',(-1.224646799147E-16,-1.,0.));
#7368 = ORIENTED_EDGE('',*,*,#7369,.T.);
#7369 = EDGE_CURVE('',#7362,#7370,#7372,.T.);
#7370 = VERTEX_POINT('',#7371);
#7371 = CARTESIAN_POINT('',(15.4,1.1,4.2));
#7372 = LINE('',#7373,#7374);
#7373 = CARTESIAN_POINT('',(14.925,1.1,4.2));
#7374 = VECTOR('',#7375,1.);
#7375 = DIRECTION('',(1.,-1.224646799147E-16,0.));
#7376 = ORIENTED_EDGE('',*,*,#7377,.F.);
#7377 = EDGE_CURVE('',#5848,#7370,#7378,.T.);
#7378 = LINE('',#7379,#7380);
#7379 = CARTESIAN_POINT('',(15.4,1.7,4.2));
#7380 = VECTOR('',#7381,1.);
#7381 = DIRECTION('',(-1.224646799147E-16,-1.,0.));
#7382 = PLANE('',#7383);
#7383 = AXIS2_PLACEMENT_3D('',#7384,#7385,#7386);
#7384 = CARTESIAN_POINT('',(14.4,1.7,4.2));
#7385 = DIRECTION('',(0.,0.,1.));
#7386 = DIRECTION('',(1.,-1.224646799147E-16,0.));
#7387 = ADVANCED_FACE('',(#7388),#7406,.F.);
#7388 = FACE_BOUND('',#7389,.F.);
#7389 = EDGE_LOOP('',(#7390,#7391,#7399,#7405));
#7390 = ORIENTED_EDGE('',*,*,#5871,.F.);
#7391 = ORIENTED_EDGE('',*,*,#7392,.T.);
#7392 = EDGE_CURVE('',#5864,#7393,#7395,.T.);
#7393 = VERTEX_POINT('',#7394);
#7394 = CARTESIAN_POINT('',(14.4,1.1,2.4));
#7395 = LINE('',#7396,#7397);
#7396 = CARTESIAN_POINT('',(14.4,1.7,2.4));
#7397 = VECTOR('',#7398,1.);
#7398 = DIRECTION('',(-1.224646799147E-16,-1.,0.));
#7399 = ORIENTED_EDGE('',*,*,#7400,.T.);
#7400 = EDGE_CURVE('',#7393,#7362,#7401,.T.);
#7401 = LINE('',#7402,#7403);
#7402 = CARTESIAN_POINT('',(14.4,1.1,4.2));
#7403 = VECTOR('',#7404,1.);
#7404 = DIRECTION('',(0.,0.,1.));
#7405 = ORIENTED_EDGE('',*,*,#7361,.F.);
#7406 = PLANE('',#7407);
#7407 = AXIS2_PLACEMENT_3D('',#7408,#7409,#7410);
#7408 = CARTESIAN_POINT('',(14.4,1.7,2.4));
#7409 = DIRECTION('',(-1.,1.224646799147E-16,0.));
#7410 = DIRECTION('',(0.,0.,1.));
#7411 = ADVANCED_FACE('',(#7412),#7430,.F.);
#7412 = FACE_BOUND('',#7413,.F.);
#7413 = EDGE_LOOP('',(#7414,#7415,#7416,#7424));
#7414 = ORIENTED_EDGE('',*,*,#5855,.F.);
#7415 = ORIENTED_EDGE('',*,*,#7377,.T.);
#7416 = ORIENTED_EDGE('',*,*,#7417,.T.);
#7417 = EDGE_CURVE('',#7370,#7418,#7420,.T.);
#7418 = VERTEX_POINT('',#7419);
#7419 = CARTESIAN_POINT('',(15.4,1.1,2.4));
#7420 = LINE('',#7421,#7422);
#7421 = CARTESIAN_POINT('',(15.4,1.1,5.1));
#7422 = VECTOR('',#7423,1.);
#7423 = DIRECTION('',(-0.,0.,-1.));
#7424 = ORIENTED_EDGE('',*,*,#7425,.F.);
#7425 = EDGE_CURVE('',#5856,#7418,#7426,.T.);
#7426 = LINE('',#7427,#7428);
#7427 = CARTESIAN_POINT('',(15.4,1.7,2.4));
#7428 = VECTOR('',#7429,1.);
#7429 = DIRECTION('',(-1.224646799147E-16,-1.,0.));
#7430 = PLANE('',#7431);
#7431 = AXIS2_PLACEMENT_3D('',#7432,#7433,#7434);
#7432 = CARTESIAN_POINT('',(15.4,1.7,4.2));
#7433 = DIRECTION('',(1.,-1.224646799147E-16,-0.));
#7434 = DIRECTION('',(-0.,0.,-1.));
#7435 = ADVANCED_FACE('',(#7436),#7447,.F.);
#7436 = FACE_BOUND('',#7437,.F.);
#7437 = EDGE_LOOP('',(#7438,#7439,#7440,#7446));
#7438 = ORIENTED_EDGE('',*,*,#5863,.F.);
#7439 = ORIENTED_EDGE('',*,*,#7425,.T.);
#7440 = ORIENTED_EDGE('',*,*,#7441,.T.);
#7441 = EDGE_CURVE('',#7418,#7393,#7442,.T.);
#7442 = LINE('',#7443,#7444);
#7443 = CARTESIAN_POINT('',(15.425,1.1,2.4));
#7444 = VECTOR('',#7445,1.);
#7445 = DIRECTION('',(-1.,1.224646799147E-16,0.));
#7446 = ORIENTED_EDGE('',*,*,#7392,.F.);
#7447 = PLANE('',#7448);
#7448 = AXIS2_PLACEMENT_3D('',#7449,#7450,#7451);
#7449 = CARTESIAN_POINT('',(15.4,1.7,2.4));
#7450 = DIRECTION('',(-0.,0.,-1.));
#7451 = DIRECTION('',(-1.,1.224646799147E-16,0.));
#7452 = ADVANCED_FACE('',(#7453),#7482,.F.);
#7453 = FACE_BOUND('',#7454,.F.);
#7454 = EDGE_LOOP('',(#7455,#7456,#7464,#7472,#7478,#7479,#7480,#7481));
#7455 = ORIENTED_EDGE('',*,*,#6000,.F.);
#7456 = ORIENTED_EDGE('',*,*,#7457,.T.);
#7457 = EDGE_CURVE('',#6001,#7458,#7460,.T.);
#7458 = VERTEX_POINT('',#7459);
#7459 = CARTESIAN_POINT('',(15.45,-2.3,1.8));
#7460 = LINE('',#7461,#7462);
#7461 = CARTESIAN_POINT('',(15.45,-2.3,6.));
#7462 = VECTOR('',#7463,1.);
#7463 = DIRECTION('',(0.,0.,-1.));
#7464 = ORIENTED_EDGE('',*,*,#7465,.T.);
#7465 = EDGE_CURVE('',#7458,#7466,#7468,.T.);
#7466 = VERTEX_POINT('',#7467);
#7467 = CARTESIAN_POINT('',(15.45,1.1,1.8));
#7468 = LINE('',#7469,#7470);
#7469 = CARTESIAN_POINT('',(15.45,-2.3,1.8));
#7470 = VECTOR('',#7471,1.);
#7471 = DIRECTION('',(1.224646799147E-16,1.,0.));
#7472 = ORIENTED_EDGE('',*,*,#7473,.F.);
#7473 = EDGE_CURVE('',#5904,#7466,#7474,.T.);
#7474 = LINE('',#7475,#7476);
#7475 = CARTESIAN_POINT('',(15.45,1.1,6.));
#7476 = VECTOR('',#7477,1.);
#7477 = DIRECTION('',(0.,0.,-1.));
#7478 = ORIENTED_EDGE('',*,*,#5911,.F.);
#7479 = ORIENTED_EDGE('',*,*,#5927,.T.);
#7480 = ORIENTED_EDGE('',*,*,#5957,.F.);
#7481 = ORIENTED_EDGE('',*,*,#5976,.T.);
#7482 = PLANE('',#7483);
#7483 = AXIS2_PLACEMENT_3D('',#7484,#7485,#7486);
#7484 = CARTESIAN_POINT('',(15.45,-2.3,6.));
#7485 = DIRECTION('',(1.,-1.224646799147E-16,0.));
#7486 = DIRECTION('',(1.224646799147E-16,1.,0.));
#7487 = ADVANCED_FACE('',(#7488,#7510,#7516),#7522,.F.);
#7488 = FACE_BOUND('',#7489,.F.);
#7489 = EDGE_LOOP('',(#7490,#7491,#7492,#7500,#7506,#7507,#7508,#7509));
#7490 = ORIENTED_EDGE('',*,*,#5903,.F.);
#7491 = ORIENTED_EDGE('',*,*,#7473,.T.);
#7492 = ORIENTED_EDGE('',*,*,#7493,.T.);
#7493 = EDGE_CURVE('',#7466,#7494,#7496,.T.);
#7494 = VERTEX_POINT('',#7495);
#7495 = CARTESIAN_POINT('',(-1.45,1.1,1.8));
#7496 = LINE('',#7497,#7498);
#7497 = CARTESIAN_POINT('',(15.45,1.1,1.8));
#7498 = VECTOR('',#7499,1.);
#7499 = DIRECTION('',(-1.,1.224646799147E-16,0.));
#7500 = ORIENTED_EDGE('',*,*,#7501,.F.);
#7501 = EDGE_CURVE('',#7121,#7494,#7502,.T.);
#7502 = LINE('',#7503,#7504);
#7503 = CARTESIAN_POINT('',(-1.45,1.1,6.));
#7504 = VECTOR('',#7505,1.);
#7505 = DIRECTION('',(0.,0.,-1.));
#7506 = ORIENTED_EDGE('',*,*,#7128,.F.);
#7507 = ORIENTED_EDGE('',*,*,#7304,.F.);
#7508 = ORIENTED_EDGE('',*,*,#7328,.F.);
#7509 = ORIENTED_EDGE('',*,*,#7345,.F.);
#7510 = FACE_BOUND('',#7511,.F.);
#7511 = EDGE_LOOP('',(#7512,#7513,#7514,#7515));
#7512 = ORIENTED_EDGE('',*,*,#7215,.T.);
#7513 = ORIENTED_EDGE('',*,*,#7239,.T.);
#7514 = ORIENTED_EDGE('',*,*,#7263,.T.);
#7515 = ORIENTED_EDGE('',*,*,#7175,.T.);
#7516 = FACE_BOUND('',#7517,.F.);
#7517 = EDGE_LOOP('',(#7518,#7519,#7520,#7521));
#7518 = ORIENTED_EDGE('',*,*,#7441,.F.);
#7519 = ORIENTED_EDGE('',*,*,#7417,.F.);
#7520 = ORIENTED_EDGE('',*,*,#7369,.F.);
#7521 = ORIENTED_EDGE('',*,*,#7400,.F.);
#7522 = PLANE('',#7523);
#7523 = AXIS2_PLACEMENT_3D('',#7524,#7525,#7526);
#7524 = CARTESIAN_POINT('',(15.45,1.1,6.));
#7525 = DIRECTION('',(1.224646799147E-16,1.,0.));
#7526 = DIRECTION('',(-1.,1.224646799147E-16,0.));
#7527 = ADVANCED_FACE('',(#7528),#7546,.T.);
#7528 = FACE_BOUND('',#7529,.T.);
#7529 = EDGE_LOOP('',(#7530,#7538,#7544,#7545));
#7530 = ORIENTED_EDGE('',*,*,#7531,.T.);
#7531 = EDGE_CURVE('',#6017,#7532,#7534,.T.);
#7532 = VERTEX_POINT('',#7533);
#7533 = CARTESIAN_POINT('',(-1.45,-0.6,4.4));
#7534 = LINE('',#7535,#7536);
#7535 = CARTESIAN_POINT('',(-1.45,-0.6,5.2));
#7536 = VECTOR('',#7537,1.);
#7537 = DIRECTION('',(-0.,0.,-1.));
#7538 = ORIENTED_EDGE('',*,*,#7539,.T.);
#7539 = EDGE_CURVE('',#7532,#6873,#7540,.T.);
#7540 = LINE('',#7541,#7542);
#7541 = CARTESIAN_POINT('',(15.95,-0.6,4.4));
#7542 = VECTOR('',#7543,1.);
#7543 = DIRECTION('',(-1.,1.224646799147E-16,0.));
#7544 = ORIENTED_EDGE('',*,*,#6881,.T.);
#7545 = ORIENTED_EDGE('',*,*,#6024,.F.);
#7546 = PLANE('',#7547);
#7547 = AXIS2_PLACEMENT_3D('',#7548,#7549,#7550);
#7548 = CARTESIAN_POINT('',(15.95,-0.6,4.4));
#7549 = DIRECTION('',(1.224646799147E-16,1.,0.));
#7550 = DIRECTION('',(0.,-0.,1.));
#7551 = ADVANCED_FACE('',(#7552),#7587,.F.);
#7552 = FACE_BOUND('',#7553,.F.);
#7553 = EDGE_LOOP('',(#7554,#7555,#7556,#7564,#7570,#7571,#7572,#7581));
#7554 = ORIENTED_EDGE('',*,*,#7120,.F.);
#7555 = ORIENTED_EDGE('',*,*,#7501,.T.);
#7556 = ORIENTED_EDGE('',*,*,#7557,.T.);
#7557 = EDGE_CURVE('',#7494,#7558,#7560,.T.);
#7558 = VERTEX_POINT('',#7559);
#7559 = CARTESIAN_POINT('',(-1.45,-2.3,1.8));
#7560 = LINE('',#7561,#7562);
#7561 = CARTESIAN_POINT('',(-1.45,1.1,1.8));
#7562 = VECTOR('',#7563,1.);
#7563 = DIRECTION('',(-1.224646799147E-16,-1.,0.));
#7564 = ORIENTED_EDGE('',*,*,#7565,.F.);
#7565 = EDGE_CURVE('',#6009,#7558,#7566,.T.);
#7566 = LINE('',#7567,#7568);
#7567 = CARTESIAN_POINT('',(-1.45,-2.3,6.));
#7568 = VECTOR('',#7569,1.);
#7569 = DIRECTION('',(0.,0.,-1.));
#7570 = ORIENTED_EDGE('',*,*,#6016,.F.);
#7571 = ORIENTED_EDGE('',*,*,#7531,.T.);
#7572 = ORIENTED_EDGE('',*,*,#7573,.T.);
#7573 = EDGE_CURVE('',#7532,#7574,#7576,.T.);
#7574 = VERTEX_POINT('',#7575);
#7575 = CARTESIAN_POINT('',(-1.45,0.2,4.4));
#7576 = CIRCLE('',#7577,0.4);
#7577 = AXIS2_PLACEMENT_3D('',#7578,#7579,#7580);
#7578 = CARTESIAN_POINT('',(-1.45,-0.2,4.4));
#7579 = DIRECTION('',(1.,-1.224646799147E-16,0.));
#7580 = DIRECTION('',(1.224646799147E-16,1.,0.));
#7581 = ORIENTED_EDGE('',*,*,#7582,.T.);
#7582 = EDGE_CURVE('',#7574,#7113,#7583,.T.);
#7583 = LINE('',#7584,#7585);
#7584 = CARTESIAN_POINT('',(-1.45,0.2,6.));
#7585 = VECTOR('',#7586,1.);
#7586 = DIRECTION('',(0.,0.,1.));
#7587 = PLANE('',#7588);
#7588 = AXIS2_PLACEMENT_3D('',#7589,#7590,#7591);
#7589 = CARTESIAN_POINT('',(-1.45,1.1,6.));
#7590 = DIRECTION('',(-1.,1.224646799147E-16,0.));
#7591 = DIRECTION('',(-1.224646799147E-16,-1.,0.));
#7592 = ADVANCED_FACE('',(#7593),#7828,.F.);
#7593 = FACE_BOUND('',#7594,.F.);
#7594 = EDGE_LOOP('',(#7595,#7596,#7597,#7605,#7613,#7621,#7629,#7637,
    #7645,#7653,#7661,#7669,#7677,#7685,#7693,#7701,#7709,#7717,#7725,
    #7733,#7741,#7749,#7757,#7765,#7773,#7781,#7789,#7797,#7805,#7813,
    #7821,#7827));
#7595 = ORIENTED_EDGE('',*,*,#6008,.F.);
#7596 = ORIENTED_EDGE('',*,*,#7565,.T.);
#7597 = ORIENTED_EDGE('',*,*,#7598,.T.);
#7598 = EDGE_CURVE('',#7558,#7599,#7601,.T.);
#7599 = VERTEX_POINT('',#7600);
#7600 = CARTESIAN_POINT('',(0.8,-2.3,1.8));
#7601 = LINE('',#7602,#7603);
#7602 = CARTESIAN_POINT('',(-1.45,-2.3,1.8));
#7603 = VECTOR('',#7604,1.);
#7604 = DIRECTION('',(1.,-1.224646799147E-16,0.));
#7605 = ORIENTED_EDGE('',*,*,#7606,.T.);
#7606 = EDGE_CURVE('',#7599,#7607,#7609,.T.);
#7607 = VERTEX_POINT('',#7608);
#7608 = CARTESIAN_POINT('',(0.8,-2.3,3.7));
#7609 = LINE('',#7610,#7611);
#7610 = CARTESIAN_POINT('',(0.8,-2.3,1.8));
#7611 = VECTOR('',#7612,1.);
#7612 = DIRECTION('',(0.,0.,1.));
#7613 = ORIENTED_EDGE('',*,*,#7614,.T.);
#7614 = EDGE_CURVE('',#7607,#7615,#7617,.T.);
#7615 = VERTEX_POINT('',#7616);
#7616 = CARTESIAN_POINT('',(1.2,-2.3,3.7));
#7617 = LINE('',#7618,#7619);
#7618 = CARTESIAN_POINT('',(0.8,-2.3,3.7));
#7619 = VECTOR('',#7620,1.);
#7620 = DIRECTION('',(1.,-1.224646799147E-16,0.));
#7621 = ORIENTED_EDGE('',*,*,#7622,.F.);
#7622 = EDGE_CURVE('',#7623,#7615,#7625,.T.);
#7623 = VERTEX_POINT('',#7624);
#7624 = CARTESIAN_POINT('',(1.2,-2.3,1.8));
#7625 = LINE('',#7626,#7627);
#7626 = CARTESIAN_POINT('',(1.2,-2.3,1.8));
#7627 = VECTOR('',#7628,1.);
#7628 = DIRECTION('',(0.,0.,1.));
#7629 = ORIENTED_EDGE('',*,*,#7630,.T.);
#7630 = EDGE_CURVE('',#7623,#7631,#7633,.T.);
#7631 = VERTEX_POINT('',#7632);
#7632 = CARTESIAN_POINT('',(2.8,-2.3,1.8));
#7633 = LINE('',#7634,#7635);
#7634 = CARTESIAN_POINT('',(-1.45,-2.3,1.8));
#7635 = VECTOR('',#7636,1.);
#7636 = DIRECTION('',(1.,-1.224646799147E-16,0.));
#7637 = ORIENTED_EDGE('',*,*,#7638,.T.);
#7638 = EDGE_CURVE('',#7631,#7639,#7641,.T.);
#7639 = VERTEX_POINT('',#7640);
#7640 = CARTESIAN_POINT('',(2.8,-2.3,3.7));
#7641 = LINE('',#7642,#7643);
#7642 = CARTESIAN_POINT('',(2.8,-2.3,1.8));
#7643 = VECTOR('',#7644,1.);
#7644 = DIRECTION('',(0.,0.,1.));
#7645 = ORIENTED_EDGE('',*,*,#7646,.T.);
#7646 = EDGE_CURVE('',#7639,#7647,#7649,.T.);
#7647 = VERTEX_POINT('',#7648);
#7648 = CARTESIAN_POINT('',(3.2,-2.3,3.7));
#7649 = LINE('',#7650,#7651);
#7650 = CARTESIAN_POINT('',(2.8,-2.3,3.7));
#7651 = VECTOR('',#7652,1.);
#7652 = DIRECTION('',(1.,-1.224646799147E-16,0.));
#7653 = ORIENTED_EDGE('',*,*,#7654,.F.);
#7654 = EDGE_CURVE('',#7655,#7647,#7657,.T.);
#7655 = VERTEX_POINT('',#7656);
#7656 = CARTESIAN_POINT('',(3.2,-2.3,1.8));
#7657 = LINE('',#7658,#7659);
#7658 = CARTESIAN_POINT('',(3.2,-2.3,1.8));
#7659 = VECTOR('',#7660,1.);
#7660 = DIRECTION('',(0.,0.,1.));
#7661 = ORIENTED_EDGE('',*,*,#7662,.T.);
#7662 = EDGE_CURVE('',#7655,#7663,#7665,.T.);
#7663 = VERTEX_POINT('',#7664);
#7664 = CARTESIAN_POINT('',(4.8,-2.3,1.8));
#7665 = LINE('',#7666,#7667);
#7666 = CARTESIAN_POINT('',(-1.45,-2.3,1.8));
#7667 = VECTOR('',#7668,1.);
#7668 = DIRECTION('',(1.,-1.224646799147E-16,0.));
#7669 = ORIENTED_EDGE('',*,*,#7670,.T.);
#7670 = EDGE_CURVE('',#7663,#7671,#7673,.T.);
#7671 = VERTEX_POINT('',#7672);
#7672 = CARTESIAN_POINT('',(4.8,-2.3,3.7));
#7673 = LINE('',#7674,#7675);
#7674 = CARTESIAN_POINT('',(4.8,-2.3,1.8));
#7675 = VECTOR('',#7676,1.);
#7676 = DIRECTION('',(0.,0.,1.));
#7677 = ORIENTED_EDGE('',*,*,#7678,.T.);
#7678 = EDGE_CURVE('',#7671,#7679,#7681,.T.);
#7679 = VERTEX_POINT('',#7680);
#7680 = CARTESIAN_POINT('',(5.2,-2.3,3.7));
#7681 = LINE('',#7682,#7683);
#7682 = CARTESIAN_POINT('',(4.8,-2.3,3.7));
#7683 = VECTOR('',#7684,1.);
#7684 = DIRECTION('',(1.,-1.224646799147E-16,0.));
#7685 = ORIENTED_EDGE('',*,*,#7686,.F.);
#7686 = EDGE_CURVE('',#7687,#7679,#7689,.T.);
#7687 = VERTEX_POINT('',#7688);
#7688 = CARTESIAN_POINT('',(5.2,-2.3,1.8));
#7689 = LINE('',#7690,#7691);
#7690 = CARTESIAN_POINT('',(5.2,-2.3,1.8));
#7691 = VECTOR('',#7692,1.);
#7692 = DIRECTION('',(0.,0.,1.));
#7693 = ORIENTED_EDGE('',*,*,#7694,.T.);
#7694 = EDGE_CURVE('',#7687,#7695,#7697,.T.);
#7695 = VERTEX_POINT('',#7696);
#7696 = CARTESIAN_POINT('',(6.8,-2.3,1.8));
#7697 = LINE('',#7698,#7699);
#7698 = CARTESIAN_POINT('',(-1.45,-2.3,1.8));
#7699 = VECTOR('',#7700,1.);
#7700 = DIRECTION('',(1.,-1.224646799147E-16,0.));
#7701 = ORIENTED_EDGE('',*,*,#7702,.T.);
#7702 = EDGE_CURVE('',#7695,#7703,#7705,.T.);
#7703 = VERTEX_POINT('',#7704);
#7704 = CARTESIAN_POINT('',(6.8,-2.3,3.7));
#7705 = LINE('',#7706,#7707);
#7706 = CARTESIAN_POINT('',(6.8,-2.3,1.8));
#7707 = VECTOR('',#7708,1.);
#7708 = DIRECTION('',(0.,0.,1.));
#7709 = ORIENTED_EDGE('',*,*,#7710,.T.);
#7710 = EDGE_CURVE('',#7703,#7711,#7713,.T.);
#7711 = VERTEX_POINT('',#7712);
#7712 = CARTESIAN_POINT('',(7.2,-2.3,3.7));
#7713 = LINE('',#7714,#7715);
#7714 = CARTESIAN_POINT('',(6.8,-2.3,3.7));
#7715 = VECTOR('',#7716,1.);
#7716 = DIRECTION('',(1.,-1.224646799147E-16,0.));
#7717 = ORIENTED_EDGE('',*,*,#7718,.F.);
#7718 = EDGE_CURVE('',#7719,#7711,#7721,.T.);
#7719 = VERTEX_POINT('',#7720);
#7720 = CARTESIAN_POINT('',(7.2,-2.3,1.8));
#7721 = LINE('',#7722,#7723);
#7722 = CARTESIAN_POINT('',(7.2,-2.3,1.8));
#7723 = VECTOR('',#7724,1.);
#7724 = DIRECTION('',(0.,0.,1.));
#7725 = ORIENTED_EDGE('',*,*,#7726,.T.);
#7726 = EDGE_CURVE('',#7719,#7727,#7729,.T.);
#7727 = VERTEX_POINT('',#7728);
#7728 = CARTESIAN_POINT('',(8.8,-2.3,1.8));
#7729 = LINE('',#7730,#7731);
#7730 = CARTESIAN_POINT('',(-1.45,-2.3,1.8));
#7731 = VECTOR('',#7732,1.);
#7732 = DIRECTION('',(1.,-1.224646799147E-16,0.));
#7733 = ORIENTED_EDGE('',*,*,#7734,.T.);
#7734 = EDGE_CURVE('',#7727,#7735,#7737,.T.);
#7735 = VERTEX_POINT('',#7736);
#7736 = CARTESIAN_POINT('',(8.8,-2.3,3.7));
#7737 = LINE('',#7738,#7739);
#7738 = CARTESIAN_POINT('',(8.8,-2.3,1.8));
#7739 = VECTOR('',#7740,1.);
#7740 = DIRECTION('',(0.,0.,1.));
#7741 = ORIENTED_EDGE('',*,*,#7742,.T.);
#7742 = EDGE_CURVE('',#7735,#7743,#7745,.T.);
#7743 = VERTEX_POINT('',#7744);
#7744 = CARTESIAN_POINT('',(9.2,-2.3,3.7));
#7745 = LINE('',#7746,#7747);
#7746 = CARTESIAN_POINT('',(8.8,-2.3,3.7));
#7747 = VECTOR('',#7748,1.);
#7748 = DIRECTION('',(1.,-1.224646799147E-16,0.));
#7749 = ORIENTED_EDGE('',*,*,#7750,.F.);
#7750 = EDGE_CURVE('',#7751,#7743,#7753,.T.);
#7751 = VERTEX_POINT('',#7752);
#7752 = CARTESIAN_POINT('',(9.2,-2.3,1.8));
#7753 = LINE('',#7754,#7755);
#7754 = CARTESIAN_POINT('',(9.2,-2.3,1.8));
#7755 = VECTOR('',#7756,1.);
#7756 = DIRECTION('',(0.,0.,1.));
#7757 = ORIENTED_EDGE('',*,*,#7758,.T.);
#7758 = EDGE_CURVE('',#7751,#7759,#7761,.T.);
#7759 = VERTEX_POINT('',#7760);
#7760 = CARTESIAN_POINT('',(10.8,-2.3,1.8));
#7761 = LINE('',#7762,#7763);
#7762 = CARTESIAN_POINT('',(-1.45,-2.3,1.8));
#7763 = VECTOR('',#7764,1.);
#7764 = DIRECTION('',(1.,-1.224646799147E-16,0.));
#7765 = ORIENTED_EDGE('',*,*,#7766,.T.);
#7766 = EDGE_CURVE('',#7759,#7767,#7769,.T.);
#7767 = VERTEX_POINT('',#7768);
#7768 = CARTESIAN_POINT('',(10.8,-2.3,3.7));
#7769 = LINE('',#7770,#7771);
#7770 = CARTESIAN_POINT('',(10.8,-2.3,1.8));
#7771 = VECTOR('',#7772,1.);
#7772 = DIRECTION('',(0.,0.,1.));
#7773 = ORIENTED_EDGE('',*,*,#7774,.T.);
#7774 = EDGE_CURVE('',#7767,#7775,#7777,.T.);
#7775 = VERTEX_POINT('',#7776);
#7776 = CARTESIAN_POINT('',(11.2,-2.3,3.7));
#7777 = LINE('',#7778,#7779);
#7778 = CARTESIAN_POINT('',(10.8,-2.3,3.7));
#7779 = VECTOR('',#7780,1.);
#7780 = DIRECTION('',(1.,-1.224646799147E-16,0.));
#7781 = ORIENTED_EDGE('',*,*,#7782,.F.);
#7782 = EDGE_CURVE('',#7783,#7775,#7785,.T.);
#7783 = VERTEX_POINT('',#7784);
#7784 = CARTESIAN_POINT('',(11.2,-2.3,1.8));
#7785 = LINE('',#7786,#7787);
#7786 = CARTESIAN_POINT('',(11.2,-2.3,1.8));
#7787 = VECTOR('',#7788,1.);
#7788 = DIRECTION('',(0.,0.,1.));
#7789 = ORIENTED_EDGE('',*,*,#7790,.T.);
#7790 = EDGE_CURVE('',#7783,#7791,#7793,.T.);
#7791 = VERTEX_POINT('',#7792);
#7792 = CARTESIAN_POINT('',(12.8,-2.3,1.8));
#7793 = LINE('',#7794,#7795);
#7794 = CARTESIAN_POINT('',(-1.45,-2.3,1.8));
#7795 = VECTOR('',#7796,1.);
#7796 = DIRECTION('',(1.,-1.224646799147E-16,0.));
#7797 = ORIENTED_EDGE('',*,*,#7798,.T.);
#7798 = EDGE_CURVE('',#7791,#7799,#7801,.T.);
#7799 = VERTEX_POINT('',#7800);
#7800 = CARTESIAN_POINT('',(12.8,-2.3,3.7));
#7801 = LINE('',#7802,#7803);
#7802 = CARTESIAN_POINT('',(12.8,-2.3,1.8));
#7803 = VECTOR('',#7804,1.);
#7804 = DIRECTION('',(0.,0.,1.));
#7805 = ORIENTED_EDGE('',*,*,#7806,.T.);
#7806 = EDGE_CURVE('',#7799,#7807,#7809,.T.);
#7807 = VERTEX_POINT('',#7808);
#7808 = CARTESIAN_POINT('',(13.2,-2.3,3.7));
#7809 = LINE('',#7810,#7811);
#7810 = CARTESIAN_POINT('',(12.8,-2.3,3.7));
#7811 = VECTOR('',#7812,1.);
#7812 = DIRECTION('',(1.,-1.224646799147E-16,0.));
#7813 = ORIENTED_EDGE('',*,*,#7814,.F.);
#7814 = EDGE_CURVE('',#7815,#7807,#7817,.T.);
#7815 = VERTEX_POINT('',#7816);
#7816 = CARTESIAN_POINT('',(13.2,-2.3,1.8));
#7817 = LINE('',#7818,#7819);
#7818 = CARTESIAN_POINT('',(13.2,-2.3,1.8));
#7819 = VECTOR('',#7820,1.);
#7820 = DIRECTION('',(0.,0.,1.));
#7821 = ORIENTED_EDGE('',*,*,#7822,.T.);
#7822 = EDGE_CURVE('',#7815,#7458,#7823,.T.);
#7823 = LINE('',#7824,#7825);
#7824 = CARTESIAN_POINT('',(-1.45,-2.3,1.8));
#7825 = VECTOR('',#7826,1.);
#7826 = DIRECTION('',(1.,-1.224646799147E-16,0.));
#7827 = ORIENTED_EDGE('',*,*,#7457,.F.);
#7828 = PLANE('',#7829);
#7829 = AXIS2_PLACEMENT_3D('',#7830,#7831,#7832);
#7830 = CARTESIAN_POINT('',(-1.45,-2.3,6.));
#7831 = DIRECTION('',(-1.224646799147E-16,-1.,0.));
#7832 = DIRECTION('',(1.,-1.224646799147E-16,0.));
#7833 = ADVANCED_FACE('',(#7834,#7840),#7874,.F.);
#7834 = FACE_BOUND('',#7835,.F.);
#7835 = EDGE_LOOP('',(#7836,#7837,#7838,#7839));
#7836 = ORIENTED_EDGE('',*,*,#7064,.T.);
#7837 = ORIENTED_EDGE('',*,*,#6078,.T.);
#7838 = ORIENTED_EDGE('',*,*,#6102,.F.);
#7839 = ORIENTED_EDGE('',*,*,#6135,.F.);
#7840 = FACE_BOUND('',#7841,.F.);
#7841 = EDGE_LOOP('',(#7842,#7852,#7860,#7868));
#7842 = ORIENTED_EDGE('',*,*,#7843,.T.);
#7843 = EDGE_CURVE('',#7844,#7846,#7848,.T.);
#7844 = VERTEX_POINT('',#7845);
#7845 = CARTESIAN_POINT('',(0.25,0.25,0.1));
#7846 = VERTEX_POINT('',#7847);
#7847 = CARTESIAN_POINT('',(0.25,-0.25,0.1));
#7848 = LINE('',#7849,#7850);
#7849 = CARTESIAN_POINT('',(0.25,0.271633216363,0.1));
#7850 = VECTOR('',#7851,1.);
#7851 = DIRECTION('',(-1.224646799147E-16,-1.,0.));
#7852 = ORIENTED_EDGE('',*,*,#7853,.T.);
#7853 = EDGE_CURVE('',#7846,#7854,#7856,.T.);
#7854 = VERTEX_POINT('',#7855);
#7855 = CARTESIAN_POINT('',(-0.25,-0.25,0.1));
#7856 = LINE('',#7857,#7858);
#7857 = CARTESIAN_POINT('',(0.5,-0.25,0.1));
#7858 = VECTOR('',#7859,1.);
#7859 = DIRECTION('',(-1.,1.224646799147E-16,0.));
#7860 = ORIENTED_EDGE('',*,*,#7861,.F.);
#7861 = EDGE_CURVE('',#7862,#7854,#7864,.T.);
#7862 = VERTEX_POINT('',#7863);
#7863 = CARTESIAN_POINT('',(-0.25,0.25,0.1));
#7864 = LINE('',#7865,#7866);
#7865 = CARTESIAN_POINT('',(-0.25,0.271633216363,0.1));
#7866 = VECTOR('',#7867,1.);
#7867 = DIRECTION('',(-1.224646799147E-16,-1.,0.));
#7868 = ORIENTED_EDGE('',*,*,#7869,.T.);
#7869 = EDGE_CURVE('',#7862,#7844,#7870,.T.);
#7870 = LINE('',#7871,#7872);
#7871 = CARTESIAN_POINT('',(0.5,0.25,0.1));
#7872 = VECTOR('',#7873,1.);
#7873 = DIRECTION('',(1.,-1.224646799147E-16,0.));
#7874 = PLANE('',#7875);
#7875 = AXIS2_PLACEMENT_3D('',#7876,#7877,#7878);
#7876 = CARTESIAN_POINT('',(0.75,0.5,0.1));
#7877 = DIRECTION('',(0.,0.,1.));
#7878 = DIRECTION('',(-1.224646799147E-16,-1.,0.));
#7879 = ADVANCED_FACE('',(#7880,#7886),#7920,.F.);
#7880 = FACE_BOUND('',#7881,.F.);
#7881 = EDGE_LOOP('',(#7882,#7883,#7884,#7885));
#7882 = ORIENTED_EDGE('',*,*,#7047,.T.);
#7883 = ORIENTED_EDGE('',*,*,#6183,.T.);
#7884 = ORIENTED_EDGE('',*,*,#6207,.F.);
#7885 = ORIENTED_EDGE('',*,*,#6240,.F.);
#7886 = FACE_BOUND('',#7887,.F.);
#7887 = EDGE_LOOP('',(#7888,#7898,#7906,#7914));
#7888 = ORIENTED_EDGE('',*,*,#7889,.F.);
#7889 = EDGE_CURVE('',#7890,#7892,#7894,.T.);
#7890 = VERTEX_POINT('',#7891);
#7891 = CARTESIAN_POINT('',(1.75,0.25,0.1));
#7892 = VERTEX_POINT('',#7893);
#7893 = CARTESIAN_POINT('',(1.75,-0.25,0.1));
#7894 = LINE('',#7895,#7896);
#7895 = CARTESIAN_POINT('',(1.75,0.25,0.1));
#7896 = VECTOR('',#7897,1.);
#7897 = DIRECTION('',(-1.224646799147E-16,-1.,0.));
#7898 = ORIENTED_EDGE('',*,*,#7899,.T.);
#7899 = EDGE_CURVE('',#7890,#7900,#7902,.T.);
#7900 = VERTEX_POINT('',#7901);
#7901 = CARTESIAN_POINT('',(2.25,0.25,0.1));
#7902 = LINE('',#7903,#7904);
#7903 = CARTESIAN_POINT('',(2.5,0.25,0.1));
#7904 = VECTOR('',#7905,1.);
#7905 = DIRECTION('',(1.,-1.224646799147E-16,0.));
#7906 = ORIENTED_EDGE('',*,*,#7907,.T.);
#7907 = EDGE_CURVE('',#7900,#7908,#7910,.T.);
#7908 = VERTEX_POINT('',#7909);
#7909 = CARTESIAN_POINT('',(2.25,-0.25,0.1));
#7910 = LINE('',#7911,#7912);
#7911 = CARTESIAN_POINT('',(2.25,0.25,0.1));
#7912 = VECTOR('',#7913,1.);
#7913 = DIRECTION('',(-1.224646799147E-16,-1.,0.));
#7914 = ORIENTED_EDGE('',*,*,#7915,.T.);
#7915 = EDGE_CURVE('',#7908,#7892,#7916,.T.);
#7916 = LINE('',#7917,#7918);
#7917 = CARTESIAN_POINT('',(2.5,-0.25,0.1));
#7918 = VECTOR('',#7919,1.);
#7919 = DIRECTION('',(-1.,1.224646799147E-16,0.));
#7920 = PLANE('',#7921);
#7921 = AXIS2_PLACEMENT_3D('',#7922,#7923,#7924);
#7922 = CARTESIAN_POINT('',(2.75,0.5,0.1));
#7923 = DIRECTION('',(0.,0.,1.));
#7924 = DIRECTION('',(-1.224646799147E-16,-1.,0.));
#7925 = ADVANCED_FACE('',(#7926,#7932),#7966,.F.);
#7926 = FACE_BOUND('',#7927,.F.);
#7927 = EDGE_LOOP('',(#7928,#7929,#7930,#7931));
#7928 = ORIENTED_EDGE('',*,*,#7030,.T.);
#7929 = ORIENTED_EDGE('',*,*,#6288,.T.);
#7930 = ORIENTED_EDGE('',*,*,#6312,.F.);
#7931 = ORIENTED_EDGE('',*,*,#6345,.F.);
#7932 = FACE_BOUND('',#7933,.F.);
#7933 = EDGE_LOOP('',(#7934,#7944,#7952,#7960));
#7934 = ORIENTED_EDGE('',*,*,#7935,.T.);
#7935 = EDGE_CURVE('',#7936,#7938,#7940,.T.);
#7936 = VERTEX_POINT('',#7937);
#7937 = CARTESIAN_POINT('',(4.25,0.25,0.1));
#7938 = VERTEX_POINT('',#7939);
#7939 = CARTESIAN_POINT('',(4.25,-0.25,0.1));
#7940 = LINE('',#7941,#7942);
#7941 = CARTESIAN_POINT('',(4.25,0.25,0.1));
#7942 = VECTOR('',#7943,1.);
#7943 = DIRECTION('',(-1.224646799147E-16,-1.,0.));
#7944 = ORIENTED_EDGE('',*,*,#7945,.T.);
#7945 = EDGE_CURVE('',#7938,#7946,#7948,.T.);
#7946 = VERTEX_POINT('',#7947);
#7947 = CARTESIAN_POINT('',(3.75,-0.25,0.1));
#7948 = LINE('',#7949,#7950);
#7949 = CARTESIAN_POINT('',(4.5,-0.25,0.1));
#7950 = VECTOR('',#7951,1.);
#7951 = DIRECTION('',(-1.,1.224646799147E-16,0.));
#7952 = ORIENTED_EDGE('',*,*,#7953,.F.);
#7953 = EDGE_CURVE('',#7954,#7946,#7956,.T.);
#7954 = VERTEX_POINT('',#7955);
#7955 = CARTESIAN_POINT('',(3.75,0.25,0.1));
#7956 = LINE('',#7957,#7958);
#7957 = CARTESIAN_POINT('',(3.75,0.25,0.1));
#7958 = VECTOR('',#7959,1.);
#7959 = DIRECTION('',(-1.224646799147E-16,-1.,0.));
#7960 = ORIENTED_EDGE('',*,*,#7961,.T.);
#7961 = EDGE_CURVE('',#7954,#7936,#7962,.T.);
#7962 = LINE('',#7963,#7964);
#7963 = CARTESIAN_POINT('',(4.5,0.25,0.1));
#7964 = VECTOR('',#7965,1.);
#7965 = DIRECTION('',(1.,-1.224646799147E-16,0.));
#7966 = PLANE('',#7967);
#7967 = AXIS2_PLACEMENT_3D('',#7968,#7969,#7970);
#7968 = CARTESIAN_POINT('',(4.75,0.5,0.1));
#7969 = DIRECTION('',(0.,0.,1.));
#7970 = DIRECTION('',(-1.224646799147E-16,-1.,0.));
#7971 = ADVANCED_FACE('',(#7972,#7978),#8012,.F.);
#7972 = FACE_BOUND('',#7973,.F.);
#7973 = EDGE_LOOP('',(#7974,#7975,#7976,#7977));
#7974 = ORIENTED_EDGE('',*,*,#7013,.T.);
#7975 = ORIENTED_EDGE('',*,*,#6393,.T.);
#7976 = ORIENTED_EDGE('',*,*,#6417,.F.);
#7977 = ORIENTED_EDGE('',*,*,#6450,.F.);
#7978 = FACE_BOUND('',#7979,.F.);
#7979 = EDGE_LOOP('',(#7980,#7990,#7998,#8006));
#7980 = ORIENTED_EDGE('',*,*,#7981,.F.);
#7981 = EDGE_CURVE('',#7982,#7984,#7986,.T.);
#7982 = VERTEX_POINT('',#7983);
#7983 = CARTESIAN_POINT('',(5.75,0.25,0.1));
#7984 = VERTEX_POINT('',#7985);
#7985 = CARTESIAN_POINT('',(5.75,-0.25,0.1));
#7986 = LINE('',#7987,#7988);
#7987 = CARTESIAN_POINT('',(5.75,0.25,0.1));
#7988 = VECTOR('',#7989,1.);
#7989 = DIRECTION('',(-1.224646799147E-16,-1.,0.));
#7990 = ORIENTED_EDGE('',*,*,#7991,.T.);
#7991 = EDGE_CURVE('',#7982,#7992,#7994,.T.);
#7992 = VERTEX_POINT('',#7993);
#7993 = CARTESIAN_POINT('',(6.25,0.25,0.1));
#7994 = LINE('',#7995,#7996);
#7995 = CARTESIAN_POINT('',(6.5,0.25,0.1));
#7996 = VECTOR('',#7997,1.);
#7997 = DIRECTION('',(1.,-1.224646799147E-16,0.));
#7998 = ORIENTED_EDGE('',*,*,#7999,.T.);
#7999 = EDGE_CURVE('',#7992,#8000,#8002,.T.);
#8000 = VERTEX_POINT('',#8001);
#8001 = CARTESIAN_POINT('',(6.25,-0.25,0.1));
#8002 = LINE('',#8003,#8004);
#8003 = CARTESIAN_POINT('',(6.25,0.25,0.1));
#8004 = VECTOR('',#8005,1.);
#8005 = DIRECTION('',(-1.224646799147E-16,-1.,0.));
#8006 = ORIENTED_EDGE('',*,*,#8007,.T.);
#8007 = EDGE_CURVE('',#8000,#7984,#8008,.T.);
#8008 = LINE('',#8009,#8010);
#8009 = CARTESIAN_POINT('',(6.5,-0.25,0.1));
#8010 = VECTOR('',#8011,1.);
#8011 = DIRECTION('',(-1.,1.224646799147E-16,0.));
#8012 = PLANE('',#8013);
#8013 = AXIS2_PLACEMENT_3D('',#8014,#8015,#8016);
#8014 = CARTESIAN_POINT('',(6.75,0.5,0.1));
#8015 = DIRECTION('',(0.,0.,1.));
#8016 = DIRECTION('',(-1.224646799147E-16,-1.,0.));
#8017 = ADVANCED_FACE('',(#8018,#8024),#8058,.F.);
#8018 = FACE_BOUND('',#8019,.F.);
#8019 = EDGE_LOOP('',(#8020,#8021,#8022,#8023));
#8020 = ORIENTED_EDGE('',*,*,#6996,.T.);
#8021 = ORIENTED_EDGE('',*,*,#6498,.T.);
#8022 = ORIENTED_EDGE('',*,*,#6522,.F.);
#8023 = ORIENTED_EDGE('',*,*,#6555,.F.);
#8024 = FACE_BOUND('',#8025,.F.);
#8025 = EDGE_LOOP('',(#8026,#8036,#8044,#8052));
#8026 = ORIENTED_EDGE('',*,*,#8027,.F.);
#8027 = EDGE_CURVE('',#8028,#8030,#8032,.T.);
#8028 = VERTEX_POINT('',#8029);
#8029 = CARTESIAN_POINT('',(7.75,0.25,0.1));
#8030 = VERTEX_POINT('',#8031);
#8031 = CARTESIAN_POINT('',(7.75,-0.25,0.1));
#8032 = LINE('',#8033,#8034);
#8033 = CARTESIAN_POINT('',(7.75,0.25,0.1));
#8034 = VECTOR('',#8035,1.);
#8035 = DIRECTION('',(-1.224646799147E-16,-1.,0.));
#8036 = ORIENTED_EDGE('',*,*,#8037,.T.);
#8037 = EDGE_CURVE('',#8028,#8038,#8040,.T.);
#8038 = VERTEX_POINT('',#8039);
#8039 = CARTESIAN_POINT('',(8.25,0.25,0.1));
#8040 = LINE('',#8041,#8042);
#8041 = CARTESIAN_POINT('',(8.5,0.25,0.1));
#8042 = VECTOR('',#8043,1.);
#8043 = DIRECTION('',(1.,-1.224646799147E-16,0.));
#8044 = ORIENTED_EDGE('',*,*,#8045,.T.);
#8045 = EDGE_CURVE('',#8038,#8046,#8048,.T.);
#8046 = VERTEX_POINT('',#8047);
#8047 = CARTESIAN_POINT('',(8.25,-0.25,0.1));
#8048 = LINE('',#8049,#8050);
#8049 = CARTESIAN_POINT('',(8.25,0.25,0.1));
#8050 = VECTOR('',#8051,1.);
#8051 = DIRECTION('',(-1.224646799147E-16,-1.,0.));
#8052 = ORIENTED_EDGE('',*,*,#8053,.T.);
#8053 = EDGE_CURVE('',#8046,#8030,#8054,.T.);
#8054 = LINE('',#8055,#8056);
#8055 = CARTESIAN_POINT('',(8.5,-0.25,0.1));
#8056 = VECTOR('',#8057,1.);
#8057 = DIRECTION('',(-1.,1.224646799147E-16,0.));
#8058 = PLANE('',#8059);
#8059 = AXIS2_PLACEMENT_3D('',#8060,#8061,#8062);
#8060 = CARTESIAN_POINT('',(8.75,0.5,0.1));
#8061 = DIRECTION('',(0.,0.,1.));
#8062 = DIRECTION('',(-1.224646799147E-16,-1.,0.));
#8063 = ADVANCED_FACE('',(#8064,#8070),#8104,.F.);
#8064 = FACE_BOUND('',#8065,.F.);
#8065 = EDGE_LOOP('',(#8066,#8067,#8068,#8069));
#8066 = ORIENTED_EDGE('',*,*,#6979,.T.);
#8067 = ORIENTED_EDGE('',*,*,#6603,.T.);
#8068 = ORIENTED_EDGE('',*,*,#6627,.F.);
#8069 = ORIENTED_EDGE('',*,*,#6660,.F.);
#8070 = FACE_BOUND('',#8071,.F.);
#8071 = EDGE_LOOP('',(#8072,#8082,#8090,#8098));
#8072 = ORIENTED_EDGE('',*,*,#8073,.T.);
#8073 = EDGE_CURVE('',#8074,#8076,#8078,.T.);
#8074 = VERTEX_POINT('',#8075);
#8075 = CARTESIAN_POINT('',(9.75,0.25,0.1));
#8076 = VERTEX_POINT('',#8077);
#8077 = CARTESIAN_POINT('',(10.25,0.25,0.1));
#8078 = LINE('',#8079,#8080);
#8079 = CARTESIAN_POINT('',(10.5,0.25,0.1));
#8080 = VECTOR('',#8081,1.);
#8081 = DIRECTION('',(1.,-1.224646799147E-16,0.));
#8082 = ORIENTED_EDGE('',*,*,#8083,.T.);
#8083 = EDGE_CURVE('',#8076,#8084,#8086,.T.);
#8084 = VERTEX_POINT('',#8085);
#8085 = CARTESIAN_POINT('',(10.25,-0.25,0.1));
#8086 = LINE('',#8087,#8088);
#8087 = CARTESIAN_POINT('',(10.25,0.25,0.1));
#8088 = VECTOR('',#8089,1.);
#8089 = DIRECTION('',(-1.224646799147E-16,-1.,0.));
#8090 = ORIENTED_EDGE('',*,*,#8091,.T.);
#8091 = EDGE_CURVE('',#8084,#8092,#8094,.T.);
#8092 = VERTEX_POINT('',#8093);
#8093 = CARTESIAN_POINT('',(9.75,-0.25,0.1));
#8094 = LINE('',#8095,#8096);
#8095 = CARTESIAN_POINT('',(10.5,-0.25,0.1));
#8096 = VECTOR('',#8097,1.);
#8097 = DIRECTION('',(-1.,1.224646799147E-16,0.));
#8098 = ORIENTED_EDGE('',*,*,#8099,.F.);
#8099 = EDGE_CURVE('',#8074,#8092,#8100,.T.);
#8100 = LINE('',#8101,#8102);
#8101 = CARTESIAN_POINT('',(9.75,0.25,0.1));
#8102 = VECTOR('',#8103,1.);
#8103 = DIRECTION('',(-1.224646799147E-16,-1.,0.));
#8104 = PLANE('',#8105);
#8105 = AXIS2_PLACEMENT_3D('',#8106,#8107,#8108);
#8106 = CARTESIAN_POINT('',(10.75,0.5,0.1));
#8107 = DIRECTION('',(0.,0.,1.));
#8108 = DIRECTION('',(-1.224646799147E-16,-1.,0.));
#8109 = ADVANCED_FACE('',(#8110,#8116),#8150,.F.);
#8110 = FACE_BOUND('',#8111,.F.);
#8111 = EDGE_LOOP('',(#8112,#8113,#8114,#8115));
#8112 = ORIENTED_EDGE('',*,*,#6962,.T.);
#8113 = ORIENTED_EDGE('',*,*,#6708,.T.);
#8114 = ORIENTED_EDGE('',*,*,#6732,.F.);
#8115 = ORIENTED_EDGE('',*,*,#6765,.F.);
#8116 = FACE_BOUND('',#8117,.F.);
#8117 = EDGE_LOOP('',(#8118,#8128,#8136,#8144));
#8118 = ORIENTED_EDGE('',*,*,#8119,.F.);
#8119 = EDGE_CURVE('',#8120,#8122,#8124,.T.);
#8120 = VERTEX_POINT('',#8121);
#8121 = CARTESIAN_POINT('',(11.75,0.25,0.1));
#8122 = VERTEX_POINT('',#8123);
#8123 = CARTESIAN_POINT('',(11.75,-0.25,0.1));
#8124 = LINE('',#8125,#8126);
#8125 = CARTESIAN_POINT('',(11.75,0.25,0.1));
#8126 = VECTOR('',#8127,1.);
#8127 = DIRECTION('',(-1.224646799147E-16,-1.,0.));
#8128 = ORIENTED_EDGE('',*,*,#8129,.T.);
#8129 = EDGE_CURVE('',#8120,#8130,#8132,.T.);
#8130 = VERTEX_POINT('',#8131);
#8131 = CARTESIAN_POINT('',(12.25,0.25,0.1));
#8132 = LINE('',#8133,#8134);
#8133 = CARTESIAN_POINT('',(12.5,0.25,0.1));
#8134 = VECTOR('',#8135,1.);
#8135 = DIRECTION('',(1.,-1.224646799147E-16,0.));
#8136 = ORIENTED_EDGE('',*,*,#8137,.T.);
#8137 = EDGE_CURVE('',#8130,#8138,#8140,.T.);
#8138 = VERTEX_POINT('',#8139);
#8139 = CARTESIAN_POINT('',(12.25,-0.25,0.1));
#8140 = LINE('',#8141,#8142);
#8141 = CARTESIAN_POINT('',(12.25,0.25,0.1));
#8142 = VECTOR('',#8143,1.);
#8143 = DIRECTION('',(-1.224646799147E-16,-1.,0.));
#8144 = ORIENTED_EDGE('',*,*,#8145,.T.);
#8145 = EDGE_CURVE('',#8138,#8122,#8146,.T.);
#8146 = LINE('',#8147,#8148);
#8147 = CARTESIAN_POINT('',(12.5,-0.25,0.1));
#8148 = VECTOR('',#8149,1.);
#8149 = DIRECTION('',(-1.,1.224646799147E-16,0.));
#8150 = PLANE('',#8151);
#8151 = AXIS2_PLACEMENT_3D('',#8152,#8153,#8154);
#8152 = CARTESIAN_POINT('',(12.75,0.5,0.1));
#8153 = DIRECTION('',(0.,0.,1.));
#8154 = DIRECTION('',(-1.224646799147E-16,-1.,0.));
#8155 = ADVANCED_FACE('',(#8156),#8167,.F.);
#8156 = FACE_BOUND('',#8157,.F.);
#8157 = EDGE_LOOP('',(#8158,#8159,#8160,#8166));
#8158 = ORIENTED_EDGE('',*,*,#7539,.T.);
#8159 = ORIENTED_EDGE('',*,*,#6872,.T.);
#8160 = ORIENTED_EDGE('',*,*,#8161,.F.);
#8161 = EDGE_CURVE('',#7574,#6865,#8162,.T.);
#8162 = LINE('',#8163,#8164);
#8163 = CARTESIAN_POINT('',(15.95,0.2,4.4));
#8164 = VECTOR('',#8165,1.);
#8165 = DIRECTION('',(-1.,1.224646799147E-16,0.));
#8166 = ORIENTED_EDGE('',*,*,#7573,.F.);
#8167 = CYLINDRICAL_SURFACE('',#8168,0.4);
#8168 = AXIS2_PLACEMENT_3D('',#8169,#8170,#8171);
#8169 = CARTESIAN_POINT('',(15.95,-0.2,4.4));
#8170 = DIRECTION('',(1.,-1.224646799147E-16,-0.));
#8171 = DIRECTION('',(1.224646799147E-16,1.,0.));
#8172 = ADVANCED_FACE('',(#8173),#8179,.T.);
#8173 = FACE_BOUND('',#8174,.T.);
#8174 = EDGE_LOOP('',(#8175,#8176,#8177,#8178));
#8175 = ORIENTED_EDGE('',*,*,#7582,.T.);
#8176 = ORIENTED_EDGE('',*,*,#7112,.T.);
#8177 = ORIENTED_EDGE('',*,*,#6864,.T.);
#8178 = ORIENTED_EDGE('',*,*,#8161,.F.);
#8179 = PLANE('',#8180);
#8180 = AXIS2_PLACEMENT_3D('',#8181,#8182,#8183);
#8181 = CARTESIAN_POINT('',(15.95,0.2,6.));
#8182 = DIRECTION('',(-1.224646799147E-16,-1.,0.));
#8183 = DIRECTION('',(-0.,0.,-1.));
#8184 = ADVANCED_FACE('',(#8185),#8242,.F.);
#8185 = FACE_BOUND('',#8186,.F.);
#8186 = EDGE_LOOP('',(#8187,#8197,#8205,#8213,#8219,#8220,#8228,#8236));
#8187 = ORIENTED_EDGE('',*,*,#8188,.T.);
#8188 = EDGE_CURVE('',#8189,#8191,#8193,.T.);
#8189 = VERTEX_POINT('',#8190);
#8190 = CARTESIAN_POINT('',(14.25,0.281578947368,-3.2));
#8191 = VERTEX_POINT('',#8192);
#8192 = CARTESIAN_POINT('',(14.25,-0.218421052632,-3.2));
#8193 = LINE('',#8194,#8195);
#8194 = CARTESIAN_POINT('',(14.25,0.25,-3.2));
#8195 = VECTOR('',#8196,1.);
#8196 = DIRECTION('',(-1.224646799147E-16,-1.,0.));
#8197 = ORIENTED_EDGE('',*,*,#8198,.T.);
#8198 = EDGE_CURVE('',#8191,#8199,#8201,.T.);
#8199 = VERTEX_POINT('',#8200);
#8200 = CARTESIAN_POINT('',(14.25,5.E-02,-1.5));
#8201 = LINE('',#8202,#8203);
#8202 = CARTESIAN_POINT('',(14.25,-0.25,-3.4));
#8203 = VECTOR('',#8204,1.);
#8204 = DIRECTION('',(1.909990663905E-17,0.155962573473,0.987762965329)
  );
#8205 = ORIENTED_EDGE('',*,*,#8206,.T.);
#8206 = EDGE_CURVE('',#8199,#8207,#8209,.T.);
#8207 = VERTEX_POINT('',#8208);
#8208 = CARTESIAN_POINT('',(14.25,-0.25,-0.9));
#8209 = LINE('',#8210,#8211);
#8210 = CARTESIAN_POINT('',(14.25,5.E-02,-1.5));
#8211 = VECTOR('',#8212,1.);
#8212 = DIRECTION('',(-5.476786982641E-17,-0.4472135955,0.894427191));
#8213 = ORIENTED_EDGE('',*,*,#8214,.T.);
#8214 = EDGE_CURVE('',#8207,#6923,#8215,.T.);
#8215 = LINE('',#8216,#8217);
#8216 = CARTESIAN_POINT('',(14.25,-0.25,-0.9));
#8217 = VECTOR('',#8218,1.);
#8218 = DIRECTION('',(0.,0.,1.));
#8219 = ORIENTED_EDGE('',*,*,#6920,.F.);
#8220 = ORIENTED_EDGE('',*,*,#8221,.T.);
#8221 = EDGE_CURVE('',#6921,#8222,#8224,.T.);
#8222 = VERTEX_POINT('',#8223);
#8223 = CARTESIAN_POINT('',(14.25,0.25,-0.9));
#8224 = LINE('',#8225,#8226);
#8225 = CARTESIAN_POINT('',(14.25,0.25,5.));
#8226 = VECTOR('',#8227,1.);
#8227 = DIRECTION('',(-0.,0.,-1.));
#8228 = ORIENTED_EDGE('',*,*,#8229,.T.);
#8229 = EDGE_CURVE('',#8222,#8230,#8232,.T.);
#8230 = VERTEX_POINT('',#8231);
#8231 = CARTESIAN_POINT('',(14.25,0.55,-1.5));
#8232 = LINE('',#8233,#8234);
#8233 = CARTESIAN_POINT('',(14.25,0.25,-0.9));
#8234 = VECTOR('',#8235,1.);
#8235 = DIRECTION('',(5.476786982641E-17,0.4472135955,-0.894427191));
#8236 = ORIENTED_EDGE('',*,*,#8237,.T.);
#8237 = EDGE_CURVE('',#8230,#8189,#8238,.T.);
#8238 = LINE('',#8239,#8240);
#8239 = CARTESIAN_POINT('',(14.25,0.55,-1.5));
#8240 = VECTOR('',#8241,1.);
#8241 = DIRECTION('',(-1.909990663905E-17,-0.155962573473,
    -0.987762965329));
#8242 = PLANE('',#8243);
#8243 = AXIS2_PLACEMENT_3D('',#8244,#8245,#8246);
#8244 = CARTESIAN_POINT('',(14.25,4.326643272645E-02,0.775746953017));
#8245 = DIRECTION('',(-1.,1.224646799147E-16,0.));
#8246 = DIRECTION('',(0.,0.,1.));
#8247 = ADVANCED_FACE('',(#8248),#8266,.F.);
#8248 = FACE_BOUND('',#8249,.F.);
#8249 = EDGE_LOOP('',(#8250,#8251,#8252,#8260));
#8250 = ORIENTED_EDGE('',*,*,#8221,.F.);
#8251 = ORIENTED_EDGE('',*,*,#6946,.F.);
#8252 = ORIENTED_EDGE('',*,*,#8253,.T.);
#8253 = EDGE_CURVE('',#6939,#8254,#8256,.T.);
#8254 = VERTEX_POINT('',#8255);
#8255 = CARTESIAN_POINT('',(13.75,0.25,-0.9));
#8256 = LINE('',#8257,#8258);
#8257 = CARTESIAN_POINT('',(13.75,0.25,5.));
#8258 = VECTOR('',#8259,1.);
#8259 = DIRECTION('',(-0.,0.,-1.));
#8260 = ORIENTED_EDGE('',*,*,#8261,.F.);
#8261 = EDGE_CURVE('',#8222,#8254,#8262,.T.);
#8262 = LINE('',#8263,#8264);
#8263 = CARTESIAN_POINT('',(14.25,0.25,-0.9));
#8264 = VECTOR('',#8265,1.);
#8265 = DIRECTION('',(-1.,1.224646799147E-16,0.));
#8266 = PLANE('',#8267);
#8267 = AXIS2_PLACEMENT_3D('',#8268,#8269,#8270);
#8268 = CARTESIAN_POINT('',(14.25,0.25,5.));
#8269 = DIRECTION('',(-1.224646799147E-16,-1.,0.));
#8270 = DIRECTION('',(-0.,0.,-1.));
#8271 = ADVANCED_FACE('',(#8272),#8322,.T.);
#8272 = FACE_BOUND('',#8273,.T.);
#8273 = EDGE_LOOP('',(#8274,#8284,#8292,#8300,#8306,#8307,#8308,#8316));
#8274 = ORIENTED_EDGE('',*,*,#8275,.T.);
#8275 = EDGE_CURVE('',#8276,#8278,#8280,.T.);
#8276 = VERTEX_POINT('',#8277);
#8277 = CARTESIAN_POINT('',(13.75,0.281578947368,-3.2));
#8278 = VERTEX_POINT('',#8279);
#8279 = CARTESIAN_POINT('',(13.75,-0.218421052632,-3.2));
#8280 = LINE('',#8281,#8282);
#8281 = CARTESIAN_POINT('',(13.75,0.25,-3.2));
#8282 = VECTOR('',#8283,1.);
#8283 = DIRECTION('',(-1.224646799147E-16,-1.,0.));
#8284 = ORIENTED_EDGE('',*,*,#8285,.T.);
#8285 = EDGE_CURVE('',#8278,#8286,#8288,.T.);
#8286 = VERTEX_POINT('',#8287);
#8287 = CARTESIAN_POINT('',(13.75,5.E-02,-1.5));
#8288 = LINE('',#8289,#8290);
#8289 = CARTESIAN_POINT('',(13.75,-0.25,-3.4));
#8290 = VECTOR('',#8291,1.);
#8291 = DIRECTION('',(1.909990663905E-17,0.155962573473,0.987762965329)
  );
#8292 = ORIENTED_EDGE('',*,*,#8293,.T.);
#8293 = EDGE_CURVE('',#8286,#8294,#8296,.T.);
#8294 = VERTEX_POINT('',#8295);
#8295 = CARTESIAN_POINT('',(13.75,-0.25,-0.9));
#8296 = LINE('',#8297,#8298);
#8297 = CARTESIAN_POINT('',(13.75,5.E-02,-1.5));
#8298 = VECTOR('',#8299,1.);
#8299 = DIRECTION('',(-5.476786982641E-17,-0.4472135955,0.894427191));
#8300 = ORIENTED_EDGE('',*,*,#8301,.T.);
#8301 = EDGE_CURVE('',#8294,#6931,#8302,.T.);
#8302 = LINE('',#8303,#8304);
#8303 = CARTESIAN_POINT('',(13.75,-0.25,-0.9));
#8304 = VECTOR('',#8305,1.);
#8305 = DIRECTION('',(0.,0.,1.));
#8306 = ORIENTED_EDGE('',*,*,#6938,.F.);
#8307 = ORIENTED_EDGE('',*,*,#8253,.T.);
#8308 = ORIENTED_EDGE('',*,*,#8309,.T.);
#8309 = EDGE_CURVE('',#8254,#8310,#8312,.T.);
#8310 = VERTEX_POINT('',#8311);
#8311 = CARTESIAN_POINT('',(13.75,0.55,-1.5));
#8312 = LINE('',#8313,#8314);
#8313 = CARTESIAN_POINT('',(13.75,0.25,-0.9));
#8314 = VECTOR('',#8315,1.);
#8315 = DIRECTION('',(5.476786982641E-17,0.4472135955,-0.894427191));
#8316 = ORIENTED_EDGE('',*,*,#8317,.T.);
#8317 = EDGE_CURVE('',#8310,#8276,#8318,.T.);
#8318 = LINE('',#8319,#8320);
#8319 = CARTESIAN_POINT('',(13.75,0.55,-1.5));
#8320 = VECTOR('',#8321,1.);
#8321 = DIRECTION('',(-1.909990663905E-17,-0.155962573473,
    -0.987762965329));
#8322 = PLANE('',#8323);
#8323 = AXIS2_PLACEMENT_3D('',#8324,#8325,#8326);
#8324 = CARTESIAN_POINT('',(13.75,4.326643272645E-02,0.775746953017));
#8325 = DIRECTION('',(-1.,1.224646799147E-16,0.));
#8326 = DIRECTION('',(0.,0.,1.));
#8327 = ADVANCED_FACE('',(#8328),#8339,.F.);
#8328 = FACE_BOUND('',#8329,.F.);
#8329 = EDGE_LOOP('',(#8330,#8331,#8337,#8338));
#8330 = ORIENTED_EDGE('',*,*,#8214,.F.);
#8331 = ORIENTED_EDGE('',*,*,#8332,.T.);
#8332 = EDGE_CURVE('',#8207,#8294,#8333,.T.);
#8333 = LINE('',#8334,#8335);
#8334 = CARTESIAN_POINT('',(14.25,-0.25,-0.9));
#8335 = VECTOR('',#8336,1.);
#8336 = DIRECTION('',(-1.,1.224646799147E-16,0.));
#8337 = ORIENTED_EDGE('',*,*,#8301,.T.);
#8338 = ORIENTED_EDGE('',*,*,#6930,.F.);
#8339 = PLANE('',#8340);
#8340 = AXIS2_PLACEMENT_3D('',#8341,#8342,#8343);
#8341 = CARTESIAN_POINT('',(14.25,-0.25,-0.9));
#8342 = DIRECTION('',(1.224646799147E-16,1.,0.));
#8343 = DIRECTION('',(0.,-0.,1.));
#8344 = ADVANCED_FACE('',(#8345),#8351,.F.);
#8345 = FACE_BOUND('',#8346,.F.);
#8346 = EDGE_LOOP('',(#8347,#8348,#8349,#8350));
#8347 = ORIENTED_EDGE('',*,*,#7280,.T.);
#8348 = ORIENTED_EDGE('',*,*,#7096,.T.);
#8349 = ORIENTED_EDGE('',*,*,#7142,.F.);
#8350 = ORIENTED_EDGE('',*,*,#7191,.F.);
#8351 = PLANE('',#8352);
#8352 = AXIS2_PLACEMENT_3D('',#8353,#8354,#8355);
#8353 = CARTESIAN_POINT('',(-0.45,1.75,4.2));
#8354 = DIRECTION('',(-1.224646799147E-16,-1.,0.));
#8355 = DIRECTION('',(-1.,1.224646799147E-16,0.));
#8356 = ADVANCED_FACE('',(#8357,#8524,#8558,#8592,#8626,#8660,#8694,
    #8728,#8762),#8796,.T.);
#8357 = FACE_BOUND('',#8358,.T.);
#8358 = EDGE_LOOP('',(#8359,#8367,#8368,#8369,#8370,#8371,#8372,#8380,
    #8388,#8394,#8395,#8403,#8411,#8417,#8418,#8426,#8434,#8440,#8441,
    #8449,#8457,#8463,#8464,#8472,#8480,#8486,#8487,#8495,#8503,#8509,
    #8510,#8518));
#8359 = ORIENTED_EDGE('',*,*,#8360,.F.);
#8360 = EDGE_CURVE('',#7815,#8361,#8363,.T.);
#8361 = VERTEX_POINT('',#8362);
#8362 = CARTESIAN_POINT('',(13.2,-2.,1.8));
#8363 = LINE('',#8364,#8365);
#8364 = CARTESIAN_POINT('',(13.2,-2.3,1.8));
#8365 = VECTOR('',#8366,1.);
#8366 = DIRECTION('',(1.224646799147E-16,1.,0.));
#8367 = ORIENTED_EDGE('',*,*,#7822,.T.);
#8368 = ORIENTED_EDGE('',*,*,#7465,.T.);
#8369 = ORIENTED_EDGE('',*,*,#7493,.T.);
#8370 = ORIENTED_EDGE('',*,*,#7557,.T.);
#8371 = ORIENTED_EDGE('',*,*,#7598,.T.);
#8372 = ORIENTED_EDGE('',*,*,#8373,.F.);
#8373 = EDGE_CURVE('',#8374,#7599,#8376,.T.);
#8374 = VERTEX_POINT('',#8375);
#8375 = CARTESIAN_POINT('',(0.8,-2.,1.8));
#8376 = LINE('',#8377,#8378);
#8377 = CARTESIAN_POINT('',(0.8,-2.,1.8));
#8378 = VECTOR('',#8379,1.);
#8379 = DIRECTION('',(-1.224646799147E-16,-1.,0.));
#8380 = ORIENTED_EDGE('',*,*,#8381,.F.);
#8381 = EDGE_CURVE('',#8382,#8374,#8384,.T.);
#8382 = VERTEX_POINT('',#8383);
#8383 = CARTESIAN_POINT('',(1.2,-2.,1.8));
#8384 = LINE('',#8385,#8386);
#8385 = CARTESIAN_POINT('',(1.2,-2.,1.8));
#8386 = VECTOR('',#8387,1.);
#8387 = DIRECTION('',(-1.,1.224646799147E-16,0.));
#8388 = ORIENTED_EDGE('',*,*,#8389,.F.);
#8389 = EDGE_CURVE('',#7623,#8382,#8390,.T.);
#8390 = LINE('',#8391,#8392);
#8391 = CARTESIAN_POINT('',(1.2,-2.3,1.8));
#8392 = VECTOR('',#8393,1.);
#8393 = DIRECTION('',(1.224646799147E-16,1.,0.));
#8394 = ORIENTED_EDGE('',*,*,#7630,.T.);
#8395 = ORIENTED_EDGE('',*,*,#8396,.F.);
#8396 = EDGE_CURVE('',#8397,#7631,#8399,.T.);
#8397 = VERTEX_POINT('',#8398);
#8398 = CARTESIAN_POINT('',(2.8,-2.,1.8));
#8399 = LINE('',#8400,#8401);
#8400 = CARTESIAN_POINT('',(2.8,-2.,1.8));
#8401 = VECTOR('',#8402,1.);
#8402 = DIRECTION('',(-1.224646799147E-16,-1.,0.));
#8403 = ORIENTED_EDGE('',*,*,#8404,.F.);
#8404 = EDGE_CURVE('',#8405,#8397,#8407,.T.);
#8405 = VERTEX_POINT('',#8406);
#8406 = CARTESIAN_POINT('',(3.2,-2.,1.8));
#8407 = LINE('',#8408,#8409);
#8408 = CARTESIAN_POINT('',(3.2,-2.,1.8));
#8409 = VECTOR('',#8410,1.);
#8410 = DIRECTION('',(-1.,1.224646799147E-16,0.));
#8411 = ORIENTED_EDGE('',*,*,#8412,.F.);
#8412 = EDGE_CURVE('',#7655,#8405,#8413,.T.);
#8413 = LINE('',#8414,#8415);
#8414 = CARTESIAN_POINT('',(3.2,-2.3,1.8));
#8415 = VECTOR('',#8416,1.);
#8416 = DIRECTION('',(1.224646799147E-16,1.,0.));
#8417 = ORIENTED_EDGE('',*,*,#7662,.T.);
#8418 = ORIENTED_EDGE('',*,*,#8419,.F.);
#8419 = EDGE_CURVE('',#8420,#7663,#8422,.T.);
#8420 = VERTEX_POINT('',#8421);
#8421 = CARTESIAN_POINT('',(4.8,-2.,1.8));
#8422 = LINE('',#8423,#8424);
#8423 = CARTESIAN_POINT('',(4.8,-2.,1.8));
#8424 = VECTOR('',#8425,1.);
#8425 = DIRECTION('',(-1.224646799147E-16,-1.,0.));
#8426 = ORIENTED_EDGE('',*,*,#8427,.F.);
#8427 = EDGE_CURVE('',#8428,#8420,#8430,.T.);
#8428 = VERTEX_POINT('',#8429);
#8429 = CARTESIAN_POINT('',(5.2,-2.,1.8));
#8430 = LINE('',#8431,#8432);
#8431 = CARTESIAN_POINT('',(5.2,-2.,1.8));
#8432 = VECTOR('',#8433,1.);
#8433 = DIRECTION('',(-1.,1.224646799147E-16,0.));
#8434 = ORIENTED_EDGE('',*,*,#8435,.F.);
#8435 = EDGE_CURVE('',#7687,#8428,#8436,.T.);
#8436 = LINE('',#8437,#8438);
#8437 = CARTESIAN_POINT('',(5.2,-2.3,1.8));
#8438 = VECTOR('',#8439,1.);
#8439 = DIRECTION('',(1.224646799147E-16,1.,0.));
#8440 = ORIENTED_EDGE('',*,*,#7694,.T.);
#8441 = ORIENTED_EDGE('',*,*,#8442,.F.);
#8442 = EDGE_CURVE('',#8443,#7695,#8445,.T.);
#8443 = VERTEX_POINT('',#8444);
#8444 = CARTESIAN_POINT('',(6.8,-2.,1.8));
#8445 = LINE('',#8446,#8447);
#8446 = CARTESIAN_POINT('',(6.8,-2.,1.8));
#8447 = VECTOR('',#8448,1.);
#8448 = DIRECTION('',(-1.224646799147E-16,-1.,0.));
#8449 = ORIENTED_EDGE('',*,*,#8450,.F.);
#8450 = EDGE_CURVE('',#8451,#8443,#8453,.T.);
#8451 = VERTEX_POINT('',#8452);
#8452 = CARTESIAN_POINT('',(7.2,-2.,1.8));
#8453 = LINE('',#8454,#8455);
#8454 = CARTESIAN_POINT('',(7.2,-2.,1.8));
#8455 = VECTOR('',#8456,1.);
#8456 = DIRECTION('',(-1.,1.224646799147E-16,0.));
#8457 = ORIENTED_EDGE('',*,*,#8458,.F.);
#8458 = EDGE_CURVE('',#7719,#8451,#8459,.T.);
#8459 = LINE('',#8460,#8461);
#8460 = CARTESIAN_POINT('',(7.2,-2.3,1.8));
#8461 = VECTOR('',#8462,1.);
#8462 = DIRECTION('',(1.224646799147E-16,1.,0.));
#8463 = ORIENTED_EDGE('',*,*,#7726,.T.);
#8464 = ORIENTED_EDGE('',*,*,#8465,.F.);
#8465 = EDGE_CURVE('',#8466,#7727,#8468,.T.);
#8466 = VERTEX_POINT('',#8467);
#8467 = CARTESIAN_POINT('',(8.8,-2.,1.8));
#8468 = LINE('',#8469,#8470);
#8469 = CARTESIAN_POINT('',(8.8,-2.,1.8));
#8470 = VECTOR('',#8471,1.);
#8471 = DIRECTION('',(-1.224646799147E-16,-1.,0.));
#8472 = ORIENTED_EDGE('',*,*,#8473,.F.);
#8473 = EDGE_CURVE('',#8474,#8466,#8476,.T.);
#8474 = VERTEX_POINT('',#8475);
#8475 = CARTESIAN_POINT('',(9.2,-2.,1.8));
#8476 = LINE('',#8477,#8478);
#8477 = CARTESIAN_POINT('',(9.2,-2.,1.8));
#8478 = VECTOR('',#8479,1.);
#8479 = DIRECTION('',(-1.,1.224646799147E-16,0.));
#8480 = ORIENTED_EDGE('',*,*,#8481,.F.);
#8481 = EDGE_CURVE('',#7751,#8474,#8482,.T.);
#8482 = LINE('',#8483,#8484);
#8483 = CARTESIAN_POINT('',(9.2,-2.3,1.8));
#8484 = VECTOR('',#8485,1.);
#8485 = DIRECTION('',(1.224646799147E-16,1.,0.));
#8486 = ORIENTED_EDGE('',*,*,#7758,.T.);
#8487 = ORIENTED_EDGE('',*,*,#8488,.F.);
#8488 = EDGE_CURVE('',#8489,#7759,#8491,.T.);
#8489 = VERTEX_POINT('',#8490);
#8490 = CARTESIAN_POINT('',(10.8,-2.,1.8));
#8491 = LINE('',#8492,#8493);
#8492 = CARTESIAN_POINT('',(10.8,-2.,1.8));
#8493 = VECTOR('',#8494,1.);
#8494 = DIRECTION('',(-1.224646799147E-16,-1.,0.));
#8495 = ORIENTED_EDGE('',*,*,#8496,.F.);
#8496 = EDGE_CURVE('',#8497,#8489,#8499,.T.);
#8497 = VERTEX_POINT('',#8498);
#8498 = CARTESIAN_POINT('',(11.2,-2.,1.8));
#8499 = LINE('',#8500,#8501);
#8500 = CARTESIAN_POINT('',(11.2,-2.,1.8));
#8501 = VECTOR('',#8502,1.);
#8502 = DIRECTION('',(-1.,1.224646799147E-16,0.));
#8503 = ORIENTED_EDGE('',*,*,#8504,.F.);
#8504 = EDGE_CURVE('',#7783,#8497,#8505,.T.);
#8505 = LINE('',#8506,#8507);
#8506 = CARTESIAN_POINT('',(11.2,-2.3,1.8));
#8507 = VECTOR('',#8508,1.);
#8508 = DIRECTION('',(1.224646799147E-16,1.,0.));
#8509 = ORIENTED_EDGE('',*,*,#7790,.T.);
#8510 = ORIENTED_EDGE('',*,*,#8511,.F.);
#8511 = EDGE_CURVE('',#8512,#7791,#8514,.T.);
#8512 = VERTEX_POINT('',#8513);
#8513 = CARTESIAN_POINT('',(12.8,-2.,1.8));
#8514 = LINE('',#8515,#8516);
#8515 = CARTESIAN_POINT('',(12.8,-2.,1.8));
#8516 = VECTOR('',#8517,1.);
#8517 = DIRECTION('',(-1.224646799147E-16,-1.,0.));
#8518 = ORIENTED_EDGE('',*,*,#8519,.F.);
#8519 = EDGE_CURVE('',#8361,#8512,#8520,.T.);
#8520 = LINE('',#8521,#8522);
#8521 = CARTESIAN_POINT('',(13.2,-2.,1.8));
#8522 = VECTOR('',#8523,1.);
#8523 = DIRECTION('',(-1.,1.224646799147E-16,0.));
#8524 = FACE_BOUND('',#8525,.T.);
#8525 = EDGE_LOOP('',(#8526,#8536,#8544,#8552));
#8526 = ORIENTED_EDGE('',*,*,#8527,.F.);
#8527 = EDGE_CURVE('',#8528,#8530,#8532,.T.);
#8528 = VERTEX_POINT('',#8529);
#8529 = CARTESIAN_POINT('',(1.75,0.25,1.8));
#8530 = VERTEX_POINT('',#8531);
#8531 = CARTESIAN_POINT('',(1.75,-0.25,1.8));
#8532 = LINE('',#8533,#8534);
#8533 = CARTESIAN_POINT('',(1.75,-0.3,1.8));
#8534 = VECTOR('',#8535,1.);
#8535 = DIRECTION('',(-1.224646799147E-16,-1.,6.3912497488E-32));
#8536 = ORIENTED_EDGE('',*,*,#8537,.T.);
#8537 = EDGE_CURVE('',#8528,#8538,#8540,.T.);
#8538 = VERTEX_POINT('',#8539);
#8539 = CARTESIAN_POINT('',(2.25,0.25,1.8));
#8540 = LINE('',#8541,#8542);
#8541 = CARTESIAN_POINT('',(4.625,0.25,1.8));
#8542 = VECTOR('',#8543,1.);
#8543 = DIRECTION('',(1.,-1.224646799147E-16,2.299416752328E-33));
#8544 = ORIENTED_EDGE('',*,*,#8545,.T.);
#8545 = EDGE_CURVE('',#8538,#8546,#8548,.T.);
#8546 = VERTEX_POINT('',#8547);
#8547 = CARTESIAN_POINT('',(2.25,-0.25,1.8));
#8548 = LINE('',#8549,#8550);
#8549 = CARTESIAN_POINT('',(2.25,-0.3,1.8));
#8550 = VECTOR('',#8551,1.);
#8551 = DIRECTION('',(-1.224646799147E-16,-1.,6.3912497488E-32));
#8552 = ORIENTED_EDGE('',*,*,#8553,.T.);
#8553 = EDGE_CURVE('',#8546,#8530,#8554,.T.);
#8554 = LINE('',#8555,#8556);
#8555 = CARTESIAN_POINT('',(4.625,-0.25,1.8));
#8556 = VECTOR('',#8557,1.);
#8557 = DIRECTION('',(-1.,1.224646799147E-16,-2.299416752328E-33));
#8558 = FACE_BOUND('',#8559,.T.);
#8559 = EDGE_LOOP('',(#8560,#8570,#8578,#8586));
#8560 = ORIENTED_EDGE('',*,*,#8561,.T.);
#8561 = EDGE_CURVE('',#8562,#8564,#8566,.T.);
#8562 = VERTEX_POINT('',#8563);
#8563 = CARTESIAN_POINT('',(4.25,0.25,1.8));
#8564 = VERTEX_POINT('',#8565);
#8565 = CARTESIAN_POINT('',(4.25,-0.25,1.8));
#8566 = LINE('',#8567,#8568);
#8567 = CARTESIAN_POINT('',(4.25,-0.3,1.8));
#8568 = VECTOR('',#8569,1.);
#8569 = DIRECTION('',(-1.224646799147E-16,-1.,6.3912497488E-32));
#8570 = ORIENTED_EDGE('',*,*,#8571,.T.);
#8571 = EDGE_CURVE('',#8564,#8572,#8574,.T.);
#8572 = VERTEX_POINT('',#8573);
#8573 = CARTESIAN_POINT('',(3.75,-0.25,1.8));
#8574 = LINE('',#8575,#8576);
#8575 = CARTESIAN_POINT('',(5.625,-0.25,1.8));
#8576 = VECTOR('',#8577,1.);
#8577 = DIRECTION('',(-1.,1.224646799147E-16,-2.299416752328E-33));
#8578 = ORIENTED_EDGE('',*,*,#8579,.F.);
#8579 = EDGE_CURVE('',#8580,#8572,#8582,.T.);
#8580 = VERTEX_POINT('',#8581);
#8581 = CARTESIAN_POINT('',(3.75,0.25,1.8));
#8582 = LINE('',#8583,#8584);
#8583 = CARTESIAN_POINT('',(3.75,-0.3,1.8));
#8584 = VECTOR('',#8585,1.);
#8585 = DIRECTION('',(-1.224646799147E-16,-1.,6.3912497488E-32));
#8586 = ORIENTED_EDGE('',*,*,#8587,.T.);
#8587 = EDGE_CURVE('',#8580,#8562,#8588,.T.);
#8588 = LINE('',#8589,#8590);
#8589 = CARTESIAN_POINT('',(5.625,0.25,1.8));
#8590 = VECTOR('',#8591,1.);
#8591 = DIRECTION('',(1.,-1.224646799147E-16,2.299416752328E-33));
#8592 = FACE_BOUND('',#8593,.T.);
#8593 = EDGE_LOOP('',(#8594,#8604,#8612,#8620));
#8594 = ORIENTED_EDGE('',*,*,#8595,.F.);
#8595 = EDGE_CURVE('',#8596,#8598,#8600,.T.);
#8596 = VERTEX_POINT('',#8597);
#8597 = CARTESIAN_POINT('',(5.75,0.25,1.8));
#8598 = VERTEX_POINT('',#8599);
#8599 = CARTESIAN_POINT('',(5.75,-0.25,1.8));
#8600 = LINE('',#8601,#8602);
#8601 = CARTESIAN_POINT('',(5.75,-0.3,1.8));
#8602 = VECTOR('',#8603,1.);
#8603 = DIRECTION('',(-1.224646799147E-16,-1.,6.3912497488E-32));
#8604 = ORIENTED_EDGE('',*,*,#8605,.T.);
#8605 = EDGE_CURVE('',#8596,#8606,#8608,.T.);
#8606 = VERTEX_POINT('',#8607);
#8607 = CARTESIAN_POINT('',(6.25,0.25,1.8));
#8608 = LINE('',#8609,#8610);
#8609 = CARTESIAN_POINT('',(6.625,0.25,1.8));
#8610 = VECTOR('',#8611,1.);
#8611 = DIRECTION('',(1.,-1.224646799147E-16,2.299416752328E-33));
#8612 = ORIENTED_EDGE('',*,*,#8613,.T.);
#8613 = EDGE_CURVE('',#8606,#8614,#8616,.T.);
#8614 = VERTEX_POINT('',#8615);
#8615 = CARTESIAN_POINT('',(6.25,-0.25,1.8));
#8616 = LINE('',#8617,#8618);
#8617 = CARTESIAN_POINT('',(6.25,-0.3,1.8));
#8618 = VECTOR('',#8619,1.);
#8619 = DIRECTION('',(-1.224646799147E-16,-1.,6.3912497488E-32));
#8620 = ORIENTED_EDGE('',*,*,#8621,.T.);
#8621 = EDGE_CURVE('',#8614,#8598,#8622,.T.);
#8622 = LINE('',#8623,#8624);
#8623 = CARTESIAN_POINT('',(6.625,-0.25,1.8));
#8624 = VECTOR('',#8625,1.);
#8625 = DIRECTION('',(-1.,1.224646799147E-16,-2.299416752328E-33));
#8626 = FACE_BOUND('',#8627,.T.);
#8627 = EDGE_LOOP('',(#8628,#8638,#8646,#8654));
#8628 = ORIENTED_EDGE('',*,*,#8629,.F.);
#8629 = EDGE_CURVE('',#8630,#8632,#8634,.T.);
#8630 = VERTEX_POINT('',#8631);
#8631 = CARTESIAN_POINT('',(11.75,0.25,1.8));
#8632 = VERTEX_POINT('',#8633);
#8633 = CARTESIAN_POINT('',(11.75,-0.25,1.8));
#8634 = LINE('',#8635,#8636);
#8635 = CARTESIAN_POINT('',(11.75,-0.3,1.8));
#8636 = VECTOR('',#8637,1.);
#8637 = DIRECTION('',(-1.224646799147E-16,-1.,6.3912497488E-32));
#8638 = ORIENTED_EDGE('',*,*,#8639,.T.);
#8639 = EDGE_CURVE('',#8630,#8640,#8642,.T.);
#8640 = VERTEX_POINT('',#8641);
#8641 = CARTESIAN_POINT('',(12.25,0.25,1.8));
#8642 = LINE('',#8643,#8644);
#8643 = CARTESIAN_POINT('',(9.625,0.25,1.8));
#8644 = VECTOR('',#8645,1.);
#8645 = DIRECTION('',(1.,-1.224646799147E-16,2.299416752328E-33));
#8646 = ORIENTED_EDGE('',*,*,#8647,.T.);
#8647 = EDGE_CURVE('',#8640,#8648,#8650,.T.);
#8648 = VERTEX_POINT('',#8649);
#8649 = CARTESIAN_POINT('',(12.25,-0.25,1.8));
#8650 = LINE('',#8651,#8652);
#8651 = CARTESIAN_POINT('',(12.25,-0.3,1.8));
#8652 = VECTOR('',#8653,1.);
#8653 = DIRECTION('',(-1.224646799147E-16,-1.,6.3912497488E-32));
#8654 = ORIENTED_EDGE('',*,*,#8655,.T.);
#8655 = EDGE_CURVE('',#8648,#8632,#8656,.T.);
#8656 = LINE('',#8657,#8658);
#8657 = CARTESIAN_POINT('',(9.625,-0.25,1.8));
#8658 = VECTOR('',#8659,1.);
#8659 = DIRECTION('',(-1.,1.224646799147E-16,-2.299416752328E-33));
#8660 = FACE_BOUND('',#8661,.T.);
#8661 = EDGE_LOOP('',(#8662,#8672,#8680,#8688));
#8662 = ORIENTED_EDGE('',*,*,#8663,.T.);
#8663 = EDGE_CURVE('',#8664,#8666,#8668,.T.);
#8664 = VERTEX_POINT('',#8665);
#8665 = CARTESIAN_POINT('',(9.75,0.25,1.8));
#8666 = VERTEX_POINT('',#8667);
#8667 = CARTESIAN_POINT('',(10.25,0.25,1.8));
#8668 = LINE('',#8669,#8670);
#8669 = CARTESIAN_POINT('',(8.625,0.25,1.8));
#8670 = VECTOR('',#8671,1.);
#8671 = DIRECTION('',(1.,-1.224646799147E-16,2.299416752328E-33));
#8672 = ORIENTED_EDGE('',*,*,#8673,.T.);
#8673 = EDGE_CURVE('',#8666,#8674,#8676,.T.);
#8674 = VERTEX_POINT('',#8675);
#8675 = CARTESIAN_POINT('',(10.25,-0.25,1.8));
#8676 = LINE('',#8677,#8678);
#8677 = CARTESIAN_POINT('',(10.25,-0.3,1.8));
#8678 = VECTOR('',#8679,1.);
#8679 = DIRECTION('',(-1.224646799147E-16,-1.,6.3912497488E-32));
#8680 = ORIENTED_EDGE('',*,*,#8681,.T.);
#8681 = EDGE_CURVE('',#8674,#8682,#8684,.T.);
#8682 = VERTEX_POINT('',#8683);
#8683 = CARTESIAN_POINT('',(9.75,-0.25,1.8));
#8684 = LINE('',#8685,#8686);
#8685 = CARTESIAN_POINT('',(8.625,-0.25,1.8));
#8686 = VECTOR('',#8687,1.);
#8687 = DIRECTION('',(-1.,1.224646799147E-16,-2.299416752328E-33));
#8688 = ORIENTED_EDGE('',*,*,#8689,.F.);
#8689 = EDGE_CURVE('',#8664,#8682,#8690,.T.);
#8690 = LINE('',#8691,#8692);
#8691 = CARTESIAN_POINT('',(9.75,-0.3,1.8));
#8692 = VECTOR('',#8693,1.);
#8693 = DIRECTION('',(-1.224646799147E-16,-1.,6.3912497488E-32));
#8694 = FACE_BOUND('',#8695,.T.);
#8695 = EDGE_LOOP('',(#8696,#8706,#8714,#8722));
#8696 = ORIENTED_EDGE('',*,*,#8697,.F.);
#8697 = EDGE_CURVE('',#8698,#8700,#8702,.T.);
#8698 = VERTEX_POINT('',#8699);
#8699 = CARTESIAN_POINT('',(7.75,0.25,1.8));
#8700 = VERTEX_POINT('',#8701);
#8701 = CARTESIAN_POINT('',(7.75,-0.25,1.8));
#8702 = LINE('',#8703,#8704);
#8703 = CARTESIAN_POINT('',(7.75,-0.3,1.8));
#8704 = VECTOR('',#8705,1.);
#8705 = DIRECTION('',(-1.224646799147E-16,-1.,6.3912497488E-32));
#8706 = ORIENTED_EDGE('',*,*,#8707,.T.);
#8707 = EDGE_CURVE('',#8698,#8708,#8710,.T.);
#8708 = VERTEX_POINT('',#8709);
#8709 = CARTESIAN_POINT('',(8.25,0.25,1.8));
#8710 = LINE('',#8711,#8712);
#8711 = CARTESIAN_POINT('',(7.625,0.25,1.8));
#8712 = VECTOR('',#8713,1.);
#8713 = DIRECTION('',(1.,-1.224646799147E-16,2.299416752328E-33));
#8714 = ORIENTED_EDGE('',*,*,#8715,.T.);
#8715 = EDGE_CURVE('',#8708,#8716,#8718,.T.);
#8716 = VERTEX_POINT('',#8717);
#8717 = CARTESIAN_POINT('',(8.25,-0.25,1.8));
#8718 = LINE('',#8719,#8720);
#8719 = CARTESIAN_POINT('',(8.25,-0.3,1.8));
#8720 = VECTOR('',#8721,1.);
#8721 = DIRECTION('',(-1.224646799147E-16,-1.,6.3912497488E-32));
#8722 = ORIENTED_EDGE('',*,*,#8723,.T.);
#8723 = EDGE_CURVE('',#8716,#8700,#8724,.T.);
#8724 = LINE('',#8725,#8726);
#8725 = CARTESIAN_POINT('',(7.625,-0.25,1.8));
#8726 = VECTOR('',#8727,1.);
#8727 = DIRECTION('',(-1.,1.224646799147E-16,-2.299416752328E-33));
#8728 = FACE_BOUND('',#8729,.T.);
#8729 = EDGE_LOOP('',(#8730,#8740,#8748,#8756));
#8730 = ORIENTED_EDGE('',*,*,#8731,.T.);
#8731 = EDGE_CURVE('',#8732,#8734,#8736,.T.);
#8732 = VERTEX_POINT('',#8733);
#8733 = CARTESIAN_POINT('',(14.25,0.25,1.8));
#8734 = VERTEX_POINT('',#8735);
#8735 = CARTESIAN_POINT('',(14.25,-0.25,1.8));
#8736 = LINE('',#8737,#8738);
#8737 = CARTESIAN_POINT('',(14.25,-0.278366783637,1.8));
#8738 = VECTOR('',#8739,1.);
#8739 = DIRECTION('',(-1.224646799147E-16,-1.,6.3912497488E-32));
#8740 = ORIENTED_EDGE('',*,*,#8741,.T.);
#8741 = EDGE_CURVE('',#8734,#8742,#8744,.T.);
#8742 = VERTEX_POINT('',#8743);
#8743 = CARTESIAN_POINT('',(13.75,-0.25,1.8));
#8744 = LINE('',#8745,#8746);
#8745 = CARTESIAN_POINT('',(10.625,-0.25,1.8));
#8746 = VECTOR('',#8747,1.);
#8747 = DIRECTION('',(-1.,1.224646799147E-16,-2.299416752328E-33));
#8748 = ORIENTED_EDGE('',*,*,#8749,.F.);
#8749 = EDGE_CURVE('',#8750,#8742,#8752,.T.);
#8750 = VERTEX_POINT('',#8751);
#8751 = CARTESIAN_POINT('',(13.75,0.25,1.8));
#8752 = LINE('',#8753,#8754);
#8753 = CARTESIAN_POINT('',(13.75,-0.278366783637,1.8));
#8754 = VECTOR('',#8755,1.);
#8755 = DIRECTION('',(-1.224646799147E-16,-1.,6.3912497488E-32));
#8756 = ORIENTED_EDGE('',*,*,#8757,.T.);
#8757 = EDGE_CURVE('',#8750,#8732,#8758,.T.);
#8758 = LINE('',#8759,#8760);
#8759 = CARTESIAN_POINT('',(10.625,0.25,1.8));
#8760 = VECTOR('',#8761,1.);
#8761 = DIRECTION('',(1.,-1.224646799147E-16,2.299416752328E-33));
#8762 = FACE_BOUND('',#8763,.T.);
#8763 = EDGE_LOOP('',(#8764,#8774,#8782,#8790));
#8764 = ORIENTED_EDGE('',*,*,#8765,.T.);
#8765 = EDGE_CURVE('',#8766,#8768,#8770,.T.);
#8766 = VERTEX_POINT('',#8767);
#8767 = CARTESIAN_POINT('',(0.25,0.25,1.8));
#8768 = VERTEX_POINT('',#8769);
#8769 = CARTESIAN_POINT('',(0.25,-0.25,1.8));
#8770 = LINE('',#8771,#8772);
#8771 = CARTESIAN_POINT('',(0.25,-0.278366783637,1.8));
#8772 = VECTOR('',#8773,1.);
#8773 = DIRECTION('',(-1.224646799147E-16,-1.,6.3912497488E-32));
#8774 = ORIENTED_EDGE('',*,*,#8775,.T.);
#8775 = EDGE_CURVE('',#8768,#8776,#8778,.T.);
#8776 = VERTEX_POINT('',#8777);
#8777 = CARTESIAN_POINT('',(-0.25,-0.25,1.8));
#8778 = LINE('',#8779,#8780);
#8779 = CARTESIAN_POINT('',(3.625,-0.25,1.8));
#8780 = VECTOR('',#8781,1.);
#8781 = DIRECTION('',(-1.,1.224646799147E-16,-2.299416752328E-33));
#8782 = ORIENTED_EDGE('',*,*,#8783,.F.);
#8783 = EDGE_CURVE('',#8784,#8776,#8786,.T.);
#8784 = VERTEX_POINT('',#8785);
#8785 = CARTESIAN_POINT('',(-0.25,0.25,1.8));
#8786 = LINE('',#8787,#8788);
#8787 = CARTESIAN_POINT('',(-0.25,-0.278366783637,1.8));
#8788 = VECTOR('',#8789,1.);
#8789 = DIRECTION('',(-1.224646799147E-16,-1.,6.3912497488E-32));
#8790 = ORIENTED_EDGE('',*,*,#8791,.T.);
#8791 = EDGE_CURVE('',#8784,#8766,#8792,.T.);
#8792 = LINE('',#8793,#8794);
#8793 = CARTESIAN_POINT('',(3.625,0.25,1.8));
#8794 = VECTOR('',#8795,1.);
#8795 = DIRECTION('',(1.,-1.224646799147E-16,2.299416752328E-33));
#8796 = PLANE('',#8797);
#8797 = AXIS2_PLACEMENT_3D('',#8798,#8799,#8800);
#8798 = CARTESIAN_POINT('',(7.,-0.6,1.8));
#8799 = DIRECTION('',(-2.299416752328E-33,6.3912497488E-32,1.));
#8800 = DIRECTION('',(-1.224646799147E-16,-1.,6.3912497488E-32));
#8801 = ADVANCED_FACE('',(#8802),#8820,.F.);
#8802 = FACE_BOUND('',#8803,.F.);
#8803 = EDGE_LOOP('',(#8804,#8805,#8813,#8819));
#8804 = ORIENTED_EDGE('',*,*,#7814,.T.);
#8805 = ORIENTED_EDGE('',*,*,#8806,.T.);
#8806 = EDGE_CURVE('',#7807,#8807,#8809,.T.);
#8807 = VERTEX_POINT('',#8808);
#8808 = CARTESIAN_POINT('',(13.2,-2.,3.7));
#8809 = LINE('',#8810,#8811);
#8810 = CARTESIAN_POINT('',(13.2,-2.3,3.7));
#8811 = VECTOR('',#8812,1.);
#8812 = DIRECTION('',(1.224646799147E-16,1.,0.));
#8813 = ORIENTED_EDGE('',*,*,#8814,.F.);
#8814 = EDGE_CURVE('',#8361,#8807,#8815,.T.);
#8815 = LINE('',#8816,#8817);
#8816 = CARTESIAN_POINT('',(13.2,-2.,1.8));
#8817 = VECTOR('',#8818,1.);
#8818 = DIRECTION('',(0.,0.,1.));
#8819 = ORIENTED_EDGE('',*,*,#8360,.F.);
#8820 = PLANE('',#8821);
#8821 = AXIS2_PLACEMENT_3D('',#8822,#8823,#8824);
#8822 = CARTESIAN_POINT('',(13.2,-2.3,1.8));
#8823 = DIRECTION('',(-1.,1.224646799147E-16,0.));
#8824 = DIRECTION('',(1.224646799147E-16,1.,0.));
#8825 = ADVANCED_FACE('',(#8826),#8844,.T.);
#8826 = FACE_BOUND('',#8827,.T.);
#8827 = EDGE_LOOP('',(#8828,#8836,#8842,#8843));
#8828 = ORIENTED_EDGE('',*,*,#8829,.T.);
#8829 = EDGE_CURVE('',#8807,#8830,#8832,.T.);
#8830 = VERTEX_POINT('',#8831);
#8831 = CARTESIAN_POINT('',(12.8,-2.,3.7));
#8832 = LINE('',#8833,#8834);
#8833 = CARTESIAN_POINT('',(13.2,-2.,3.7));
#8834 = VECTOR('',#8835,1.);
#8835 = DIRECTION('',(-1.,1.224646799147E-16,0.));
#8836 = ORIENTED_EDGE('',*,*,#8837,.T.);
#8837 = EDGE_CURVE('',#8830,#7799,#8838,.T.);
#8838 = LINE('',#8839,#8840);
#8839 = CARTESIAN_POINT('',(12.8,-2.,3.7));
#8840 = VECTOR('',#8841,1.);
#8841 = DIRECTION('',(-1.224646799147E-16,-1.,0.));
#8842 = ORIENTED_EDGE('',*,*,#7806,.T.);
#8843 = ORIENTED_EDGE('',*,*,#8806,.T.);
#8844 = PLANE('',#8845);
#8845 = AXIS2_PLACEMENT_3D('',#8846,#8847,#8848);
#8846 = CARTESIAN_POINT('',(13.,-2.15,3.7));
#8847 = DIRECTION('',(0.,0.,1.));
#8848 = DIRECTION('',(-1.,1.224646799147E-16,0.));
#8849 = ADVANCED_FACE('',(#8850),#8861,.F.);
#8850 = FACE_BOUND('',#8851,.F.);
#8851 = EDGE_LOOP('',(#8852,#8858,#8859,#8860));
#8852 = ORIENTED_EDGE('',*,*,#8853,.T.);
#8853 = EDGE_CURVE('',#8512,#8830,#8854,.T.);
#8854 = LINE('',#8855,#8856);
#8855 = CARTESIAN_POINT('',(12.8,-2.,1.8));
#8856 = VECTOR('',#8857,1.);
#8857 = DIRECTION('',(0.,0.,1.));
#8858 = ORIENTED_EDGE('',*,*,#8837,.T.);
#8859 = ORIENTED_EDGE('',*,*,#7798,.F.);
#8860 = ORIENTED_EDGE('',*,*,#8511,.F.);
#8861 = PLANE('',#8862);
#8862 = AXIS2_PLACEMENT_3D('',#8863,#8864,#8865);
#8863 = CARTESIAN_POINT('',(12.8,-2.,1.8));
#8864 = DIRECTION('',(1.,-1.224646799147E-16,0.));
#8865 = DIRECTION('',(-1.224646799147E-16,-1.,0.));
#8866 = ADVANCED_FACE('',(#8867),#8885,.F.);
#8867 = FACE_BOUND('',#8868,.F.);
#8868 = EDGE_LOOP('',(#8869,#8870,#8878,#8884));
#8869 = ORIENTED_EDGE('',*,*,#7782,.T.);
#8870 = ORIENTED_EDGE('',*,*,#8871,.T.);
#8871 = EDGE_CURVE('',#7775,#8872,#8874,.T.);
#8872 = VERTEX_POINT('',#8873);
#8873 = CARTESIAN_POINT('',(11.2,-2.,3.7));
#8874 = LINE('',#8875,#8876);
#8875 = CARTESIAN_POINT('',(11.2,-2.3,3.7));
#8876 = VECTOR('',#8877,1.);
#8877 = DIRECTION('',(1.224646799147E-16,1.,0.));
#8878 = ORIENTED_EDGE('',*,*,#8879,.F.);
#8879 = EDGE_CURVE('',#8497,#8872,#8880,.T.);
#8880 = LINE('',#8881,#8882);
#8881 = CARTESIAN_POINT('',(11.2,-2.,1.8));
#8882 = VECTOR('',#8883,1.);
#8883 = DIRECTION('',(0.,0.,1.));
#8884 = ORIENTED_EDGE('',*,*,#8504,.F.);
#8885 = PLANE('',#8886);
#8886 = AXIS2_PLACEMENT_3D('',#8887,#8888,#8889);
#8887 = CARTESIAN_POINT('',(11.2,-2.3,1.8));
#8888 = DIRECTION('',(-1.,1.224646799147E-16,0.));
#8889 = DIRECTION('',(1.224646799147E-16,1.,0.));
#8890 = ADVANCED_FACE('',(#8891),#8909,.T.);
#8891 = FACE_BOUND('',#8892,.T.);
#8892 = EDGE_LOOP('',(#8893,#8901,#8907,#8908));
#8893 = ORIENTED_EDGE('',*,*,#8894,.T.);
#8894 = EDGE_CURVE('',#8872,#8895,#8897,.T.);
#8895 = VERTEX_POINT('',#8896);
#8896 = CARTESIAN_POINT('',(10.8,-2.,3.7));
#8897 = LINE('',#8898,#8899);
#8898 = CARTESIAN_POINT('',(11.2,-2.,3.7));
#8899 = VECTOR('',#8900,1.);
#8900 = DIRECTION('',(-1.,1.224646799147E-16,0.));
#8901 = ORIENTED_EDGE('',*,*,#8902,.T.);
#8902 = EDGE_CURVE('',#8895,#7767,#8903,.T.);
#8903 = LINE('',#8904,#8905);
#8904 = CARTESIAN_POINT('',(10.8,-2.,3.7));
#8905 = VECTOR('',#8906,1.);
#8906 = DIRECTION('',(-1.224646799147E-16,-1.,0.));
#8907 = ORIENTED_EDGE('',*,*,#7774,.T.);
#8908 = ORIENTED_EDGE('',*,*,#8871,.T.);
#8909 = PLANE('',#8910);
#8910 = AXIS2_PLACEMENT_3D('',#8911,#8912,#8913);
#8911 = CARTESIAN_POINT('',(11.,-2.15,3.7));
#8912 = DIRECTION('',(0.,0.,1.));
#8913 = DIRECTION('',(-1.,1.224646799147E-16,0.));
#8914 = ADVANCED_FACE('',(#8915),#8926,.F.);
#8915 = FACE_BOUND('',#8916,.F.);
#8916 = EDGE_LOOP('',(#8917,#8923,#8924,#8925));
#8917 = ORIENTED_EDGE('',*,*,#8918,.T.);
#8918 = EDGE_CURVE('',#8489,#8895,#8919,.T.);
#8919 = LINE('',#8920,#8921);
#8920 = CARTESIAN_POINT('',(10.8,-2.,1.8));
#8921 = VECTOR('',#8922,1.);
#8922 = DIRECTION('',(0.,0.,1.));
#8923 = ORIENTED_EDGE('',*,*,#8902,.T.);
#8924 = ORIENTED_EDGE('',*,*,#7766,.F.);
#8925 = ORIENTED_EDGE('',*,*,#8488,.F.);
#8926 = PLANE('',#8927);
#8927 = AXIS2_PLACEMENT_3D('',#8928,#8929,#8930);
#8928 = CARTESIAN_POINT('',(10.8,-2.,1.8));
#8929 = DIRECTION('',(1.,-1.224646799147E-16,0.));
#8930 = DIRECTION('',(-1.224646799147E-16,-1.,0.));
#8931 = ADVANCED_FACE('',(#8932),#8950,.F.);
#8932 = FACE_BOUND('',#8933,.F.);
#8933 = EDGE_LOOP('',(#8934,#8935,#8943,#8949));
#8934 = ORIENTED_EDGE('',*,*,#7750,.T.);
#8935 = ORIENTED_EDGE('',*,*,#8936,.T.);
#8936 = EDGE_CURVE('',#7743,#8937,#8939,.T.);
#8937 = VERTEX_POINT('',#8938);
#8938 = CARTESIAN_POINT('',(9.2,-2.,3.7));
#8939 = LINE('',#8940,#8941);
#8940 = CARTESIAN_POINT('',(9.2,-2.3,3.7));
#8941 = VECTOR('',#8942,1.);
#8942 = DIRECTION('',(1.224646799147E-16,1.,0.));
#8943 = ORIENTED_EDGE('',*,*,#8944,.F.);
#8944 = EDGE_CURVE('',#8474,#8937,#8945,.T.);
#8945 = LINE('',#8946,#8947);
#8946 = CARTESIAN_POINT('',(9.2,-2.,1.8));
#8947 = VECTOR('',#8948,1.);
#8948 = DIRECTION('',(0.,0.,1.));
#8949 = ORIENTED_EDGE('',*,*,#8481,.F.);
#8950 = PLANE('',#8951);
#8951 = AXIS2_PLACEMENT_3D('',#8952,#8953,#8954);
#8952 = CARTESIAN_POINT('',(9.2,-2.3,1.8));
#8953 = DIRECTION('',(-1.,1.224646799147E-16,0.));
#8954 = DIRECTION('',(1.224646799147E-16,1.,0.));
#8955 = ADVANCED_FACE('',(#8956),#8974,.T.);
#8956 = FACE_BOUND('',#8957,.T.);
#8957 = EDGE_LOOP('',(#8958,#8966,#8972,#8973));
#8958 = ORIENTED_EDGE('',*,*,#8959,.T.);
#8959 = EDGE_CURVE('',#8937,#8960,#8962,.T.);
#8960 = VERTEX_POINT('',#8961);
#8961 = CARTESIAN_POINT('',(8.8,-2.,3.7));
#8962 = LINE('',#8963,#8964);
#8963 = CARTESIAN_POINT('',(9.2,-2.,3.7));
#8964 = VECTOR('',#8965,1.);
#8965 = DIRECTION('',(-1.,1.224646799147E-16,0.));
#8966 = ORIENTED_EDGE('',*,*,#8967,.T.);
#8967 = EDGE_CURVE('',#8960,#7735,#8968,.T.);
#8968 = LINE('',#8969,#8970);
#8969 = CARTESIAN_POINT('',(8.8,-2.,3.7));
#8970 = VECTOR('',#8971,1.);
#8971 = DIRECTION('',(-1.224646799147E-16,-1.,0.));
#8972 = ORIENTED_EDGE('',*,*,#7742,.T.);
#8973 = ORIENTED_EDGE('',*,*,#8936,.T.);
#8974 = PLANE('',#8975);
#8975 = AXIS2_PLACEMENT_3D('',#8976,#8977,#8978);
#8976 = CARTESIAN_POINT('',(9.,-2.15,3.7));
#8977 = DIRECTION('',(0.,0.,1.));
#8978 = DIRECTION('',(-1.,1.224646799147E-16,0.));
#8979 = ADVANCED_FACE('',(#8980),#8991,.F.);
#8980 = FACE_BOUND('',#8981,.F.);
#8981 = EDGE_LOOP('',(#8982,#8988,#8989,#8990));
#8982 = ORIENTED_EDGE('',*,*,#8983,.T.);
#8983 = EDGE_CURVE('',#8466,#8960,#8984,.T.);
#8984 = LINE('',#8985,#8986);
#8985 = CARTESIAN_POINT('',(8.8,-2.,1.8));
#8986 = VECTOR('',#8987,1.);
#8987 = DIRECTION('',(0.,0.,1.));
#8988 = ORIENTED_EDGE('',*,*,#8967,.T.);
#8989 = ORIENTED_EDGE('',*,*,#7734,.F.);
#8990 = ORIENTED_EDGE('',*,*,#8465,.F.);
#8991 = PLANE('',#8992);
#8992 = AXIS2_PLACEMENT_3D('',#8993,#8994,#8995);
#8993 = CARTESIAN_POINT('',(8.8,-2.,1.8));
#8994 = DIRECTION('',(1.,-1.224646799147E-16,0.));
#8995 = DIRECTION('',(-1.224646799147E-16,-1.,0.));
#8996 = ADVANCED_FACE('',(#8997),#9015,.F.);
#8997 = FACE_BOUND('',#8998,.F.);
#8998 = EDGE_LOOP('',(#8999,#9000,#9008,#9014));
#8999 = ORIENTED_EDGE('',*,*,#7718,.T.);
#9000 = ORIENTED_EDGE('',*,*,#9001,.T.);
#9001 = EDGE_CURVE('',#7711,#9002,#9004,.T.);
#9002 = VERTEX_POINT('',#9003);
#9003 = CARTESIAN_POINT('',(7.2,-2.,3.7));
#9004 = LINE('',#9005,#9006);
#9005 = CARTESIAN_POINT('',(7.2,-2.3,3.7));
#9006 = VECTOR('',#9007,1.);
#9007 = DIRECTION('',(1.224646799147E-16,1.,0.));
#9008 = ORIENTED_EDGE('',*,*,#9009,.F.);
#9009 = EDGE_CURVE('',#8451,#9002,#9010,.T.);
#9010 = LINE('',#9011,#9012);
#9011 = CARTESIAN_POINT('',(7.2,-2.,1.8));
#9012 = VECTOR('',#9013,1.);
#9013 = DIRECTION('',(0.,0.,1.));
#9014 = ORIENTED_EDGE('',*,*,#8458,.F.);
#9015 = PLANE('',#9016);
#9016 = AXIS2_PLACEMENT_3D('',#9017,#9018,#9019);
#9017 = CARTESIAN_POINT('',(7.2,-2.3,1.8));
#9018 = DIRECTION('',(-1.,1.224646799147E-16,0.));
#9019 = DIRECTION('',(1.224646799147E-16,1.,0.));
#9020 = ADVANCED_FACE('',(#9021),#9039,.T.);
#9021 = FACE_BOUND('',#9022,.T.);
#9022 = EDGE_LOOP('',(#9023,#9031,#9037,#9038));
#9023 = ORIENTED_EDGE('',*,*,#9024,.T.);
#9024 = EDGE_CURVE('',#9002,#9025,#9027,.T.);
#9025 = VERTEX_POINT('',#9026);
#9026 = CARTESIAN_POINT('',(6.8,-2.,3.7));
#9027 = LINE('',#9028,#9029);
#9028 = CARTESIAN_POINT('',(7.2,-2.,3.7));
#9029 = VECTOR('',#9030,1.);
#9030 = DIRECTION('',(-1.,1.224646799147E-16,0.));
#9031 = ORIENTED_EDGE('',*,*,#9032,.T.);
#9032 = EDGE_CURVE('',#9025,#7703,#9033,.T.);
#9033 = LINE('',#9034,#9035);
#9034 = CARTESIAN_POINT('',(6.8,-2.,3.7));
#9035 = VECTOR('',#9036,1.);
#9036 = DIRECTION('',(-1.224646799147E-16,-1.,0.));
#9037 = ORIENTED_EDGE('',*,*,#7710,.T.);
#9038 = ORIENTED_EDGE('',*,*,#9001,.T.);
#9039 = PLANE('',#9040);
#9040 = AXIS2_PLACEMENT_3D('',#9041,#9042,#9043);
#9041 = CARTESIAN_POINT('',(7.,-2.15,3.7));
#9042 = DIRECTION('',(0.,0.,1.));
#9043 = DIRECTION('',(-1.,1.224646799147E-16,0.));
#9044 = ADVANCED_FACE('',(#9045),#9056,.F.);
#9045 = FACE_BOUND('',#9046,.F.);
#9046 = EDGE_LOOP('',(#9047,#9053,#9054,#9055));
#9047 = ORIENTED_EDGE('',*,*,#9048,.T.);
#9048 = EDGE_CURVE('',#8443,#9025,#9049,.T.);
#9049 = LINE('',#9050,#9051);
#9050 = CARTESIAN_POINT('',(6.8,-2.,1.8));
#9051 = VECTOR('',#9052,1.);
#9052 = DIRECTION('',(0.,0.,1.));
#9053 = ORIENTED_EDGE('',*,*,#9032,.T.);
#9054 = ORIENTED_EDGE('',*,*,#7702,.F.);
#9055 = ORIENTED_EDGE('',*,*,#8442,.F.);
#9056 = PLANE('',#9057);
#9057 = AXIS2_PLACEMENT_3D('',#9058,#9059,#9060);
#9058 = CARTESIAN_POINT('',(6.8,-2.,1.8));
#9059 = DIRECTION('',(1.,-1.224646799147E-16,0.));
#9060 = DIRECTION('',(-1.224646799147E-16,-1.,0.));
#9061 = ADVANCED_FACE('',(#9062),#9080,.F.);
#9062 = FACE_BOUND('',#9063,.F.);
#9063 = EDGE_LOOP('',(#9064,#9065,#9073,#9079));
#9064 = ORIENTED_EDGE('',*,*,#7686,.T.);
#9065 = ORIENTED_EDGE('',*,*,#9066,.T.);
#9066 = EDGE_CURVE('',#7679,#9067,#9069,.T.);
#9067 = VERTEX_POINT('',#9068);
#9068 = CARTESIAN_POINT('',(5.2,-2.,3.7));
#9069 = LINE('',#9070,#9071);
#9070 = CARTESIAN_POINT('',(5.2,-2.3,3.7));
#9071 = VECTOR('',#9072,1.);
#9072 = DIRECTION('',(1.224646799147E-16,1.,0.));
#9073 = ORIENTED_EDGE('',*,*,#9074,.F.);
#9074 = EDGE_CURVE('',#8428,#9067,#9075,.T.);
#9075 = LINE('',#9076,#9077);
#9076 = CARTESIAN_POINT('',(5.2,-2.,1.8));
#9077 = VECTOR('',#9078,1.);
#9078 = DIRECTION('',(0.,0.,1.));
#9079 = ORIENTED_EDGE('',*,*,#8435,.F.);
#9080 = PLANE('',#9081);
#9081 = AXIS2_PLACEMENT_3D('',#9082,#9083,#9084);
#9082 = CARTESIAN_POINT('',(5.2,-2.3,1.8));
#9083 = DIRECTION('',(-1.,1.224646799147E-16,0.));
#9084 = DIRECTION('',(1.224646799147E-16,1.,0.));
#9085 = ADVANCED_FACE('',(#9086),#9104,.T.);
#9086 = FACE_BOUND('',#9087,.T.);
#9087 = EDGE_LOOP('',(#9088,#9096,#9102,#9103));
#9088 = ORIENTED_EDGE('',*,*,#9089,.T.);
#9089 = EDGE_CURVE('',#9067,#9090,#9092,.T.);
#9090 = VERTEX_POINT('',#9091);
#9091 = CARTESIAN_POINT('',(4.8,-2.,3.7));
#9092 = LINE('',#9093,#9094);
#9093 = CARTESIAN_POINT('',(5.2,-2.,3.7));
#9094 = VECTOR('',#9095,1.);
#9095 = DIRECTION('',(-1.,1.224646799147E-16,0.));
#9096 = ORIENTED_EDGE('',*,*,#9097,.T.);
#9097 = EDGE_CURVE('',#9090,#7671,#9098,.T.);
#9098 = LINE('',#9099,#9100);
#9099 = CARTESIAN_POINT('',(4.8,-2.,3.7));
#9100 = VECTOR('',#9101,1.);
#9101 = DIRECTION('',(-1.224646799147E-16,-1.,0.));
#9102 = ORIENTED_EDGE('',*,*,#7678,.T.);
#9103 = ORIENTED_EDGE('',*,*,#9066,.T.);
#9104 = PLANE('',#9105);
#9105 = AXIS2_PLACEMENT_3D('',#9106,#9107,#9108);
#9106 = CARTESIAN_POINT('',(5.,-2.15,3.7));
#9107 = DIRECTION('',(0.,0.,1.));
#9108 = DIRECTION('',(-1.,1.224646799147E-16,0.));
#9109 = ADVANCED_FACE('',(#9110),#9121,.F.);
#9110 = FACE_BOUND('',#9111,.F.);
#9111 = EDGE_LOOP('',(#9112,#9118,#9119,#9120));
#9112 = ORIENTED_EDGE('',*,*,#9113,.T.);
#9113 = EDGE_CURVE('',#8420,#9090,#9114,.T.);
#9114 = LINE('',#9115,#9116);
#9115 = CARTESIAN_POINT('',(4.8,-2.,1.8));
#9116 = VECTOR('',#9117,1.);
#9117 = DIRECTION('',(0.,0.,1.));
#9118 = ORIENTED_EDGE('',*,*,#9097,.T.);
#9119 = ORIENTED_EDGE('',*,*,#7670,.F.);
#9120 = ORIENTED_EDGE('',*,*,#8419,.F.);
#9121 = PLANE('',#9122);
#9122 = AXIS2_PLACEMENT_3D('',#9123,#9124,#9125);
#9123 = CARTESIAN_POINT('',(4.8,-2.,1.8));
#9124 = DIRECTION('',(1.,-1.224646799147E-16,0.));
#9125 = DIRECTION('',(-1.224646799147E-16,-1.,0.));
#9126 = ADVANCED_FACE('',(#9127),#9145,.F.);
#9127 = FACE_BOUND('',#9128,.F.);
#9128 = EDGE_LOOP('',(#9129,#9130,#9138,#9144));
#9129 = ORIENTED_EDGE('',*,*,#7654,.T.);
#9130 = ORIENTED_EDGE('',*,*,#9131,.T.);
#9131 = EDGE_CURVE('',#7647,#9132,#9134,.T.);
#9132 = VERTEX_POINT('',#9133);
#9133 = CARTESIAN_POINT('',(3.2,-2.,3.7));
#9134 = LINE('',#9135,#9136);
#9135 = CARTESIAN_POINT('',(3.2,-2.3,3.7));
#9136 = VECTOR('',#9137,1.);
#9137 = DIRECTION('',(1.224646799147E-16,1.,0.));
#9138 = ORIENTED_EDGE('',*,*,#9139,.F.);
#9139 = EDGE_CURVE('',#8405,#9132,#9140,.T.);
#9140 = LINE('',#9141,#9142);
#9141 = CARTESIAN_POINT('',(3.2,-2.,1.8));
#9142 = VECTOR('',#9143,1.);
#9143 = DIRECTION('',(0.,0.,1.));
#9144 = ORIENTED_EDGE('',*,*,#8412,.F.);
#9145 = PLANE('',#9146);
#9146 = AXIS2_PLACEMENT_3D('',#9147,#9148,#9149);
#9147 = CARTESIAN_POINT('',(3.2,-2.3,1.8));
#9148 = DIRECTION('',(-1.,1.224646799147E-16,0.));
#9149 = DIRECTION('',(1.224646799147E-16,1.,0.));
#9150 = ADVANCED_FACE('',(#9151),#9169,.T.);
#9151 = FACE_BOUND('',#9152,.T.);
#9152 = EDGE_LOOP('',(#9153,#9161,#9167,#9168));
#9153 = ORIENTED_EDGE('',*,*,#9154,.T.);
#9154 = EDGE_CURVE('',#9132,#9155,#9157,.T.);
#9155 = VERTEX_POINT('',#9156);
#9156 = CARTESIAN_POINT('',(2.8,-2.,3.7));
#9157 = LINE('',#9158,#9159);
#9158 = CARTESIAN_POINT('',(3.2,-2.,3.7));
#9159 = VECTOR('',#9160,1.);
#9160 = DIRECTION('',(-1.,1.224646799147E-16,0.));
#9161 = ORIENTED_EDGE('',*,*,#9162,.T.);
#9162 = EDGE_CURVE('',#9155,#7639,#9163,.T.);
#9163 = LINE('',#9164,#9165);
#9164 = CARTESIAN_POINT('',(2.8,-2.,3.7));
#9165 = VECTOR('',#9166,1.);
#9166 = DIRECTION('',(-1.224646799147E-16,-1.,0.));
#9167 = ORIENTED_EDGE('',*,*,#7646,.T.);
#9168 = ORIENTED_EDGE('',*,*,#9131,.T.);
#9169 = PLANE('',#9170);
#9170 = AXIS2_PLACEMENT_3D('',#9171,#9172,#9173);
#9171 = CARTESIAN_POINT('',(3.,-2.15,3.7));
#9172 = DIRECTION('',(0.,0.,1.));
#9173 = DIRECTION('',(-1.,1.224646799147E-16,0.));
#9174 = ADVANCED_FACE('',(#9175),#9186,.F.);
#9175 = FACE_BOUND('',#9176,.F.);
#9176 = EDGE_LOOP('',(#9177,#9183,#9184,#9185));
#9177 = ORIENTED_EDGE('',*,*,#9178,.T.);
#9178 = EDGE_CURVE('',#8397,#9155,#9179,.T.);
#9179 = LINE('',#9180,#9181);
#9180 = CARTESIAN_POINT('',(2.8,-2.,1.8));
#9181 = VECTOR('',#9182,1.);
#9182 = DIRECTION('',(0.,0.,1.));
#9183 = ORIENTED_EDGE('',*,*,#9162,.T.);
#9184 = ORIENTED_EDGE('',*,*,#7638,.F.);
#9185 = ORIENTED_EDGE('',*,*,#8396,.F.);
#9186 = PLANE('',#9187);
#9187 = AXIS2_PLACEMENT_3D('',#9188,#9189,#9190);
#9188 = CARTESIAN_POINT('',(2.8,-2.,1.8));
#9189 = DIRECTION('',(1.,-1.224646799147E-16,0.));
#9190 = DIRECTION('',(-1.224646799147E-16,-1.,0.));
#9191 = ADVANCED_FACE('',(#9192),#9210,.F.);
#9192 = FACE_BOUND('',#9193,.F.);
#9193 = EDGE_LOOP('',(#9194,#9195,#9203,#9209));
#9194 = ORIENTED_EDGE('',*,*,#7622,.T.);
#9195 = ORIENTED_EDGE('',*,*,#9196,.T.);
#9196 = EDGE_CURVE('',#7615,#9197,#9199,.T.);
#9197 = VERTEX_POINT('',#9198);
#9198 = CARTESIAN_POINT('',(1.2,-2.,3.7));
#9199 = LINE('',#9200,#9201);
#9200 = CARTESIAN_POINT('',(1.2,-2.3,3.7));
#9201 = VECTOR('',#9202,1.);
#9202 = DIRECTION('',(1.224646799147E-16,1.,0.));
#9203 = ORIENTED_EDGE('',*,*,#9204,.F.);
#9204 = EDGE_CURVE('',#8382,#9197,#9205,.T.);
#9205 = LINE('',#9206,#9207);
#9206 = CARTESIAN_POINT('',(1.2,-2.,1.8));
#9207 = VECTOR('',#9208,1.);
#9208 = DIRECTION('',(0.,0.,1.));
#9209 = ORIENTED_EDGE('',*,*,#8389,.F.);
#9210 = PLANE('',#9211);
#9211 = AXIS2_PLACEMENT_3D('',#9212,#9213,#9214);
#9212 = CARTESIAN_POINT('',(1.2,-2.3,1.8));
#9213 = DIRECTION('',(-1.,1.224646799147E-16,0.));
#9214 = DIRECTION('',(1.224646799147E-16,1.,0.));
#9215 = ADVANCED_FACE('',(#9216),#9234,.T.);
#9216 = FACE_BOUND('',#9217,.T.);
#9217 = EDGE_LOOP('',(#9218,#9226,#9232,#9233));
#9218 = ORIENTED_EDGE('',*,*,#9219,.T.);
#9219 = EDGE_CURVE('',#9197,#9220,#9222,.T.);
#9220 = VERTEX_POINT('',#9221);
#9221 = CARTESIAN_POINT('',(0.8,-2.,3.7));
#9222 = LINE('',#9223,#9224);
#9223 = CARTESIAN_POINT('',(1.2,-2.,3.7));
#9224 = VECTOR('',#9225,1.);
#9225 = DIRECTION('',(-1.,1.224646799147E-16,0.));
#9226 = ORIENTED_EDGE('',*,*,#9227,.T.);
#9227 = EDGE_CURVE('',#9220,#7607,#9228,.T.);
#9228 = LINE('',#9229,#9230);
#9229 = CARTESIAN_POINT('',(0.8,-2.,3.7));
#9230 = VECTOR('',#9231,1.);
#9231 = DIRECTION('',(-1.224646799147E-16,-1.,0.));
#9232 = ORIENTED_EDGE('',*,*,#7614,.T.);
#9233 = ORIENTED_EDGE('',*,*,#9196,.T.);
#9234 = PLANE('',#9235);
#9235 = AXIS2_PLACEMENT_3D('',#9236,#9237,#9238);
#9236 = CARTESIAN_POINT('',(1.,-2.15,3.7));
#9237 = DIRECTION('',(0.,0.,1.));
#9238 = DIRECTION('',(-1.,1.224646799147E-16,0.));
#9239 = ADVANCED_FACE('',(#9240),#9251,.F.);
#9240 = FACE_BOUND('',#9241,.F.);
#9241 = EDGE_LOOP('',(#9242,#9248,#9249,#9250));
#9242 = ORIENTED_EDGE('',*,*,#9243,.T.);
#9243 = EDGE_CURVE('',#8374,#9220,#9244,.T.);
#9244 = LINE('',#9245,#9246);
#9245 = CARTESIAN_POINT('',(0.8,-2.,1.8));
#9246 = VECTOR('',#9247,1.);
#9247 = DIRECTION('',(0.,0.,1.));
#9248 = ORIENTED_EDGE('',*,*,#9227,.T.);
#9249 = ORIENTED_EDGE('',*,*,#7606,.F.);
#9250 = ORIENTED_EDGE('',*,*,#8373,.F.);
#9251 = PLANE('',#9252);
#9252 = AXIS2_PLACEMENT_3D('',#9253,#9254,#9255);
#9253 = CARTESIAN_POINT('',(0.8,-2.,1.8));
#9254 = DIRECTION('',(1.,-1.224646799147E-16,0.));
#9255 = DIRECTION('',(-1.224646799147E-16,-1.,0.));
#9256 = ADVANCED_FACE('',(#9257),#9314,.F.);
#9257 = FACE_BOUND('',#9258,.F.);
#9258 = EDGE_LOOP('',(#9259,#9269,#9277,#9285,#9291,#9292,#9300,#9308));
#9259 = ORIENTED_EDGE('',*,*,#9260,.T.);
#9260 = EDGE_CURVE('',#9261,#9263,#9265,.T.);
#9261 = VERTEX_POINT('',#9262);
#9262 = CARTESIAN_POINT('',(0.25,0.281578947368,-3.2));
#9263 = VERTEX_POINT('',#9264);
#9264 = CARTESIAN_POINT('',(0.25,-0.218421052632,-3.2));
#9265 = LINE('',#9266,#9267);
#9266 = CARTESIAN_POINT('',(0.25,0.25,-3.2));
#9267 = VECTOR('',#9268,1.);
#9268 = DIRECTION('',(-1.224646799147E-16,-1.,0.));
#9269 = ORIENTED_EDGE('',*,*,#9270,.T.);
#9270 = EDGE_CURVE('',#9263,#9271,#9273,.T.);
#9271 = VERTEX_POINT('',#9272);
#9272 = CARTESIAN_POINT('',(0.25,5.E-02,-1.5));
#9273 = LINE('',#9274,#9275);
#9274 = CARTESIAN_POINT('',(0.25,-0.25,-3.4));
#9275 = VECTOR('',#9276,1.);
#9276 = DIRECTION('',(1.909990663905E-17,0.155962573473,0.987762965329)
  );
#9277 = ORIENTED_EDGE('',*,*,#9278,.T.);
#9278 = EDGE_CURVE('',#9271,#9279,#9281,.T.);
#9279 = VERTEX_POINT('',#9280);
#9280 = CARTESIAN_POINT('',(0.25,-0.25,-0.9));
#9281 = LINE('',#9282,#9283);
#9282 = CARTESIAN_POINT('',(0.25,5.E-02,-1.5));
#9283 = VECTOR('',#9284,1.);
#9284 = DIRECTION('',(-5.476786982641E-17,-0.4472135955,0.894427191));
#9285 = ORIENTED_EDGE('',*,*,#9286,.T.);
#9286 = EDGE_CURVE('',#9279,#7846,#9287,.T.);
#9287 = LINE('',#9288,#9289);
#9288 = CARTESIAN_POINT('',(0.25,-0.25,-0.9));
#9289 = VECTOR('',#9290,1.);
#9290 = DIRECTION('',(0.,0.,1.));
#9291 = ORIENTED_EDGE('',*,*,#7843,.F.);
#9292 = ORIENTED_EDGE('',*,*,#9293,.T.);
#9293 = EDGE_CURVE('',#7844,#9294,#9296,.T.);
#9294 = VERTEX_POINT('',#9295);
#9295 = CARTESIAN_POINT('',(0.25,0.25,-0.9));
#9296 = LINE('',#9297,#9298);
#9297 = CARTESIAN_POINT('',(0.25,0.25,5.));
#9298 = VECTOR('',#9299,1.);
#9299 = DIRECTION('',(-0.,0.,-1.));
#9300 = ORIENTED_EDGE('',*,*,#9301,.T.);
#9301 = EDGE_CURVE('',#9294,#9302,#9304,.T.);
#9302 = VERTEX_POINT('',#9303);
#9303 = CARTESIAN_POINT('',(0.25,0.55,-1.5));
#9304 = LINE('',#9305,#9306);
#9305 = CARTESIAN_POINT('',(0.25,0.25,-0.9));
#9306 = VECTOR('',#9307,1.);
#9307 = DIRECTION('',(5.476786982641E-17,0.4472135955,-0.894427191));
#9308 = ORIENTED_EDGE('',*,*,#9309,.T.);
#9309 = EDGE_CURVE('',#9302,#9261,#9310,.T.);
#9310 = LINE('',#9311,#9312);
#9311 = CARTESIAN_POINT('',(0.25,0.55,-1.5));
#9312 = VECTOR('',#9313,1.);
#9313 = DIRECTION('',(-1.909990663905E-17,-0.155962573473,
    -0.987762965329));
#9314 = PLANE('',#9315);
#9315 = AXIS2_PLACEMENT_3D('',#9316,#9317,#9318);
#9316 = CARTESIAN_POINT('',(0.25,4.326643272645E-02,0.775746953017));
#9317 = DIRECTION('',(-1.,1.224646799147E-16,0.));
#9318 = DIRECTION('',(0.,0.,1.));
#9319 = ADVANCED_FACE('',(#9320),#9338,.F.);
#9320 = FACE_BOUND('',#9321,.F.);
#9321 = EDGE_LOOP('',(#9322,#9323,#9324,#9332));
#9322 = ORIENTED_EDGE('',*,*,#9293,.F.);
#9323 = ORIENTED_EDGE('',*,*,#7869,.F.);
#9324 = ORIENTED_EDGE('',*,*,#9325,.T.);
#9325 = EDGE_CURVE('',#7862,#9326,#9328,.T.);
#9326 = VERTEX_POINT('',#9327);
#9327 = CARTESIAN_POINT('',(-0.25,0.25,-0.9));
#9328 = LINE('',#9329,#9330);
#9329 = CARTESIAN_POINT('',(-0.25,0.25,5.));
#9330 = VECTOR('',#9331,1.);
#9331 = DIRECTION('',(-0.,0.,-1.));
#9332 = ORIENTED_EDGE('',*,*,#9333,.F.);
#9333 = EDGE_CURVE('',#9294,#9326,#9334,.T.);
#9334 = LINE('',#9335,#9336);
#9335 = CARTESIAN_POINT('',(0.25,0.25,-0.9));
#9336 = VECTOR('',#9337,1.);
#9337 = DIRECTION('',(-1.,1.224646799147E-16,0.));
#9338 = PLANE('',#9339);
#9339 = AXIS2_PLACEMENT_3D('',#9340,#9341,#9342);
#9340 = CARTESIAN_POINT('',(0.25,0.25,5.));
#9341 = DIRECTION('',(-1.224646799147E-16,-1.,0.));
#9342 = DIRECTION('',(-0.,0.,-1.));
#9343 = ADVANCED_FACE('',(#9344),#9394,.T.);
#9344 = FACE_BOUND('',#9345,.T.);
#9345 = EDGE_LOOP('',(#9346,#9356,#9364,#9372,#9378,#9379,#9380,#9388));
#9346 = ORIENTED_EDGE('',*,*,#9347,.T.);
#9347 = EDGE_CURVE('',#9348,#9350,#9352,.T.);
#9348 = VERTEX_POINT('',#9349);
#9349 = CARTESIAN_POINT('',(-0.25,0.281578947368,-3.2));
#9350 = VERTEX_POINT('',#9351);
#9351 = CARTESIAN_POINT('',(-0.25,-0.218421052632,-3.2));
#9352 = LINE('',#9353,#9354);
#9353 = CARTESIAN_POINT('',(-0.25,0.25,-3.2));
#9354 = VECTOR('',#9355,1.);
#9355 = DIRECTION('',(-1.224646799147E-16,-1.,0.));
#9356 = ORIENTED_EDGE('',*,*,#9357,.T.);
#9357 = EDGE_CURVE('',#9350,#9358,#9360,.T.);
#9358 = VERTEX_POINT('',#9359);
#9359 = CARTESIAN_POINT('',(-0.25,5.E-02,-1.5));
#9360 = LINE('',#9361,#9362);
#9361 = CARTESIAN_POINT('',(-0.25,-0.25,-3.4));
#9362 = VECTOR('',#9363,1.);
#9363 = DIRECTION('',(1.909990663905E-17,0.155962573473,0.987762965329)
  );
#9364 = ORIENTED_EDGE('',*,*,#9365,.T.);
#9365 = EDGE_CURVE('',#9358,#9366,#9368,.T.);
#9366 = VERTEX_POINT('',#9367);
#9367 = CARTESIAN_POINT('',(-0.25,-0.25,-0.9));
#9368 = LINE('',#9369,#9370);
#9369 = CARTESIAN_POINT('',(-0.25,5.E-02,-1.5));
#9370 = VECTOR('',#9371,1.);
#9371 = DIRECTION('',(-5.476786982641E-17,-0.4472135955,0.894427191));
#9372 = ORIENTED_EDGE('',*,*,#9373,.T.);
#9373 = EDGE_CURVE('',#9366,#7854,#9374,.T.);
#9374 = LINE('',#9375,#9376);
#9375 = CARTESIAN_POINT('',(-0.25,-0.25,-0.9));
#9376 = VECTOR('',#9377,1.);
#9377 = DIRECTION('',(0.,0.,1.));
#9378 = ORIENTED_EDGE('',*,*,#7861,.F.);
#9379 = ORIENTED_EDGE('',*,*,#9325,.T.);
#9380 = ORIENTED_EDGE('',*,*,#9381,.T.);
#9381 = EDGE_CURVE('',#9326,#9382,#9384,.T.);
#9382 = VERTEX_POINT('',#9383);
#9383 = CARTESIAN_POINT('',(-0.25,0.55,-1.5));
#9384 = LINE('',#9385,#9386);
#9385 = CARTESIAN_POINT('',(-0.25,0.25,-0.9));
#9386 = VECTOR('',#9387,1.);
#9387 = DIRECTION('',(5.476786982641E-17,0.4472135955,-0.894427191));
#9388 = ORIENTED_EDGE('',*,*,#9389,.T.);
#9389 = EDGE_CURVE('',#9382,#9348,#9390,.T.);
#9390 = LINE('',#9391,#9392);
#9391 = CARTESIAN_POINT('',(-0.25,0.55,-1.5));
#9392 = VECTOR('',#9393,1.);
#9393 = DIRECTION('',(-1.909990663905E-17,-0.155962573473,
    -0.987762965329));
#9394 = PLANE('',#9395);
#9395 = AXIS2_PLACEMENT_3D('',#9396,#9397,#9398);
#9396 = CARTESIAN_POINT('',(-0.25,4.326643272645E-02,0.775746953017));
#9397 = DIRECTION('',(-1.,1.224646799147E-16,0.));
#9398 = DIRECTION('',(0.,0.,1.));
#9399 = ADVANCED_FACE('',(#9400),#9411,.F.);
#9400 = FACE_BOUND('',#9401,.F.);
#9401 = EDGE_LOOP('',(#9402,#9403,#9409,#9410));
#9402 = ORIENTED_EDGE('',*,*,#9286,.F.);
#9403 = ORIENTED_EDGE('',*,*,#9404,.T.);
#9404 = EDGE_CURVE('',#9279,#9366,#9405,.T.);
#9405 = LINE('',#9406,#9407);
#9406 = CARTESIAN_POINT('',(0.25,-0.25,-0.9));
#9407 = VECTOR('',#9408,1.);
#9408 = DIRECTION('',(-1.,1.224646799147E-16,0.));
#9409 = ORIENTED_EDGE('',*,*,#9373,.T.);
#9410 = ORIENTED_EDGE('',*,*,#7853,.F.);
#9411 = PLANE('',#9412);
#9412 = AXIS2_PLACEMENT_3D('',#9413,#9414,#9415);
#9413 = CARTESIAN_POINT('',(0.25,-0.25,-0.9));
#9414 = DIRECTION('',(1.224646799147E-16,1.,0.));
#9415 = DIRECTION('',(0.,-0.,1.));
#9416 = ADVANCED_FACE('',(#9417),#9442,.T.);
#9417 = FACE_BOUND('',#9418,.T.);
#9418 = EDGE_LOOP('',(#9419,#9429,#9435,#9436));
#9419 = ORIENTED_EDGE('',*,*,#9420,.T.);
#9420 = EDGE_CURVE('',#9421,#9423,#9425,.T.);
#9421 = VERTEX_POINT('',#9422);
#9422 = CARTESIAN_POINT('',(1.75,0.25,-3.2));
#9423 = VERTEX_POINT('',#9424);
#9424 = CARTESIAN_POINT('',(1.75,-0.25,-3.2));
#9425 = LINE('',#9426,#9427);
#9426 = CARTESIAN_POINT('',(1.75,0.25,-3.2));
#9427 = VECTOR('',#9428,1.);
#9428 = DIRECTION('',(-1.224646799147E-16,-1.,0.));
#9429 = ORIENTED_EDGE('',*,*,#9430,.T.);
#9430 = EDGE_CURVE('',#9423,#7892,#9431,.T.);
#9431 = LINE('',#9432,#9433);
#9432 = CARTESIAN_POINT('',(1.75,-0.25,-3.4));
#9433 = VECTOR('',#9434,1.);
#9434 = DIRECTION('',(0.,0.,1.));
#9435 = ORIENTED_EDGE('',*,*,#7889,.F.);
#9436 = ORIENTED_EDGE('',*,*,#9437,.T.);
#9437 = EDGE_CURVE('',#7890,#9421,#9438,.T.);
#9438 = LINE('',#9439,#9440);
#9439 = CARTESIAN_POINT('',(1.75,0.25,5.));
#9440 = VECTOR('',#9441,1.);
#9441 = DIRECTION('',(-0.,0.,-1.));
#9442 = PLANE('',#9443);
#9443 = AXIS2_PLACEMENT_3D('',#9444,#9445,#9446);
#9444 = CARTESIAN_POINT('',(1.75,6.429395695524E-16,0.8));
#9445 = DIRECTION('',(-1.,1.224646799147E-16,0.));
#9446 = DIRECTION('',(0.,0.,1.));
#9447 = ADVANCED_FACE('',(#9448),#9466,.F.);
#9448 = FACE_BOUND('',#9449,.F.);
#9449 = EDGE_LOOP('',(#9450,#9458,#9464,#9465));
#9450 = ORIENTED_EDGE('',*,*,#9451,.F.);
#9451 = EDGE_CURVE('',#9452,#7908,#9454,.T.);
#9452 = VERTEX_POINT('',#9453);
#9453 = CARTESIAN_POINT('',(2.25,-0.25,-3.2));
#9454 = LINE('',#9455,#9456);
#9455 = CARTESIAN_POINT('',(2.25,-0.25,-3.4));
#9456 = VECTOR('',#9457,1.);
#9457 = DIRECTION('',(0.,0.,1.));
#9458 = ORIENTED_EDGE('',*,*,#9459,.T.);
#9459 = EDGE_CURVE('',#9452,#9423,#9460,.T.);
#9460 = LINE('',#9461,#9462);
#9461 = CARTESIAN_POINT('',(2.25,-0.25,-3.2));
#9462 = VECTOR('',#9463,1.);
#9463 = DIRECTION('',(-1.,1.224646799147E-16,0.));
#9464 = ORIENTED_EDGE('',*,*,#9430,.T.);
#9465 = ORIENTED_EDGE('',*,*,#7915,.F.);
#9466 = PLANE('',#9467);
#9467 = AXIS2_PLACEMENT_3D('',#9468,#9469,#9470);
#9468 = CARTESIAN_POINT('',(2.25,-0.25,-3.4));
#9469 = DIRECTION('',(1.224646799147E-16,1.,0.));
#9470 = DIRECTION('',(0.,-0.,1.));
#9471 = ADVANCED_FACE('',(#9472),#9490,.F.);
#9472 = FACE_BOUND('',#9473,.F.);
#9473 = EDGE_LOOP('',(#9474,#9482,#9483,#9484));
#9474 = ORIENTED_EDGE('',*,*,#9475,.T.);
#9475 = EDGE_CURVE('',#9476,#9452,#9478,.T.);
#9476 = VERTEX_POINT('',#9477);
#9477 = CARTESIAN_POINT('',(2.25,0.25,-3.2));
#9478 = LINE('',#9479,#9480);
#9479 = CARTESIAN_POINT('',(2.25,0.25,-3.2));
#9480 = VECTOR('',#9481,1.);
#9481 = DIRECTION('',(-1.224646799147E-16,-1.,0.));
#9482 = ORIENTED_EDGE('',*,*,#9451,.T.);
#9483 = ORIENTED_EDGE('',*,*,#7907,.F.);
#9484 = ORIENTED_EDGE('',*,*,#9485,.T.);
#9485 = EDGE_CURVE('',#7900,#9476,#9486,.T.);
#9486 = LINE('',#9487,#9488);
#9487 = CARTESIAN_POINT('',(2.25,0.25,5.));
#9488 = VECTOR('',#9489,1.);
#9489 = DIRECTION('',(-0.,0.,-1.));
#9490 = PLANE('',#9491);
#9491 = AXIS2_PLACEMENT_3D('',#9492,#9493,#9494);
#9492 = CARTESIAN_POINT('',(2.25,5.81707229595E-16,0.8));
#9493 = DIRECTION('',(-1.,1.224646799147E-16,0.));
#9494 = DIRECTION('',(0.,0.,1.));
#9495 = ADVANCED_FACE('',(#9496),#9507,.F.);
#9496 = FACE_BOUND('',#9497,.F.);
#9497 = EDGE_LOOP('',(#9498,#9499,#9500,#9501));
#9498 = ORIENTED_EDGE('',*,*,#9485,.F.);
#9499 = ORIENTED_EDGE('',*,*,#7899,.F.);
#9500 = ORIENTED_EDGE('',*,*,#9437,.T.);
#9501 = ORIENTED_EDGE('',*,*,#9502,.F.);
#9502 = EDGE_CURVE('',#9476,#9421,#9503,.T.);
#9503 = LINE('',#9504,#9505);
#9504 = CARTESIAN_POINT('',(2.25,0.25,-3.2));
#9505 = VECTOR('',#9506,1.);
#9506 = DIRECTION('',(-1.,1.224646799147E-16,0.));
#9507 = PLANE('',#9508);
#9508 = AXIS2_PLACEMENT_3D('',#9509,#9510,#9511);
#9509 = CARTESIAN_POINT('',(2.25,0.25,5.));
#9510 = DIRECTION('',(-1.224646799147E-16,-1.,0.));
#9511 = DIRECTION('',(-0.,0.,-1.));
#9512 = ADVANCED_FACE('',(#9513),#9538,.F.);
#9513 = FACE_BOUND('',#9514,.F.);
#9514 = EDGE_LOOP('',(#9515,#9525,#9531,#9532));
#9515 = ORIENTED_EDGE('',*,*,#9516,.T.);
#9516 = EDGE_CURVE('',#9517,#9519,#9521,.T.);
#9517 = VERTEX_POINT('',#9518);
#9518 = CARTESIAN_POINT('',(4.25,0.25,-3.2));
#9519 = VERTEX_POINT('',#9520);
#9520 = CARTESIAN_POINT('',(4.25,-0.25,-3.2));
#9521 = LINE('',#9522,#9523);
#9522 = CARTESIAN_POINT('',(4.25,0.25,-3.2));
#9523 = VECTOR('',#9524,1.);
#9524 = DIRECTION('',(-1.224646799147E-16,-1.,0.));
#9525 = ORIENTED_EDGE('',*,*,#9526,.T.);
#9526 = EDGE_CURVE('',#9519,#7938,#9527,.T.);
#9527 = LINE('',#9528,#9529);
#9528 = CARTESIAN_POINT('',(4.25,-0.25,-3.4));
#9529 = VECTOR('',#9530,1.);
#9530 = DIRECTION('',(0.,0.,1.));
#9531 = ORIENTED_EDGE('',*,*,#7935,.F.);
#9532 = ORIENTED_EDGE('',*,*,#9533,.T.);
#9533 = EDGE_CURVE('',#7936,#9517,#9534,.T.);
#9534 = LINE('',#9535,#9536);
#9535 = CARTESIAN_POINT('',(4.25,0.25,5.));
#9536 = VECTOR('',#9537,1.);
#9537 = DIRECTION('',(-0.,0.,-1.));
#9538 = PLANE('',#9539);
#9539 = AXIS2_PLACEMENT_3D('',#9540,#9541,#9542);
#9540 = CARTESIAN_POINT('',(4.25,3.367778697655E-16,0.8));
#9541 = DIRECTION('',(-1.,1.224646799147E-16,0.));
#9542 = DIRECTION('',(0.,0.,1.));
#9543 = ADVANCED_FACE('',(#9544),#9562,.F.);
#9544 = FACE_BOUND('',#9545,.F.);
#9545 = EDGE_LOOP('',(#9546,#9547,#9548,#9556));
#9546 = ORIENTED_EDGE('',*,*,#9533,.F.);
#9547 = ORIENTED_EDGE('',*,*,#7961,.F.);
#9548 = ORIENTED_EDGE('',*,*,#9549,.T.);
#9549 = EDGE_CURVE('',#7954,#9550,#9552,.T.);
#9550 = VERTEX_POINT('',#9551);
#9551 = CARTESIAN_POINT('',(3.75,0.25,-3.2));
#9552 = LINE('',#9553,#9554);
#9553 = CARTESIAN_POINT('',(3.75,0.25,5.));
#9554 = VECTOR('',#9555,1.);
#9555 = DIRECTION('',(-0.,0.,-1.));
#9556 = ORIENTED_EDGE('',*,*,#9557,.F.);
#9557 = EDGE_CURVE('',#9517,#9550,#9558,.T.);
#9558 = LINE('',#9559,#9560);
#9559 = CARTESIAN_POINT('',(4.25,0.25,-3.2));
#9560 = VECTOR('',#9561,1.);
#9561 = DIRECTION('',(-1.,1.224646799147E-16,0.));
#9562 = PLANE('',#9563);
#9563 = AXIS2_PLACEMENT_3D('',#9564,#9565,#9566);
#9564 = CARTESIAN_POINT('',(4.25,0.25,5.));
#9565 = DIRECTION('',(-1.224646799147E-16,-1.,0.));
#9566 = DIRECTION('',(-0.,0.,-1.));
#9567 = ADVANCED_FACE('',(#9568),#9586,.T.);
#9568 = FACE_BOUND('',#9569,.T.);
#9569 = EDGE_LOOP('',(#9570,#9578,#9584,#9585));
#9570 = ORIENTED_EDGE('',*,*,#9571,.T.);
#9571 = EDGE_CURVE('',#9550,#9572,#9574,.T.);
#9572 = VERTEX_POINT('',#9573);
#9573 = CARTESIAN_POINT('',(3.75,-0.25,-3.2));
#9574 = LINE('',#9575,#9576);
#9575 = CARTESIAN_POINT('',(3.75,0.25,-3.2));
#9576 = VECTOR('',#9577,1.);
#9577 = DIRECTION('',(-1.224646799147E-16,-1.,0.));
#9578 = ORIENTED_EDGE('',*,*,#9579,.T.);
#9579 = EDGE_CURVE('',#9572,#7946,#9580,.T.);
#9580 = LINE('',#9581,#9582);
#9581 = CARTESIAN_POINT('',(3.75,-0.25,-3.4));
#9582 = VECTOR('',#9583,1.);
#9583 = DIRECTION('',(0.,0.,1.));
#9584 = ORIENTED_EDGE('',*,*,#7953,.F.);
#9585 = ORIENTED_EDGE('',*,*,#9549,.T.);
#9586 = PLANE('',#9587);
#9587 = AXIS2_PLACEMENT_3D('',#9588,#9589,#9590);
#9588 = CARTESIAN_POINT('',(3.75,3.980102097229E-16,0.8));
#9589 = DIRECTION('',(-1.,1.224646799147E-16,0.));
#9590 = DIRECTION('',(0.,0.,1.));
#9591 = ADVANCED_FACE('',(#9592),#9603,.F.);
#9592 = FACE_BOUND('',#9593,.F.);
#9593 = EDGE_LOOP('',(#9594,#9595,#9601,#9602));
#9594 = ORIENTED_EDGE('',*,*,#9526,.F.);
#9595 = ORIENTED_EDGE('',*,*,#9596,.T.);
#9596 = EDGE_CURVE('',#9519,#9572,#9597,.T.);
#9597 = LINE('',#9598,#9599);
#9598 = CARTESIAN_POINT('',(4.25,-0.25,-3.2));
#9599 = VECTOR('',#9600,1.);
#9600 = DIRECTION('',(-1.,1.224646799147E-16,0.));
#9601 = ORIENTED_EDGE('',*,*,#9579,.T.);
#9602 = ORIENTED_EDGE('',*,*,#7945,.F.);
#9603 = PLANE('',#9604);
#9604 = AXIS2_PLACEMENT_3D('',#9605,#9606,#9607);
#9605 = CARTESIAN_POINT('',(4.25,-0.25,-3.4));
#9606 = DIRECTION('',(1.224646799147E-16,1.,0.));
#9607 = DIRECTION('',(0.,-0.,1.));
#9608 = ADVANCED_FACE('',(#9609),#9634,.T.);
#9609 = FACE_BOUND('',#9610,.T.);
#9610 = EDGE_LOOP('',(#9611,#9621,#9627,#9628));
#9611 = ORIENTED_EDGE('',*,*,#9612,.T.);
#9612 = EDGE_CURVE('',#9613,#9615,#9617,.T.);
#9613 = VERTEX_POINT('',#9614);
#9614 = CARTESIAN_POINT('',(5.75,0.25,-3.2));
#9615 = VERTEX_POINT('',#9616);
#9616 = CARTESIAN_POINT('',(5.75,-0.25,-3.2));
#9617 = LINE('',#9618,#9619);
#9618 = CARTESIAN_POINT('',(5.75,0.25,-3.2));
#9619 = VECTOR('',#9620,1.);
#9620 = DIRECTION('',(-1.224646799147E-16,-1.,0.));
#9621 = ORIENTED_EDGE('',*,*,#9622,.T.);
#9622 = EDGE_CURVE('',#9615,#7984,#9623,.T.);
#9623 = LINE('',#9624,#9625);
#9624 = CARTESIAN_POINT('',(5.75,-0.25,-3.4));
#9625 = VECTOR('',#9626,1.);
#9626 = DIRECTION('',(0.,0.,1.));
#9627 = ORIENTED_EDGE('',*,*,#7981,.F.);
#9628 = ORIENTED_EDGE('',*,*,#9629,.T.);
#9629 = EDGE_CURVE('',#7982,#9613,#9630,.T.);
#9630 = LINE('',#9631,#9632);
#9631 = CARTESIAN_POINT('',(5.75,0.25,5.));
#9632 = VECTOR('',#9633,1.);
#9633 = DIRECTION('',(-0.,0.,-1.));
#9634 = PLANE('',#9635);
#9635 = AXIS2_PLACEMENT_3D('',#9636,#9637,#9638);
#9636 = CARTESIAN_POINT('',(5.75,1.530808498934E-16,0.8));
#9637 = DIRECTION('',(-1.,1.224646799147E-16,0.));
#9638 = DIRECTION('',(0.,0.,1.));
#9639 = ADVANCED_FACE('',(#9640),#9658,.F.);
#9640 = FACE_BOUND('',#9641,.F.);
#9641 = EDGE_LOOP('',(#9642,#9650,#9656,#9657));
#9642 = ORIENTED_EDGE('',*,*,#9643,.F.);
#9643 = EDGE_CURVE('',#9644,#8000,#9646,.T.);
#9644 = VERTEX_POINT('',#9645);
#9645 = CARTESIAN_POINT('',(6.25,-0.25,-3.2));
#9646 = LINE('',#9647,#9648);
#9647 = CARTESIAN_POINT('',(6.25,-0.25,-3.4));
#9648 = VECTOR('',#9649,1.);
#9649 = DIRECTION('',(0.,0.,1.));
#9650 = ORIENTED_EDGE('',*,*,#9651,.T.);
#9651 = EDGE_CURVE('',#9644,#9615,#9652,.T.);
#9652 = LINE('',#9653,#9654);
#9653 = CARTESIAN_POINT('',(6.25,-0.25,-3.2));
#9654 = VECTOR('',#9655,1.);
#9655 = DIRECTION('',(-1.,1.224646799147E-16,0.));
#9656 = ORIENTED_EDGE('',*,*,#9622,.T.);
#9657 = ORIENTED_EDGE('',*,*,#8007,.F.);
#9658 = PLANE('',#9659);
#9659 = AXIS2_PLACEMENT_3D('',#9660,#9661,#9662);
#9660 = CARTESIAN_POINT('',(6.25,-0.25,-3.4));
#9661 = DIRECTION('',(1.224646799147E-16,1.,0.));
#9662 = DIRECTION('',(0.,-0.,1.));
#9663 = ADVANCED_FACE('',(#9664),#9682,.F.);
#9664 = FACE_BOUND('',#9665,.F.);
#9665 = EDGE_LOOP('',(#9666,#9674,#9675,#9676));
#9666 = ORIENTED_EDGE('',*,*,#9667,.T.);
#9667 = EDGE_CURVE('',#9668,#9644,#9670,.T.);
#9668 = VERTEX_POINT('',#9669);
#9669 = CARTESIAN_POINT('',(6.25,0.25,-3.2));
#9670 = LINE('',#9671,#9672);
#9671 = CARTESIAN_POINT('',(6.25,0.25,-3.2));
#9672 = VECTOR('',#9673,1.);
#9673 = DIRECTION('',(-1.224646799147E-16,-1.,0.));
#9674 = ORIENTED_EDGE('',*,*,#9643,.T.);
#9675 = ORIENTED_EDGE('',*,*,#7999,.F.);
#9676 = ORIENTED_EDGE('',*,*,#9677,.T.);
#9677 = EDGE_CURVE('',#7992,#9668,#9678,.T.);
#9678 = LINE('',#9679,#9680);
#9679 = CARTESIAN_POINT('',(6.25,0.25,5.));
#9680 = VECTOR('',#9681,1.);
#9681 = DIRECTION('',(-0.,0.,-1.));
#9682 = PLANE('',#9683);
#9683 = AXIS2_PLACEMENT_3D('',#9684,#9685,#9686);
#9684 = CARTESIAN_POINT('',(6.25,9.184850993605E-17,0.8));
#9685 = DIRECTION('',(-1.,1.224646799147E-16,0.));
#9686 = DIRECTION('',(0.,0.,1.));
#9687 = ADVANCED_FACE('',(#9688),#9699,.F.);
#9688 = FACE_BOUND('',#9689,.F.);
#9689 = EDGE_LOOP('',(#9690,#9691,#9692,#9693));
#9690 = ORIENTED_EDGE('',*,*,#9677,.F.);
#9691 = ORIENTED_EDGE('',*,*,#7991,.F.);
#9692 = ORIENTED_EDGE('',*,*,#9629,.T.);
#9693 = ORIENTED_EDGE('',*,*,#9694,.F.);
#9694 = EDGE_CURVE('',#9668,#9613,#9695,.T.);
#9695 = LINE('',#9696,#9697);
#9696 = CARTESIAN_POINT('',(6.25,0.25,-3.2));
#9697 = VECTOR('',#9698,1.);
#9698 = DIRECTION('',(-1.,1.224646799147E-16,0.));
#9699 = PLANE('',#9700);
#9700 = AXIS2_PLACEMENT_3D('',#9701,#9702,#9703);
#9701 = CARTESIAN_POINT('',(6.25,0.25,5.));
#9702 = DIRECTION('',(-1.224646799147E-16,-1.,0.));
#9703 = DIRECTION('',(-0.,0.,-1.));
#9704 = ADVANCED_FACE('',(#9705),#9730,.T.);
#9705 = FACE_BOUND('',#9706,.T.);
#9706 = EDGE_LOOP('',(#9707,#9717,#9723,#9724));
#9707 = ORIENTED_EDGE('',*,*,#9708,.T.);
#9708 = EDGE_CURVE('',#9709,#9711,#9713,.T.);
#9709 = VERTEX_POINT('',#9710);
#9710 = CARTESIAN_POINT('',(7.75,0.25,-3.2));
#9711 = VERTEX_POINT('',#9712);
#9712 = CARTESIAN_POINT('',(7.75,-0.25,-3.2));
#9713 = LINE('',#9714,#9715);
#9714 = CARTESIAN_POINT('',(7.75,0.25,-3.2));
#9715 = VECTOR('',#9716,1.);
#9716 = DIRECTION('',(-1.224646799147E-16,-1.,0.));
#9717 = ORIENTED_EDGE('',*,*,#9718,.T.);
#9718 = EDGE_CURVE('',#9711,#8030,#9719,.T.);
#9719 = LINE('',#9720,#9721);
#9720 = CARTESIAN_POINT('',(7.75,-0.25,-3.4));
#9721 = VECTOR('',#9722,1.);
#9722 = DIRECTION('',(0.,0.,1.));
#9723 = ORIENTED_EDGE('',*,*,#8027,.F.);
#9724 = ORIENTED_EDGE('',*,*,#9725,.T.);
#9725 = EDGE_CURVE('',#8028,#9709,#9726,.T.);
#9726 = LINE('',#9727,#9728);
#9727 = CARTESIAN_POINT('',(7.75,0.25,5.));
#9728 = VECTOR('',#9729,1.);
#9729 = DIRECTION('',(-0.,0.,-1.));
#9730 = PLANE('',#9731);
#9731 = AXIS2_PLACEMENT_3D('',#9732,#9733,#9734);
#9732 = CARTESIAN_POINT('',(7.75,-9.184850993605E-17,0.8));
#9733 = DIRECTION('',(-1.,1.224646799147E-16,0.));
#9734 = DIRECTION('',(0.,0.,1.));
#9735 = ADVANCED_FACE('',(#9736),#9754,.F.);
#9736 = FACE_BOUND('',#9737,.F.);
#9737 = EDGE_LOOP('',(#9738,#9746,#9752,#9753));
#9738 = ORIENTED_EDGE('',*,*,#9739,.F.);
#9739 = EDGE_CURVE('',#9740,#8046,#9742,.T.);
#9740 = VERTEX_POINT('',#9741);
#9741 = CARTESIAN_POINT('',(8.25,-0.25,-3.2));
#9742 = LINE('',#9743,#9744);
#9743 = CARTESIAN_POINT('',(8.25,-0.25,-3.4));
#9744 = VECTOR('',#9745,1.);
#9745 = DIRECTION('',(0.,0.,1.));
#9746 = ORIENTED_EDGE('',*,*,#9747,.T.);
#9747 = EDGE_CURVE('',#9740,#9711,#9748,.T.);
#9748 = LINE('',#9749,#9750);
#9749 = CARTESIAN_POINT('',(8.25,-0.25,-3.2));
#9750 = VECTOR('',#9751,1.);
#9751 = DIRECTION('',(-1.,1.224646799147E-16,0.));
#9752 = ORIENTED_EDGE('',*,*,#9718,.T.);
#9753 = ORIENTED_EDGE('',*,*,#8053,.F.);
#9754 = PLANE('',#9755);
#9755 = AXIS2_PLACEMENT_3D('',#9756,#9757,#9758);
#9756 = CARTESIAN_POINT('',(8.25,-0.25,-3.4));
#9757 = DIRECTION('',(1.224646799147E-16,1.,0.));
#9758 = DIRECTION('',(0.,-0.,1.));
#9759 = ADVANCED_FACE('',(#9760),#9778,.F.);
#9760 = FACE_BOUND('',#9761,.F.);
#9761 = EDGE_LOOP('',(#9762,#9770,#9771,#9772));
#9762 = ORIENTED_EDGE('',*,*,#9763,.T.);
#9763 = EDGE_CURVE('',#9764,#9740,#9766,.T.);
#9764 = VERTEX_POINT('',#9765);
#9765 = CARTESIAN_POINT('',(8.25,0.25,-3.2));
#9766 = LINE('',#9767,#9768);
#9767 = CARTESIAN_POINT('',(8.25,0.25,-3.2));
#9768 = VECTOR('',#9769,1.);
#9769 = DIRECTION('',(-1.224646799147E-16,-1.,0.));
#9770 = ORIENTED_EDGE('',*,*,#9739,.T.);
#9771 = ORIENTED_EDGE('',*,*,#8045,.F.);
#9772 = ORIENTED_EDGE('',*,*,#9773,.T.);
#9773 = EDGE_CURVE('',#8038,#9764,#9774,.T.);
#9774 = LINE('',#9775,#9776);
#9775 = CARTESIAN_POINT('',(8.25,0.25,5.));
#9776 = VECTOR('',#9777,1.);
#9777 = DIRECTION('',(-0.,0.,-1.));
#9778 = PLANE('',#9779);
#9779 = AXIS2_PLACEMENT_3D('',#9780,#9781,#9782);
#9780 = CARTESIAN_POINT('',(8.25,-1.530808498934E-16,0.8));
#9781 = DIRECTION('',(-1.,1.224646799147E-16,0.));
#9782 = DIRECTION('',(0.,0.,1.));
#9783 = ADVANCED_FACE('',(#9784),#9795,.F.);
#9784 = FACE_BOUND('',#9785,.F.);
#9785 = EDGE_LOOP('',(#9786,#9787,#9788,#9789));
#9786 = ORIENTED_EDGE('',*,*,#9773,.F.);
#9787 = ORIENTED_EDGE('',*,*,#8037,.F.);
#9788 = ORIENTED_EDGE('',*,*,#9725,.T.);
#9789 = ORIENTED_EDGE('',*,*,#9790,.F.);
#9790 = EDGE_CURVE('',#9764,#9709,#9791,.T.);
#9791 = LINE('',#9792,#9793);
#9792 = CARTESIAN_POINT('',(8.25,0.25,-3.2));
#9793 = VECTOR('',#9794,1.);
#9794 = DIRECTION('',(-1.,1.224646799147E-16,0.));
#9795 = PLANE('',#9796);
#9796 = AXIS2_PLACEMENT_3D('',#9797,#9798,#9799);
#9797 = CARTESIAN_POINT('',(8.25,0.25,5.));
#9798 = DIRECTION('',(-1.224646799147E-16,-1.,0.));
#9799 = DIRECTION('',(-0.,0.,-1.));
#9800 = ADVANCED_FACE('',(#9801),#9826,.F.);
#9801 = FACE_BOUND('',#9802,.F.);
#9802 = EDGE_LOOP('',(#9803,#9811,#9812,#9820));
#9803 = ORIENTED_EDGE('',*,*,#9804,.F.);
#9804 = EDGE_CURVE('',#8076,#9805,#9807,.T.);
#9805 = VERTEX_POINT('',#9806);
#9806 = CARTESIAN_POINT('',(10.25,0.25,-3.2));
#9807 = LINE('',#9808,#9809);
#9808 = CARTESIAN_POINT('',(10.25,0.25,5.));
#9809 = VECTOR('',#9810,1.);
#9810 = DIRECTION('',(-0.,0.,-1.));
#9811 = ORIENTED_EDGE('',*,*,#8073,.F.);
#9812 = ORIENTED_EDGE('',*,*,#9813,.T.);
#9813 = EDGE_CURVE('',#8074,#9814,#9816,.T.);
#9814 = VERTEX_POINT('',#9815);
#9815 = CARTESIAN_POINT('',(9.75,0.25,-3.2));
#9816 = LINE('',#9817,#9818);
#9817 = CARTESIAN_POINT('',(9.75,0.25,5.));
#9818 = VECTOR('',#9819,1.);
#9819 = DIRECTION('',(-0.,0.,-1.));
#9820 = ORIENTED_EDGE('',*,*,#9821,.F.);
#9821 = EDGE_CURVE('',#9805,#9814,#9822,.T.);
#9822 = LINE('',#9823,#9824);
#9823 = CARTESIAN_POINT('',(10.25,0.25,-3.2));
#9824 = VECTOR('',#9825,1.);
#9825 = DIRECTION('',(-1.,1.224646799147E-16,0.));
#9826 = PLANE('',#9827);
#9827 = AXIS2_PLACEMENT_3D('',#9828,#9829,#9830);
#9828 = CARTESIAN_POINT('',(10.25,0.25,5.));
#9829 = DIRECTION('',(-1.224646799147E-16,-1.,0.));
#9830 = DIRECTION('',(-0.,0.,-1.));
#9831 = ADVANCED_FACE('',(#9832),#9850,.T.);
#9832 = FACE_BOUND('',#9833,.T.);
#9833 = EDGE_LOOP('',(#9834,#9842,#9848,#9849));
#9834 = ORIENTED_EDGE('',*,*,#9835,.T.);
#9835 = EDGE_CURVE('',#9814,#9836,#9838,.T.);
#9836 = VERTEX_POINT('',#9837);
#9837 = CARTESIAN_POINT('',(9.75,-0.25,-3.2));
#9838 = LINE('',#9839,#9840);
#9839 = CARTESIAN_POINT('',(9.75,0.25,-3.2));
#9840 = VECTOR('',#9841,1.);
#9841 = DIRECTION('',(-1.224646799147E-16,-1.,0.));
#9842 = ORIENTED_EDGE('',*,*,#9843,.T.);
#9843 = EDGE_CURVE('',#9836,#8092,#9844,.T.);
#9844 = LINE('',#9845,#9846);
#9845 = CARTESIAN_POINT('',(9.75,-0.25,-3.4));
#9846 = VECTOR('',#9847,1.);
#9847 = DIRECTION('',(0.,0.,1.));
#9848 = ORIENTED_EDGE('',*,*,#8099,.F.);
#9849 = ORIENTED_EDGE('',*,*,#9813,.T.);
#9850 = PLANE('',#9851);
#9851 = AXIS2_PLACEMENT_3D('',#9852,#9853,#9854);
#9852 = CARTESIAN_POINT('',(9.75,-3.367778697655E-16,0.8));
#9853 = DIRECTION('',(-1.,1.224646799147E-16,0.));
#9854 = DIRECTION('',(0.,0.,1.));
#9855 = ADVANCED_FACE('',(#9856),#9874,.F.);
#9856 = FACE_BOUND('',#9857,.F.);
#9857 = EDGE_LOOP('',(#9858,#9866,#9872,#9873));
#9858 = ORIENTED_EDGE('',*,*,#9859,.F.);
#9859 = EDGE_CURVE('',#9860,#8084,#9862,.T.);
#9860 = VERTEX_POINT('',#9861);
#9861 = CARTESIAN_POINT('',(10.25,-0.25,-3.2));
#9862 = LINE('',#9863,#9864);
#9863 = CARTESIAN_POINT('',(10.25,-0.25,-3.4));
#9864 = VECTOR('',#9865,1.);
#9865 = DIRECTION('',(0.,0.,1.));
#9866 = ORIENTED_EDGE('',*,*,#9867,.T.);
#9867 = EDGE_CURVE('',#9860,#9836,#9868,.T.);
#9868 = LINE('',#9869,#9870);
#9869 = CARTESIAN_POINT('',(10.25,-0.25,-3.2));
#9870 = VECTOR('',#9871,1.);
#9871 = DIRECTION('',(-1.,1.224646799147E-16,0.));
#9872 = ORIENTED_EDGE('',*,*,#9843,.T.);
#9873 = ORIENTED_EDGE('',*,*,#8091,.F.);
#9874 = PLANE('',#9875);
#9875 = AXIS2_PLACEMENT_3D('',#9876,#9877,#9878);
#9876 = CARTESIAN_POINT('',(10.25,-0.25,-3.4));
#9877 = DIRECTION('',(1.224646799147E-16,1.,0.));
#9878 = DIRECTION('',(0.,-0.,1.));
#9879 = ADVANCED_FACE('',(#9880),#9891,.F.);
#9880 = FACE_BOUND('',#9881,.F.);
#9881 = EDGE_LOOP('',(#9882,#9888,#9889,#9890));
#9882 = ORIENTED_EDGE('',*,*,#9883,.T.);
#9883 = EDGE_CURVE('',#9805,#9860,#9884,.T.);
#9884 = LINE('',#9885,#9886);
#9885 = CARTESIAN_POINT('',(10.25,0.25,-3.2));
#9886 = VECTOR('',#9887,1.);
#9887 = DIRECTION('',(-1.224646799147E-16,-1.,0.));
#9888 = ORIENTED_EDGE('',*,*,#9859,.T.);
#9889 = ORIENTED_EDGE('',*,*,#8083,.F.);
#9890 = ORIENTED_EDGE('',*,*,#9804,.T.);
#9891 = PLANE('',#9892);
#9892 = AXIS2_PLACEMENT_3D('',#9893,#9894,#9895);
#9893 = CARTESIAN_POINT('',(10.25,-3.980102097229E-16,0.8));
#9894 = DIRECTION('',(-1.,1.224646799147E-16,0.));
#9895 = DIRECTION('',(0.,0.,1.));
#9896 = ADVANCED_FACE('',(#9897),#9922,.T.);
#9897 = FACE_BOUND('',#9898,.T.);
#9898 = EDGE_LOOP('',(#9899,#9909,#9915,#9916));
#9899 = ORIENTED_EDGE('',*,*,#9900,.T.);
#9900 = EDGE_CURVE('',#9901,#9903,#9905,.T.);
#9901 = VERTEX_POINT('',#9902);
#9902 = CARTESIAN_POINT('',(11.75,0.25,-3.2));
#9903 = VERTEX_POINT('',#9904);
#9904 = CARTESIAN_POINT('',(11.75,-0.25,-3.2));
#9905 = LINE('',#9906,#9907);
#9906 = CARTESIAN_POINT('',(11.75,0.25,-3.2));
#9907 = VECTOR('',#9908,1.);
#9908 = DIRECTION('',(-1.224646799147E-16,-1.,0.));
#9909 = ORIENTED_EDGE('',*,*,#9910,.T.);
#9910 = EDGE_CURVE('',#9903,#8122,#9911,.T.);
#9911 = LINE('',#9912,#9913);
#9912 = CARTESIAN_POINT('',(11.75,-0.25,-3.4));
#9913 = VECTOR('',#9914,1.);
#9914 = DIRECTION('',(0.,0.,1.));
#9915 = ORIENTED_EDGE('',*,*,#8119,.F.);
#9916 = ORIENTED_EDGE('',*,*,#9917,.T.);
#9917 = EDGE_CURVE('',#8120,#9901,#9918,.T.);
#9918 = LINE('',#9919,#9920);
#9919 = CARTESIAN_POINT('',(11.75,0.25,5.));
#9920 = VECTOR('',#9921,1.);
#9921 = DIRECTION('',(-0.,0.,-1.));
#9922 = PLANE('',#9923);
#9923 = AXIS2_PLACEMENT_3D('',#9924,#9925,#9926);
#9924 = CARTESIAN_POINT('',(11.75,-5.81707229595E-16,0.8));
#9925 = DIRECTION('',(-1.,1.224646799147E-16,0.));
#9926 = DIRECTION('',(0.,0.,1.));
#9927 = ADVANCED_FACE('',(#9928),#9946,.F.);
#9928 = FACE_BOUND('',#9929,.F.);
#9929 = EDGE_LOOP('',(#9930,#9938,#9944,#9945));
#9930 = ORIENTED_EDGE('',*,*,#9931,.F.);
#9931 = EDGE_CURVE('',#9932,#8138,#9934,.T.);
#9932 = VERTEX_POINT('',#9933);
#9933 = CARTESIAN_POINT('',(12.25,-0.25,-3.2));
#9934 = LINE('',#9935,#9936);
#9935 = CARTESIAN_POINT('',(12.25,-0.25,-3.4));
#9936 = VECTOR('',#9937,1.);
#9937 = DIRECTION('',(0.,0.,1.));
#9938 = ORIENTED_EDGE('',*,*,#9939,.T.);
#9939 = EDGE_CURVE('',#9932,#9903,#9940,.T.);
#9940 = LINE('',#9941,#9942);
#9941 = CARTESIAN_POINT('',(12.25,-0.25,-3.2));
#9942 = VECTOR('',#9943,1.);
#9943 = DIRECTION('',(-1.,1.224646799147E-16,0.));
#9944 = ORIENTED_EDGE('',*,*,#9910,.T.);
#9945 = ORIENTED_EDGE('',*,*,#8145,.F.);
#9946 = PLANE('',#9947);
#9947 = AXIS2_PLACEMENT_3D('',#9948,#9949,#9950);
#9948 = CARTESIAN_POINT('',(12.25,-0.25,-3.4));
#9949 = DIRECTION('',(1.224646799147E-16,1.,0.));
#9950 = DIRECTION('',(0.,-0.,1.));
#9951 = ADVANCED_FACE('',(#9952),#9970,.F.);
#9952 = FACE_BOUND('',#9953,.F.);
#9953 = EDGE_LOOP('',(#9954,#9962,#9963,#9964));
#9954 = ORIENTED_EDGE('',*,*,#9955,.T.);
#9955 = EDGE_CURVE('',#9956,#9932,#9958,.T.);
#9956 = VERTEX_POINT('',#9957);
#9957 = CARTESIAN_POINT('',(12.25,0.25,-3.2));
#9958 = LINE('',#9959,#9960);
#9959 = CARTESIAN_POINT('',(12.25,0.25,-3.2));
#9960 = VECTOR('',#9961,1.);
#9961 = DIRECTION('',(-1.224646799147E-16,-1.,0.));
#9962 = ORIENTED_EDGE('',*,*,#9931,.T.);
#9963 = ORIENTED_EDGE('',*,*,#8137,.F.);
#9964 = ORIENTED_EDGE('',*,*,#9965,.T.);
#9965 = EDGE_CURVE('',#8130,#9956,#9966,.T.);
#9966 = LINE('',#9967,#9968);
#9967 = CARTESIAN_POINT('',(12.25,0.25,5.));
#9968 = VECTOR('',#9969,1.);
#9969 = DIRECTION('',(-0.,0.,-1.));
#9970 = PLANE('',#9971);
#9971 = AXIS2_PLACEMENT_3D('',#9972,#9973,#9974);
#9972 = CARTESIAN_POINT('',(12.25,-6.429395695524E-16,0.8));
#9973 = DIRECTION('',(-1.,1.224646799147E-16,0.));
#9974 = DIRECTION('',(0.,0.,1.));
#9975 = ADVANCED_FACE('',(#9976),#9987,.F.);
#9976 = FACE_BOUND('',#9977,.F.);
#9977 = EDGE_LOOP('',(#9978,#9979,#9980,#9981));
#9978 = ORIENTED_EDGE('',*,*,#9965,.F.);
#9979 = ORIENTED_EDGE('',*,*,#8129,.F.);
#9980 = ORIENTED_EDGE('',*,*,#9917,.T.);
#9981 = ORIENTED_EDGE('',*,*,#9982,.F.);
#9982 = EDGE_CURVE('',#9956,#9901,#9983,.T.);
#9983 = LINE('',#9984,#9985);
#9984 = CARTESIAN_POINT('',(12.25,0.25,-3.2));
#9985 = VECTOR('',#9986,1.);
#9986 = DIRECTION('',(-1.,1.224646799147E-16,0.));
#9987 = PLANE('',#9988);
#9988 = AXIS2_PLACEMENT_3D('',#9989,#9990,#9991);
#9989 = CARTESIAN_POINT('',(12.25,0.25,5.));
#9990 = DIRECTION('',(-1.224646799147E-16,-1.,0.));
#9991 = DIRECTION('',(-0.,0.,-1.));
#9992 = ADVANCED_FACE('',(#9993),#10034,.T.);
#9993 = FACE_BOUND('',#9994,.F.);
#9994 = EDGE_LOOP('',(#9995,#10005,#10013,#10021,#10027,#10028));
#9995 = ORIENTED_EDGE('',*,*,#9996,.F.);
#9996 = EDGE_CURVE('',#9997,#9999,#10001,.T.);
#9997 = VERTEX_POINT('',#9998);
#9998 = CARTESIAN_POINT('',(14.05,5.E-02,-3.4));
#9999 = VERTEX_POINT('',#10000);
#10000 = CARTESIAN_POINT('',(14.247552593066,0.281192514695,
    -3.202447406934));
#10001 = LINE('',#10002,#10003);
#10002 = CARTESIAN_POINT('',(14.17881689775,0.200752273427,
    -3.27118310225));
#10003 = VECTOR('',#10004,1.);
#10004 = DIRECTION('',(0.544770019249,0.63753529491,0.544770019249));
#10005 = ORIENTED_EDGE('',*,*,#10006,.T.);
#10006 = EDGE_CURVE('',#9997,#10007,#10009,.T.);
#10007 = VERTEX_POINT('',#10008);
#10008 = CARTESIAN_POINT('',(14.05,-5.E-02,-3.4));
#10009 = LINE('',#10010,#10011);
#10010 = CARTESIAN_POINT('',(14.05,0.25,-3.4));
#10011 = VECTOR('',#10012,1.);
#10012 = DIRECTION('',(-1.224646799147E-16,-1.,0.));
#10013 = ORIENTED_EDGE('',*,*,#10014,.T.);
#10014 = EDGE_CURVE('',#10007,#10015,#10017,.T.);
#10015 = VERTEX_POINT('',#10016);
#10016 = CARTESIAN_POINT('',(14.247552593066,-0.218807485305,
    -3.202447406934));
#10017 = LINE('',#10018,#10019);
#10018 = CARTESIAN_POINT('',(14.107606629418,-9.922451332131E-02,
    -3.342393370582));
#10019 = VECTOR('',#10020,1.);
#10020 = DIRECTION('',(0.605209817607,-0.517148096144,0.605209817607));
#10021 = ORIENTED_EDGE('',*,*,#10022,.T.);
#10022 = EDGE_CURVE('',#10015,#8191,#10023,.T.);
#10023 = LINE('',#10024,#10025);
#10024 = CARTESIAN_POINT('',(14.168262653899,-0.231326949384,
    -3.281737346101));
#10025 = VECTOR('',#10026,1.);
#10026 = DIRECTION('',(0.702740385383,0.110959008218,0.702740385383));
#10027 = ORIENTED_EDGE('',*,*,#8188,.F.);
#10028 = ORIENTED_EDGE('',*,*,#10029,.F.);
#10029 = EDGE_CURVE('',#9999,#8189,#10030,.T.);
#10030 = LINE('',#10031,#10032);
#10031 = CARTESIAN_POINT('',(14.629616963064,0.341518467852,
    -2.820383036936));
#10032 = VECTOR('',#10033,1.);
#10033 = DIRECTION('',(0.702740385383,0.110959008218,0.702740385383));
#10034 = PLANE('',#10035);
#10035 = AXIS2_PLACEMENT_3D('',#10036,#10037,#10038);
#10036 = CARTESIAN_POINT('',(14.15,0.25,-3.3));
#10037 = DIRECTION('',(0.707106781187,-8.486018839685E-17,
    -0.707106781187));
#10038 = DIRECTION('',(1.212375546256E-16,1.,1.227125289196E-18));
#10039 = ADVANCED_FACE('',(#10040),#10065,.F.);
#10040 = FACE_BOUND('',#10041,.F.);
#10041 = EDGE_LOOP('',(#10042,#10043,#10049,#10050,#10058,#10064));
#10042 = ORIENTED_EDGE('',*,*,#8237,.F.);
#10043 = ORIENTED_EDGE('',*,*,#10044,.T.);
#10044 = EDGE_CURVE('',#8230,#8310,#10045,.T.);
#10045 = LINE('',#10046,#10047);
#10046 = CARTESIAN_POINT('',(14.25,0.55,-1.5));
#10047 = VECTOR('',#10048,1.);
#10048 = DIRECTION('',(-1.,1.224646799147E-16,0.));
#10049 = ORIENTED_EDGE('',*,*,#8317,.T.);
#10050 = ORIENTED_EDGE('',*,*,#10051,.F.);
#10051 = EDGE_CURVE('',#10052,#8276,#10054,.T.);
#10052 = VERTEX_POINT('',#10053);
#10053 = CARTESIAN_POINT('',(13.752447406934,0.281192514695,
    -3.202447406934));
#10054 = LINE('',#10055,#10056);
#10055 = CARTESIAN_POINT('',(13.493844049248,0.322024623803,
    -2.943844049248));
#10056 = VECTOR('',#10057,1.);
#10057 = DIRECTION('',(-0.702740385383,0.110959008218,0.702740385383));
#10058 = ORIENTED_EDGE('',*,*,#10059,.F.);
#10059 = EDGE_CURVE('',#9999,#10052,#10060,.T.);
#10060 = LINE('',#10061,#10062);
#10061 = CARTESIAN_POINT('',(14.25,0.281192514695,-3.202447406934));
#10062 = VECTOR('',#10063,1.);
#10063 = DIRECTION('',(-1.,1.224646799147E-16,0.));
#10064 = ORIENTED_EDGE('',*,*,#10029,.T.);
#10065 = PLANE('',#10066);
#10066 = AXIS2_PLACEMENT_3D('',#10067,#10068,#10069);
#10067 = CARTESIAN_POINT('',(14.25,0.55,-1.5));
#10068 = DIRECTION('',(-1.209660753807E-16,-0.987762965329,
    0.155962573473));
#10069 = DIRECTION('',(-1.909990663905E-17,-0.155962573473,
    -0.987762965329));
#10070 = ADVANCED_FACE('',(#10071),#10077,.F.);
#10071 = FACE_BOUND('',#10072,.F.);
#10072 = EDGE_LOOP('',(#10073,#10074,#10075,#10076));
#10073 = ORIENTED_EDGE('',*,*,#8261,.T.);
#10074 = ORIENTED_EDGE('',*,*,#8309,.T.);
#10075 = ORIENTED_EDGE('',*,*,#10044,.F.);
#10076 = ORIENTED_EDGE('',*,*,#8229,.F.);
#10077 = PLANE('',#10078);
#10078 = AXIS2_PLACEMENT_3D('',#10079,#10080,#10081);
#10079 = CARTESIAN_POINT('',(14.25,0.25,-0.9));
#10080 = DIRECTION('',(-1.095357396528E-16,-0.894427191,-0.4472135955));
#10081 = DIRECTION('',(5.476786982641E-17,0.4472135955,-0.894427191));
#10082 = ADVANCED_FACE('',(#10083),#10094,.F.);
#10083 = FACE_BOUND('',#10084,.F.);
#10084 = EDGE_LOOP('',(#10085,#10091,#10092,#10093));
#10085 = ORIENTED_EDGE('',*,*,#10086,.T.);
#10086 = EDGE_CURVE('',#8199,#8286,#10087,.T.);
#10087 = LINE('',#10088,#10089);
#10088 = CARTESIAN_POINT('',(14.25,5.E-02,-1.5));
#10089 = VECTOR('',#10090,1.);
#10090 = DIRECTION('',(-1.,1.224646799147E-16,0.));
#10091 = ORIENTED_EDGE('',*,*,#8293,.T.);
#10092 = ORIENTED_EDGE('',*,*,#8332,.F.);
#10093 = ORIENTED_EDGE('',*,*,#8206,.F.);
#10094 = PLANE('',#10095);
#10095 = AXIS2_PLACEMENT_3D('',#10096,#10097,#10098);
#10096 = CARTESIAN_POINT('',(14.25,5.E-02,-1.5));
#10097 = DIRECTION('',(1.095357396528E-16,0.894427191,0.4472135955));
#10098 = DIRECTION('',(-5.476786982641E-17,-0.4472135955,0.894427191));
#10099 = ADVANCED_FACE('',(#10100),#10120,.F.);
#10100 = FACE_BOUND('',#10101,.F.);
#10101 = EDGE_LOOP('',(#10102,#10103,#10104,#10112,#10118,#10119));
#10102 = ORIENTED_EDGE('',*,*,#8198,.F.);
#10103 = ORIENTED_EDGE('',*,*,#10022,.F.);
#10104 = ORIENTED_EDGE('',*,*,#10105,.T.);
#10105 = EDGE_CURVE('',#10015,#10106,#10108,.T.);
#10106 = VERTEX_POINT('',#10107);
#10107 = CARTESIAN_POINT('',(13.752447406934,-0.218807485305,
    -3.202447406934));
#10108 = LINE('',#10109,#10110);
#10109 = CARTESIAN_POINT('',(14.25,-0.218807485305,-3.202447406934));
#10110 = VECTOR('',#10111,1.);
#10111 = DIRECTION('',(-1.,1.224646799147E-16,0.));
#10112 = ORIENTED_EDGE('',*,*,#10113,.T.);
#10113 = EDGE_CURVE('',#10106,#8278,#10114,.T.);
#10114 = LINE('',#10115,#10116);
#10115 = CARTESIAN_POINT('',(13.955198358413,-0.250820793434,
    -3.405198358413));
#10116 = VECTOR('',#10117,1.);
#10117 = DIRECTION('',(-0.702740385383,0.110959008218,0.702740385383));
#10118 = ORIENTED_EDGE('',*,*,#8285,.T.);
#10119 = ORIENTED_EDGE('',*,*,#10086,.F.);
#10120 = PLANE('',#10121);
#10121 = AXIS2_PLACEMENT_3D('',#10122,#10123,#10124);
#10122 = CARTESIAN_POINT('',(14.25,-0.25,-3.4));
#10123 = DIRECTION('',(1.209660753807E-16,0.987762965329,-0.155962573473
    ));
#10124 = DIRECTION('',(1.909990663905E-17,0.155962573473,0.987762965329)
  );
#10125 = ADVANCED_FACE('',(#10126),#10153,.F.);
#10126 = FACE_BOUND('',#10127,.T.);
#10127 = EDGE_LOOP('',(#10128,#10136,#10137,#10138,#10139,#10147));
#10128 = ORIENTED_EDGE('',*,*,#10129,.T.);
#10129 = EDGE_CURVE('',#10130,#10106,#10132,.T.);
#10130 = VERTEX_POINT('',#10131);
#10131 = CARTESIAN_POINT('',(13.95,-5.E-02,-3.4));
#10132 = LINE('',#10133,#10134);
#10133 = CARTESIAN_POINT('',(13.983963101414,-2.097873708559E-02,
    -3.433963101414));
#10134 = VECTOR('',#10135,1.);
#10135 = DIRECTION('',(-0.605209817607,-0.517148096144,0.605209817607));
#10136 = ORIENTED_EDGE('',*,*,#10113,.T.);
#10137 = ORIENTED_EDGE('',*,*,#8275,.F.);
#10138 = ORIENTED_EDGE('',*,*,#10051,.F.);
#10139 = ORIENTED_EDGE('',*,*,#10140,.F.);
#10140 = EDGE_CURVE('',#10141,#10052,#10143,.T.);
#10141 = VERTEX_POINT('',#10142);
#10142 = CARTESIAN_POINT('',(13.95,5.E-02,-3.4));
#10143 = LINE('',#10144,#10145);
#10144 = CARTESIAN_POINT('',(13.895376695718,0.113924744707,
    -3.345376695718));
#10145 = VECTOR('',#10146,1.);
#10146 = DIRECTION('',(-0.544770019249,0.63753529491,0.544770019249));
#10147 = ORIENTED_EDGE('',*,*,#10148,.T.);
#10148 = EDGE_CURVE('',#10141,#10130,#10149,.T.);
#10149 = LINE('',#10150,#10151);
#10150 = CARTESIAN_POINT('',(13.95,0.25,-3.4));
#10151 = VECTOR('',#10152,1.);
#10152 = DIRECTION('',(-1.224646799147E-16,-1.,0.));
#10153 = PLANE('',#10154);
#10154 = AXIS2_PLACEMENT_3D('',#10155,#10156,#10157);
#10155 = CARTESIAN_POINT('',(13.85,0.25,-3.3));
#10156 = DIRECTION('',(0.707106781187,-8.833102285013E-17,0.707106781187
    ));
#10157 = DIRECTION('',(1.236918052038E-16,1.,1.227125289097E-18));
#10158 = ADVANCED_FACE('',(#10159),#10165,.F.);
#10159 = FACE_BOUND('',#10160,.F.);
#10160 = EDGE_LOOP('',(#10161,#10162,#10163,#10164));
#10161 = ORIENTED_EDGE('',*,*,#8814,.T.);
#10162 = ORIENTED_EDGE('',*,*,#8829,.T.);
#10163 = ORIENTED_EDGE('',*,*,#8853,.F.);
#10164 = ORIENTED_EDGE('',*,*,#8519,.F.);
#10165 = PLANE('',#10166);
#10166 = AXIS2_PLACEMENT_3D('',#10167,#10168,#10169);
#10167 = CARTESIAN_POINT('',(13.2,-2.,1.8));
#10168 = DIRECTION('',(-1.224646799147E-16,-1.,0.));
#10169 = DIRECTION('',(-1.,1.224646799147E-16,0.));
#10170 = ADVANCED_FACE('',(#10171),#10177,.F.);
#10171 = FACE_BOUND('',#10172,.F.);
#10172 = EDGE_LOOP('',(#10173,#10174,#10175,#10176));
#10173 = ORIENTED_EDGE('',*,*,#8879,.T.);
#10174 = ORIENTED_EDGE('',*,*,#8894,.T.);
#10175 = ORIENTED_EDGE('',*,*,#8918,.F.);
#10176 = ORIENTED_EDGE('',*,*,#8496,.F.);
#10177 = PLANE('',#10178);
#10178 = AXIS2_PLACEMENT_3D('',#10179,#10180,#10181);
#10179 = CARTESIAN_POINT('',(11.2,-2.,1.8));
#10180 = DIRECTION('',(-1.224646799147E-16,-1.,0.));
#10181 = DIRECTION('',(-1.,1.224646799147E-16,0.));
#10182 = ADVANCED_FACE('',(#10183),#10189,.F.);
#10183 = FACE_BOUND('',#10184,.F.);
#10184 = EDGE_LOOP('',(#10185,#10186,#10187,#10188));
#10185 = ORIENTED_EDGE('',*,*,#9204,.T.);
#10186 = ORIENTED_EDGE('',*,*,#9219,.T.);
#10187 = ORIENTED_EDGE('',*,*,#9243,.F.);
#10188 = ORIENTED_EDGE('',*,*,#8381,.F.);
#10189 = PLANE('',#10190);
#10190 = AXIS2_PLACEMENT_3D('',#10191,#10192,#10193);
#10191 = CARTESIAN_POINT('',(1.2,-2.,1.8));
#10192 = DIRECTION('',(-1.224646799147E-16,-1.,0.));
#10193 = DIRECTION('',(-1.,1.224646799147E-16,0.));
#10194 = ADVANCED_FACE('',(#10195),#10201,.F.);
#10195 = FACE_BOUND('',#10196,.F.);
#10196 = EDGE_LOOP('',(#10197,#10198,#10199,#10200));
#10197 = ORIENTED_EDGE('',*,*,#8944,.T.);
#10198 = ORIENTED_EDGE('',*,*,#8959,.T.);
#10199 = ORIENTED_EDGE('',*,*,#8983,.F.);
#10200 = ORIENTED_EDGE('',*,*,#8473,.F.);
#10201 = PLANE('',#10202);
#10202 = AXIS2_PLACEMENT_3D('',#10203,#10204,#10205);
#10203 = CARTESIAN_POINT('',(9.2,-2.,1.8));
#10204 = DIRECTION('',(-1.224646799147E-16,-1.,0.));
#10205 = DIRECTION('',(-1.,1.224646799147E-16,0.));
#10206 = ADVANCED_FACE('',(#10207),#10213,.F.);
#10207 = FACE_BOUND('',#10208,.F.);
#10208 = EDGE_LOOP('',(#10209,#10210,#10211,#10212));
#10209 = ORIENTED_EDGE('',*,*,#9139,.T.);
#10210 = ORIENTED_EDGE('',*,*,#9154,.T.);
#10211 = ORIENTED_EDGE('',*,*,#9178,.F.);
#10212 = ORIENTED_EDGE('',*,*,#8404,.F.);
#10213 = PLANE('',#10214);
#10214 = AXIS2_PLACEMENT_3D('',#10215,#10216,#10217);
#10215 = CARTESIAN_POINT('',(3.2,-2.,1.8));
#10216 = DIRECTION('',(-1.224646799147E-16,-1.,0.));
#10217 = DIRECTION('',(-1.,1.224646799147E-16,0.));
#10218 = ADVANCED_FACE('',(#10219),#10225,.F.);
#10219 = FACE_BOUND('',#10220,.F.);
#10220 = EDGE_LOOP('',(#10221,#10222,#10223,#10224));
#10221 = ORIENTED_EDGE('',*,*,#9009,.T.);
#10222 = ORIENTED_EDGE('',*,*,#9024,.T.);
#10223 = ORIENTED_EDGE('',*,*,#9048,.F.);
#10224 = ORIENTED_EDGE('',*,*,#8450,.F.);
#10225 = PLANE('',#10226);
#10226 = AXIS2_PLACEMENT_3D('',#10227,#10228,#10229);
#10227 = CARTESIAN_POINT('',(7.2,-2.,1.8));
#10228 = DIRECTION('',(-1.224646799147E-16,-1.,0.));
#10229 = DIRECTION('',(-1.,1.224646799147E-16,0.));
#10230 = ADVANCED_FACE('',(#10231),#10237,.F.);
#10231 = FACE_BOUND('',#10232,.F.);
#10232 = EDGE_LOOP('',(#10233,#10234,#10235,#10236));
#10233 = ORIENTED_EDGE('',*,*,#9074,.T.);
#10234 = ORIENTED_EDGE('',*,*,#9089,.T.);
#10235 = ORIENTED_EDGE('',*,*,#9113,.F.);
#10236 = ORIENTED_EDGE('',*,*,#8427,.F.);
#10237 = PLANE('',#10238);
#10238 = AXIS2_PLACEMENT_3D('',#10239,#10240,#10241);
#10239 = CARTESIAN_POINT('',(5.2,-2.,1.8));
#10240 = DIRECTION('',(-1.224646799147E-16,-1.,0.));
#10241 = DIRECTION('',(-1.,1.224646799147E-16,0.));
#10242 = ADVANCED_FACE('',(#10243),#10268,.T.);
#10243 = FACE_BOUND('',#10244,.T.);
#10244 = EDGE_LOOP('',(#10245,#10246,#10254,#10262));
#10245 = ORIENTED_EDGE('',*,*,#8527,.T.);
#10246 = ORIENTED_EDGE('',*,*,#10247,.T.);
#10247 = EDGE_CURVE('',#8530,#10248,#10250,.T.);
#10248 = VERTEX_POINT('',#10249);
#10249 = CARTESIAN_POINT('',(1.75,-0.25,4.8));
#10250 = LINE('',#10251,#10252);
#10251 = CARTESIAN_POINT('',(1.75,-0.25,-3.4));
#10252 = VECTOR('',#10253,1.);
#10253 = DIRECTION('',(0.,0.,1.));
#10254 = ORIENTED_EDGE('',*,*,#10255,.T.);
#10255 = EDGE_CURVE('',#10248,#10256,#10258,.T.);
#10256 = VERTEX_POINT('',#10257);
#10257 = CARTESIAN_POINT('',(1.75,0.25,4.8));
#10258 = LINE('',#10259,#10260);
#10259 = CARTESIAN_POINT('',(1.75,-0.25,4.8));
#10260 = VECTOR('',#10261,1.);
#10261 = DIRECTION('',(1.224646799147E-16,1.,0.));
#10262 = ORIENTED_EDGE('',*,*,#10263,.T.);
#10263 = EDGE_CURVE('',#10256,#8528,#10264,.T.);
#10264 = LINE('',#10265,#10266);
#10265 = CARTESIAN_POINT('',(1.75,0.25,5.));
#10266 = VECTOR('',#10267,1.);
#10267 = DIRECTION('',(-0.,0.,-1.));
#10268 = PLANE('',#10269);
#10269 = AXIS2_PLACEMENT_3D('',#10270,#10271,#10272);
#10270 = CARTESIAN_POINT('',(1.75,6.429395695524E-16,0.8));
#10271 = DIRECTION('',(-1.,1.224646799147E-16,0.));
#10272 = DIRECTION('',(0.,0.,1.));
#10273 = ADVANCED_FACE('',(#10274),#10292,.F.);
#10274 = FACE_BOUND('',#10275,.F.);
#10275 = EDGE_LOOP('',(#10276,#10284,#10285,#10286));
#10276 = ORIENTED_EDGE('',*,*,#10277,.F.);
#10277 = EDGE_CURVE('',#8546,#10278,#10280,.T.);
#10278 = VERTEX_POINT('',#10279);
#10279 = CARTESIAN_POINT('',(2.25,-0.25,4.8));
#10280 = LINE('',#10281,#10282);
#10281 = CARTESIAN_POINT('',(2.25,-0.25,-3.4));
#10282 = VECTOR('',#10283,1.);
#10283 = DIRECTION('',(0.,0.,1.));
#10284 = ORIENTED_EDGE('',*,*,#8553,.T.);
#10285 = ORIENTED_EDGE('',*,*,#10247,.T.);
#10286 = ORIENTED_EDGE('',*,*,#10287,.F.);
#10287 = EDGE_CURVE('',#10278,#10248,#10288,.T.);
#10288 = LINE('',#10289,#10290);
#10289 = CARTESIAN_POINT('',(2.25,-0.25,4.8));
#10290 = VECTOR('',#10291,1.);
#10291 = DIRECTION('',(-1.,1.224646799147E-16,0.));
#10292 = PLANE('',#10293);
#10293 = AXIS2_PLACEMENT_3D('',#10294,#10295,#10296);
#10294 = CARTESIAN_POINT('',(2.25,-0.25,-3.4));
#10295 = DIRECTION('',(1.224646799147E-16,1.,0.));
#10296 = DIRECTION('',(0.,-0.,1.));
#10297 = ADVANCED_FACE('',(#10298),#10316,.F.);
#10298 = FACE_BOUND('',#10299,.F.);
#10299 = EDGE_LOOP('',(#10300,#10301,#10302,#10310));
#10300 = ORIENTED_EDGE('',*,*,#8545,.T.);
#10301 = ORIENTED_EDGE('',*,*,#10277,.T.);
#10302 = ORIENTED_EDGE('',*,*,#10303,.T.);
#10303 = EDGE_CURVE('',#10278,#10304,#10306,.T.);
#10304 = VERTEX_POINT('',#10305);
#10305 = CARTESIAN_POINT('',(2.25,0.25,4.8));
#10306 = LINE('',#10307,#10308);
#10307 = CARTESIAN_POINT('',(2.25,-0.25,4.8));
#10308 = VECTOR('',#10309,1.);
#10309 = DIRECTION('',(1.224646799147E-16,1.,0.));
#10310 = ORIENTED_EDGE('',*,*,#10311,.T.);
#10311 = EDGE_CURVE('',#10304,#8538,#10312,.T.);
#10312 = LINE('',#10313,#10314);
#10313 = CARTESIAN_POINT('',(2.25,0.25,5.));
#10314 = VECTOR('',#10315,1.);
#10315 = DIRECTION('',(-0.,0.,-1.));
#10316 = PLANE('',#10317);
#10317 = AXIS2_PLACEMENT_3D('',#10318,#10319,#10320);
#10318 = CARTESIAN_POINT('',(2.25,5.81707229595E-16,0.8));
#10319 = DIRECTION('',(-1.,1.224646799147E-16,0.));
#10320 = DIRECTION('',(0.,0.,1.));
#10321 = ADVANCED_FACE('',(#10322),#10333,.F.);
#10322 = FACE_BOUND('',#10323,.F.);
#10323 = EDGE_LOOP('',(#10324,#10325,#10331,#10332));
#10324 = ORIENTED_EDGE('',*,*,#10311,.F.);
#10325 = ORIENTED_EDGE('',*,*,#10326,.T.);
#10326 = EDGE_CURVE('',#10304,#10256,#10327,.T.);
#10327 = LINE('',#10328,#10329);
#10328 = CARTESIAN_POINT('',(2.25,0.25,4.8));
#10329 = VECTOR('',#10330,1.);
#10330 = DIRECTION('',(-1.,1.224646799147E-16,0.));
#10331 = ORIENTED_EDGE('',*,*,#10263,.T.);
#10332 = ORIENTED_EDGE('',*,*,#8537,.T.);
#10333 = PLANE('',#10334);
#10334 = AXIS2_PLACEMENT_3D('',#10335,#10336,#10337);
#10335 = CARTESIAN_POINT('',(2.25,0.25,5.));
#10336 = DIRECTION('',(-1.224646799147E-16,-1.,0.));
#10337 = DIRECTION('',(-0.,0.,-1.));
#10338 = ADVANCED_FACE('',(#10339),#10364,.F.);
#10339 = FACE_BOUND('',#10340,.F.);
#10340 = EDGE_LOOP('',(#10341,#10342,#10350,#10358));
#10341 = ORIENTED_EDGE('',*,*,#8561,.T.);
#10342 = ORIENTED_EDGE('',*,*,#10343,.T.);
#10343 = EDGE_CURVE('',#8564,#10344,#10346,.T.);
#10344 = VERTEX_POINT('',#10345);
#10345 = CARTESIAN_POINT('',(4.25,-0.25,4.8));
#10346 = LINE('',#10347,#10348);
#10347 = CARTESIAN_POINT('',(4.25,-0.25,-3.4));
#10348 = VECTOR('',#10349,1.);
#10349 = DIRECTION('',(0.,0.,1.));
#10350 = ORIENTED_EDGE('',*,*,#10351,.T.);
#10351 = EDGE_CURVE('',#10344,#10352,#10354,.T.);
#10352 = VERTEX_POINT('',#10353);
#10353 = CARTESIAN_POINT('',(4.25,0.25,4.8));
#10354 = LINE('',#10355,#10356);
#10355 = CARTESIAN_POINT('',(4.25,-0.25,4.8));
#10356 = VECTOR('',#10357,1.);
#10357 = DIRECTION('',(1.224646799147E-16,1.,0.));
#10358 = ORIENTED_EDGE('',*,*,#10359,.T.);
#10359 = EDGE_CURVE('',#10352,#8562,#10360,.T.);
#10360 = LINE('',#10361,#10362);
#10361 = CARTESIAN_POINT('',(4.25,0.25,5.));
#10362 = VECTOR('',#10363,1.);
#10363 = DIRECTION('',(-0.,0.,-1.));
#10364 = PLANE('',#10365);
#10365 = AXIS2_PLACEMENT_3D('',#10366,#10367,#10368);
#10366 = CARTESIAN_POINT('',(4.25,3.367778697655E-16,0.8));
#10367 = DIRECTION('',(-1.,1.224646799147E-16,0.));
#10368 = DIRECTION('',(0.,0.,1.));
#10369 = ADVANCED_FACE('',(#10370),#10388,.F.);
#10370 = FACE_BOUND('',#10371,.F.);
#10371 = EDGE_LOOP('',(#10372,#10373,#10381,#10387));
#10372 = ORIENTED_EDGE('',*,*,#10359,.F.);
#10373 = ORIENTED_EDGE('',*,*,#10374,.T.);
#10374 = EDGE_CURVE('',#10352,#10375,#10377,.T.);
#10375 = VERTEX_POINT('',#10376);
#10376 = CARTESIAN_POINT('',(3.75,0.25,4.8));
#10377 = LINE('',#10378,#10379);
#10378 = CARTESIAN_POINT('',(4.25,0.25,4.8));
#10379 = VECTOR('',#10380,1.);
#10380 = DIRECTION('',(-1.,1.224646799147E-16,0.));
#10381 = ORIENTED_EDGE('',*,*,#10382,.T.);
#10382 = EDGE_CURVE('',#10375,#8580,#10383,.T.);
#10383 = LINE('',#10384,#10385);
#10384 = CARTESIAN_POINT('',(3.75,0.25,5.));
#10385 = VECTOR('',#10386,1.);
#10386 = DIRECTION('',(-0.,0.,-1.));
#10387 = ORIENTED_EDGE('',*,*,#8587,.T.);
#10388 = PLANE('',#10389);
#10389 = AXIS2_PLACEMENT_3D('',#10390,#10391,#10392);
#10390 = CARTESIAN_POINT('',(4.25,0.25,5.));
#10391 = DIRECTION('',(-1.224646799147E-16,-1.,0.));
#10392 = DIRECTION('',(-0.,0.,-1.));
#10393 = ADVANCED_FACE('',(#10394),#10412,.T.);
#10394 = FACE_BOUND('',#10395,.T.);
#10395 = EDGE_LOOP('',(#10396,#10397,#10405,#10411));
#10396 = ORIENTED_EDGE('',*,*,#8579,.T.);
#10397 = ORIENTED_EDGE('',*,*,#10398,.T.);
#10398 = EDGE_CURVE('',#8572,#10399,#10401,.T.);
#10399 = VERTEX_POINT('',#10400);
#10400 = CARTESIAN_POINT('',(3.75,-0.25,4.8));
#10401 = LINE('',#10402,#10403);
#10402 = CARTESIAN_POINT('',(3.75,-0.25,-3.4));
#10403 = VECTOR('',#10404,1.);
#10404 = DIRECTION('',(0.,0.,1.));
#10405 = ORIENTED_EDGE('',*,*,#10406,.T.);
#10406 = EDGE_CURVE('',#10399,#10375,#10407,.T.);
#10407 = LINE('',#10408,#10409);
#10408 = CARTESIAN_POINT('',(3.75,-0.25,4.8));
#10409 = VECTOR('',#10410,1.);
#10410 = DIRECTION('',(1.224646799147E-16,1.,0.));
#10411 = ORIENTED_EDGE('',*,*,#10382,.T.);
#10412 = PLANE('',#10413);
#10413 = AXIS2_PLACEMENT_3D('',#10414,#10415,#10416);
#10414 = CARTESIAN_POINT('',(3.75,3.980102097229E-16,0.8));
#10415 = DIRECTION('',(-1.,1.224646799147E-16,0.));
#10416 = DIRECTION('',(0.,0.,1.));
#10417 = ADVANCED_FACE('',(#10418),#10429,.F.);
#10418 = FACE_BOUND('',#10419,.F.);
#10419 = EDGE_LOOP('',(#10420,#10421,#10422,#10423));
#10420 = ORIENTED_EDGE('',*,*,#10343,.F.);
#10421 = ORIENTED_EDGE('',*,*,#8571,.T.);
#10422 = ORIENTED_EDGE('',*,*,#10398,.T.);
#10423 = ORIENTED_EDGE('',*,*,#10424,.F.);
#10424 = EDGE_CURVE('',#10344,#10399,#10425,.T.);
#10425 = LINE('',#10426,#10427);
#10426 = CARTESIAN_POINT('',(4.25,-0.25,4.8));
#10427 = VECTOR('',#10428,1.);
#10428 = DIRECTION('',(-1.,1.224646799147E-16,0.));
#10429 = PLANE('',#10430);
#10430 = AXIS2_PLACEMENT_3D('',#10431,#10432,#10433);
#10431 = CARTESIAN_POINT('',(4.25,-0.25,-3.4));
#10432 = DIRECTION('',(1.224646799147E-16,1.,0.));
#10433 = DIRECTION('',(0.,-0.,1.));
#10434 = ADVANCED_FACE('',(#10435),#10460,.T.);
#10435 = FACE_BOUND('',#10436,.T.);
#10436 = EDGE_LOOP('',(#10437,#10438,#10446,#10454));
#10437 = ORIENTED_EDGE('',*,*,#8595,.T.);
#10438 = ORIENTED_EDGE('',*,*,#10439,.T.);
#10439 = EDGE_CURVE('',#8598,#10440,#10442,.T.);
#10440 = VERTEX_POINT('',#10441);
#10441 = CARTESIAN_POINT('',(5.75,-0.25,4.8));
#10442 = LINE('',#10443,#10444);
#10443 = CARTESIAN_POINT('',(5.75,-0.25,-3.4));
#10444 = VECTOR('',#10445,1.);
#10445 = DIRECTION('',(0.,0.,1.));
#10446 = ORIENTED_EDGE('',*,*,#10447,.T.);
#10447 = EDGE_CURVE('',#10440,#10448,#10450,.T.);
#10448 = VERTEX_POINT('',#10449);
#10449 = CARTESIAN_POINT('',(5.75,0.25,4.8));
#10450 = LINE('',#10451,#10452);
#10451 = CARTESIAN_POINT('',(5.75,-0.25,4.8));
#10452 = VECTOR('',#10453,1.);
#10453 = DIRECTION('',(1.224646799147E-16,1.,0.));
#10454 = ORIENTED_EDGE('',*,*,#10455,.T.);
#10455 = EDGE_CURVE('',#10448,#8596,#10456,.T.);
#10456 = LINE('',#10457,#10458);
#10457 = CARTESIAN_POINT('',(5.75,0.25,5.));
#10458 = VECTOR('',#10459,1.);
#10459 = DIRECTION('',(-0.,0.,-1.));
#10460 = PLANE('',#10461);
#10461 = AXIS2_PLACEMENT_3D('',#10462,#10463,#10464);
#10462 = CARTESIAN_POINT('',(5.75,1.530808498934E-16,0.8));
#10463 = DIRECTION('',(-1.,1.224646799147E-16,0.));
#10464 = DIRECTION('',(0.,0.,1.));
#10465 = ADVANCED_FACE('',(#10466),#10484,.F.);
#10466 = FACE_BOUND('',#10467,.F.);
#10467 = EDGE_LOOP('',(#10468,#10476,#10477,#10478));
#10468 = ORIENTED_EDGE('',*,*,#10469,.F.);
#10469 = EDGE_CURVE('',#8614,#10470,#10472,.T.);
#10470 = VERTEX_POINT('',#10471);
#10471 = CARTESIAN_POINT('',(6.25,-0.25,4.8));
#10472 = LINE('',#10473,#10474);
#10473 = CARTESIAN_POINT('',(6.25,-0.25,-3.4));
#10474 = VECTOR('',#10475,1.);
#10475 = DIRECTION('',(0.,0.,1.));
#10476 = ORIENTED_EDGE('',*,*,#8621,.T.);
#10477 = ORIENTED_EDGE('',*,*,#10439,.T.);
#10478 = ORIENTED_EDGE('',*,*,#10479,.F.);
#10479 = EDGE_CURVE('',#10470,#10440,#10480,.T.);
#10480 = LINE('',#10481,#10482);
#10481 = CARTESIAN_POINT('',(6.25,-0.25,4.8));
#10482 = VECTOR('',#10483,1.);
#10483 = DIRECTION('',(-1.,1.224646799147E-16,0.));
#10484 = PLANE('',#10485);
#10485 = AXIS2_PLACEMENT_3D('',#10486,#10487,#10488);
#10486 = CARTESIAN_POINT('',(6.25,-0.25,-3.4));
#10487 = DIRECTION('',(1.224646799147E-16,1.,0.));
#10488 = DIRECTION('',(0.,-0.,1.));
#10489 = ADVANCED_FACE('',(#10490),#10508,.F.);
#10490 = FACE_BOUND('',#10491,.F.);
#10491 = EDGE_LOOP('',(#10492,#10493,#10494,#10502));
#10492 = ORIENTED_EDGE('',*,*,#8613,.T.);
#10493 = ORIENTED_EDGE('',*,*,#10469,.T.);
#10494 = ORIENTED_EDGE('',*,*,#10495,.T.);
#10495 = EDGE_CURVE('',#10470,#10496,#10498,.T.);
#10496 = VERTEX_POINT('',#10497);
#10497 = CARTESIAN_POINT('',(6.25,0.25,4.8));
#10498 = LINE('',#10499,#10500);
#10499 = CARTESIAN_POINT('',(6.25,-0.25,4.8));
#10500 = VECTOR('',#10501,1.);
#10501 = DIRECTION('',(1.224646799147E-16,1.,0.));
#10502 = ORIENTED_EDGE('',*,*,#10503,.T.);
#10503 = EDGE_CURVE('',#10496,#8606,#10504,.T.);
#10504 = LINE('',#10505,#10506);
#10505 = CARTESIAN_POINT('',(6.25,0.25,5.));
#10506 = VECTOR('',#10507,1.);
#10507 = DIRECTION('',(-0.,0.,-1.));
#10508 = PLANE('',#10509);
#10509 = AXIS2_PLACEMENT_3D('',#10510,#10511,#10512);
#10510 = CARTESIAN_POINT('',(6.25,9.184850993605E-17,0.8));
#10511 = DIRECTION('',(-1.,1.224646799147E-16,0.));
#10512 = DIRECTION('',(0.,0.,1.));
#10513 = ADVANCED_FACE('',(#10514),#10525,.F.);
#10514 = FACE_BOUND('',#10515,.F.);
#10515 = EDGE_LOOP('',(#10516,#10517,#10523,#10524));
#10516 = ORIENTED_EDGE('',*,*,#10503,.F.);
#10517 = ORIENTED_EDGE('',*,*,#10518,.T.);
#10518 = EDGE_CURVE('',#10496,#10448,#10519,.T.);
#10519 = LINE('',#10520,#10521);
#10520 = CARTESIAN_POINT('',(6.25,0.25,4.8));
#10521 = VECTOR('',#10522,1.);
#10522 = DIRECTION('',(-1.,1.224646799147E-16,0.));
#10523 = ORIENTED_EDGE('',*,*,#10455,.T.);
#10524 = ORIENTED_EDGE('',*,*,#8605,.T.);
#10525 = PLANE('',#10526);
#10526 = AXIS2_PLACEMENT_3D('',#10527,#10528,#10529);
#10527 = CARTESIAN_POINT('',(6.25,0.25,5.));
#10528 = DIRECTION('',(-1.224646799147E-16,-1.,0.));
#10529 = DIRECTION('',(-0.,0.,-1.));
#10530 = ADVANCED_FACE('',(#10531),#10556,.T.);
#10531 = FACE_BOUND('',#10532,.T.);
#10532 = EDGE_LOOP('',(#10533,#10534,#10542,#10550));
#10533 = ORIENTED_EDGE('',*,*,#8629,.T.);
#10534 = ORIENTED_EDGE('',*,*,#10535,.T.);
#10535 = EDGE_CURVE('',#8632,#10536,#10538,.T.);
#10536 = VERTEX_POINT('',#10537);
#10537 = CARTESIAN_POINT('',(11.75,-0.25,4.8));
#10538 = LINE('',#10539,#10540);
#10539 = CARTESIAN_POINT('',(11.75,-0.25,-3.4));
#10540 = VECTOR('',#10541,1.);
#10541 = DIRECTION('',(0.,0.,1.));
#10542 = ORIENTED_EDGE('',*,*,#10543,.T.);
#10543 = EDGE_CURVE('',#10536,#10544,#10546,.T.);
#10544 = VERTEX_POINT('',#10545);
#10545 = CARTESIAN_POINT('',(11.75,0.25,4.8));
#10546 = LINE('',#10547,#10548);
#10547 = CARTESIAN_POINT('',(11.75,-0.25,4.8));
#10548 = VECTOR('',#10549,1.);
#10549 = DIRECTION('',(1.224646799147E-16,1.,0.));
#10550 = ORIENTED_EDGE('',*,*,#10551,.T.);
#10551 = EDGE_CURVE('',#10544,#8630,#10552,.T.);
#10552 = LINE('',#10553,#10554);
#10553 = CARTESIAN_POINT('',(11.75,0.25,5.));
#10554 = VECTOR('',#10555,1.);
#10555 = DIRECTION('',(-0.,0.,-1.));
#10556 = PLANE('',#10557);
#10557 = AXIS2_PLACEMENT_3D('',#10558,#10559,#10560);
#10558 = CARTESIAN_POINT('',(11.75,-5.81707229595E-16,0.8));
#10559 = DIRECTION('',(-1.,1.224646799147E-16,0.));
#10560 = DIRECTION('',(0.,0.,1.));
#10561 = ADVANCED_FACE('',(#10562),#10580,.F.);
#10562 = FACE_BOUND('',#10563,.F.);
#10563 = EDGE_LOOP('',(#10564,#10572,#10573,#10574));
#10564 = ORIENTED_EDGE('',*,*,#10565,.F.);
#10565 = EDGE_CURVE('',#8648,#10566,#10568,.T.);
#10566 = VERTEX_POINT('',#10567);
#10567 = CARTESIAN_POINT('',(12.25,-0.25,4.8));
#10568 = LINE('',#10569,#10570);
#10569 = CARTESIAN_POINT('',(12.25,-0.25,-3.4));
#10570 = VECTOR('',#10571,1.);
#10571 = DIRECTION('',(0.,0.,1.));
#10572 = ORIENTED_EDGE('',*,*,#8655,.T.);
#10573 = ORIENTED_EDGE('',*,*,#10535,.T.);
#10574 = ORIENTED_EDGE('',*,*,#10575,.F.);
#10575 = EDGE_CURVE('',#10566,#10536,#10576,.T.);
#10576 = LINE('',#10577,#10578);
#10577 = CARTESIAN_POINT('',(12.25,-0.25,4.8));
#10578 = VECTOR('',#10579,1.);
#10579 = DIRECTION('',(-1.,1.224646799147E-16,0.));
#10580 = PLANE('',#10581);
#10581 = AXIS2_PLACEMENT_3D('',#10582,#10583,#10584);
#10582 = CARTESIAN_POINT('',(12.25,-0.25,-3.4));
#10583 = DIRECTION('',(1.224646799147E-16,1.,0.));
#10584 = DIRECTION('',(0.,-0.,1.));
#10585 = ADVANCED_FACE('',(#10586),#10604,.F.);
#10586 = FACE_BOUND('',#10587,.F.);
#10587 = EDGE_LOOP('',(#10588,#10589,#10590,#10598));
#10588 = ORIENTED_EDGE('',*,*,#8647,.T.);
#10589 = ORIENTED_EDGE('',*,*,#10565,.T.);
#10590 = ORIENTED_EDGE('',*,*,#10591,.T.);
#10591 = EDGE_CURVE('',#10566,#10592,#10594,.T.);
#10592 = VERTEX_POINT('',#10593);
#10593 = CARTESIAN_POINT('',(12.25,0.25,4.8));
#10594 = LINE('',#10595,#10596);
#10595 = CARTESIAN_POINT('',(12.25,-0.25,4.8));
#10596 = VECTOR('',#10597,1.);
#10597 = DIRECTION('',(1.224646799147E-16,1.,0.));
#10598 = ORIENTED_EDGE('',*,*,#10599,.T.);
#10599 = EDGE_CURVE('',#10592,#8640,#10600,.T.);
#10600 = LINE('',#10601,#10602);
#10601 = CARTESIAN_POINT('',(12.25,0.25,5.));
#10602 = VECTOR('',#10603,1.);
#10603 = DIRECTION('',(-0.,0.,-1.));
#10604 = PLANE('',#10605);
#10605 = AXIS2_PLACEMENT_3D('',#10606,#10607,#10608);
#10606 = CARTESIAN_POINT('',(12.25,-6.429395695524E-16,0.8));
#10607 = DIRECTION('',(-1.,1.224646799147E-16,0.));
#10608 = DIRECTION('',(0.,0.,1.));
#10609 = ADVANCED_FACE('',(#10610),#10621,.F.);
#10610 = FACE_BOUND('',#10611,.F.);
#10611 = EDGE_LOOP('',(#10612,#10613,#10619,#10620));
#10612 = ORIENTED_EDGE('',*,*,#10599,.F.);
#10613 = ORIENTED_EDGE('',*,*,#10614,.T.);
#10614 = EDGE_CURVE('',#10592,#10544,#10615,.T.);
#10615 = LINE('',#10616,#10617);
#10616 = CARTESIAN_POINT('',(12.25,0.25,4.8));
#10617 = VECTOR('',#10618,1.);
#10618 = DIRECTION('',(-1.,1.224646799147E-16,0.));
#10619 = ORIENTED_EDGE('',*,*,#10551,.T.);
#10620 = ORIENTED_EDGE('',*,*,#8639,.T.);
#10621 = PLANE('',#10622);
#10622 = AXIS2_PLACEMENT_3D('',#10623,#10624,#10625);
#10623 = CARTESIAN_POINT('',(12.25,0.25,5.));
#10624 = DIRECTION('',(-1.224646799147E-16,-1.,0.));
#10625 = DIRECTION('',(-0.,0.,-1.));
#10626 = ADVANCED_FACE('',(#10627),#10652,.F.);
#10627 = FACE_BOUND('',#10628,.F.);
#10628 = EDGE_LOOP('',(#10629,#10637,#10645,#10651));
#10629 = ORIENTED_EDGE('',*,*,#10630,.F.);
#10630 = EDGE_CURVE('',#10631,#8666,#10633,.T.);
#10631 = VERTEX_POINT('',#10632);
#10632 = CARTESIAN_POINT('',(10.25,0.25,4.8));
#10633 = LINE('',#10634,#10635);
#10634 = CARTESIAN_POINT('',(10.25,0.25,5.));
#10635 = VECTOR('',#10636,1.);
#10636 = DIRECTION('',(-0.,0.,-1.));
#10637 = ORIENTED_EDGE('',*,*,#10638,.T.);
#10638 = EDGE_CURVE('',#10631,#10639,#10641,.T.);
#10639 = VERTEX_POINT('',#10640);
#10640 = CARTESIAN_POINT('',(9.75,0.25,4.8));
#10641 = LINE('',#10642,#10643);
#10642 = CARTESIAN_POINT('',(10.25,0.25,4.8));
#10643 = VECTOR('',#10644,1.);
#10644 = DIRECTION('',(-1.,1.224646799147E-16,0.));
#10645 = ORIENTED_EDGE('',*,*,#10646,.T.);
#10646 = EDGE_CURVE('',#10639,#8664,#10647,.T.);
#10647 = LINE('',#10648,#10649);
#10648 = CARTESIAN_POINT('',(9.75,0.25,5.));
#10649 = VECTOR('',#10650,1.);
#10650 = DIRECTION('',(-0.,0.,-1.));
#10651 = ORIENTED_EDGE('',*,*,#8663,.T.);
#10652 = PLANE('',#10653);
#10653 = AXIS2_PLACEMENT_3D('',#10654,#10655,#10656);
#10654 = CARTESIAN_POINT('',(10.25,0.25,5.));
#10655 = DIRECTION('',(-1.224646799147E-16,-1.,0.));
#10656 = DIRECTION('',(-0.,0.,-1.));
#10657 = ADVANCED_FACE('',(#10658),#10676,.T.);
#10658 = FACE_BOUND('',#10659,.T.);
#10659 = EDGE_LOOP('',(#10660,#10661,#10669,#10675));
#10660 = ORIENTED_EDGE('',*,*,#8689,.T.);
#10661 = ORIENTED_EDGE('',*,*,#10662,.T.);
#10662 = EDGE_CURVE('',#8682,#10663,#10665,.T.);
#10663 = VERTEX_POINT('',#10664);
#10664 = CARTESIAN_POINT('',(9.75,-0.25,4.8));
#10665 = LINE('',#10666,#10667);
#10666 = CARTESIAN_POINT('',(9.75,-0.25,-3.4));
#10667 = VECTOR('',#10668,1.);
#10668 = DIRECTION('',(0.,0.,1.));
#10669 = ORIENTED_EDGE('',*,*,#10670,.T.);
#10670 = EDGE_CURVE('',#10663,#10639,#10671,.T.);
#10671 = LINE('',#10672,#10673);
#10672 = CARTESIAN_POINT('',(9.75,-0.25,4.8));
#10673 = VECTOR('',#10674,1.);
#10674 = DIRECTION('',(1.224646799147E-16,1.,0.));
#10675 = ORIENTED_EDGE('',*,*,#10646,.T.);
#10676 = PLANE('',#10677);
#10677 = AXIS2_PLACEMENT_3D('',#10678,#10679,#10680);
#10678 = CARTESIAN_POINT('',(9.75,-3.367778697655E-16,0.8));
#10679 = DIRECTION('',(-1.,1.224646799147E-16,0.));
#10680 = DIRECTION('',(0.,0.,1.));
#10681 = ADVANCED_FACE('',(#10682),#10700,.F.);
#10682 = FACE_BOUND('',#10683,.F.);
#10683 = EDGE_LOOP('',(#10684,#10692,#10693,#10694));
#10684 = ORIENTED_EDGE('',*,*,#10685,.F.);
#10685 = EDGE_CURVE('',#8674,#10686,#10688,.T.);
#10686 = VERTEX_POINT('',#10687);
#10687 = CARTESIAN_POINT('',(10.25,-0.25,4.8));
#10688 = LINE('',#10689,#10690);
#10689 = CARTESIAN_POINT('',(10.25,-0.25,-3.4));
#10690 = VECTOR('',#10691,1.);
#10691 = DIRECTION('',(0.,0.,1.));
#10692 = ORIENTED_EDGE('',*,*,#8681,.T.);
#10693 = ORIENTED_EDGE('',*,*,#10662,.T.);
#10694 = ORIENTED_EDGE('',*,*,#10695,.F.);
#10695 = EDGE_CURVE('',#10686,#10663,#10696,.T.);
#10696 = LINE('',#10697,#10698);
#10697 = CARTESIAN_POINT('',(10.25,-0.25,4.8));
#10698 = VECTOR('',#10699,1.);
#10699 = DIRECTION('',(-1.,1.224646799147E-16,0.));
#10700 = PLANE('',#10701);
#10701 = AXIS2_PLACEMENT_3D('',#10702,#10703,#10704);
#10702 = CARTESIAN_POINT('',(10.25,-0.25,-3.4));
#10703 = DIRECTION('',(1.224646799147E-16,1.,0.));
#10704 = DIRECTION('',(0.,-0.,1.));
#10705 = ADVANCED_FACE('',(#10706),#10717,.F.);
#10706 = FACE_BOUND('',#10707,.F.);
#10707 = EDGE_LOOP('',(#10708,#10709,#10710,#10716));
#10708 = ORIENTED_EDGE('',*,*,#8673,.T.);
#10709 = ORIENTED_EDGE('',*,*,#10685,.T.);
#10710 = ORIENTED_EDGE('',*,*,#10711,.T.);
#10711 = EDGE_CURVE('',#10686,#10631,#10712,.T.);
#10712 = LINE('',#10713,#10714);
#10713 = CARTESIAN_POINT('',(10.25,-0.25,4.8));
#10714 = VECTOR('',#10715,1.);
#10715 = DIRECTION('',(1.224646799147E-16,1.,0.));
#10716 = ORIENTED_EDGE('',*,*,#10630,.T.);
#10717 = PLANE('',#10718);
#10718 = AXIS2_PLACEMENT_3D('',#10719,#10720,#10721);
#10719 = CARTESIAN_POINT('',(10.25,-3.980102097229E-16,0.8));
#10720 = DIRECTION('',(-1.,1.224646799147E-16,0.));
#10721 = DIRECTION('',(0.,0.,1.));
#10722 = ADVANCED_FACE('',(#10723),#10748,.T.);
#10723 = FACE_BOUND('',#10724,.T.);
#10724 = EDGE_LOOP('',(#10725,#10726,#10734,#10742));
#10725 = ORIENTED_EDGE('',*,*,#8697,.T.);
#10726 = ORIENTED_EDGE('',*,*,#10727,.T.);
#10727 = EDGE_CURVE('',#8700,#10728,#10730,.T.);
#10728 = VERTEX_POINT('',#10729);
#10729 = CARTESIAN_POINT('',(7.75,-0.25,4.8));
#10730 = LINE('',#10731,#10732);
#10731 = CARTESIAN_POINT('',(7.75,-0.25,-3.4));
#10732 = VECTOR('',#10733,1.);
#10733 = DIRECTION('',(0.,0.,1.));
#10734 = ORIENTED_EDGE('',*,*,#10735,.T.);
#10735 = EDGE_CURVE('',#10728,#10736,#10738,.T.);
#10736 = VERTEX_POINT('',#10737);
#10737 = CARTESIAN_POINT('',(7.75,0.25,4.8));
#10738 = LINE('',#10739,#10740);
#10739 = CARTESIAN_POINT('',(7.75,-0.25,4.8));
#10740 = VECTOR('',#10741,1.);
#10741 = DIRECTION('',(1.224646799147E-16,1.,0.));
#10742 = ORIENTED_EDGE('',*,*,#10743,.T.);
#10743 = EDGE_CURVE('',#10736,#8698,#10744,.T.);
#10744 = LINE('',#10745,#10746);
#10745 = CARTESIAN_POINT('',(7.75,0.25,5.));
#10746 = VECTOR('',#10747,1.);
#10747 = DIRECTION('',(-0.,0.,-1.));
#10748 = PLANE('',#10749);
#10749 = AXIS2_PLACEMENT_3D('',#10750,#10751,#10752);
#10750 = CARTESIAN_POINT('',(7.75,-9.184850993605E-17,0.8));
#10751 = DIRECTION('',(-1.,1.224646799147E-16,0.));
#10752 = DIRECTION('',(0.,0.,1.));
#10753 = ADVANCED_FACE('',(#10754),#10772,.F.);
#10754 = FACE_BOUND('',#10755,.F.);
#10755 = EDGE_LOOP('',(#10756,#10764,#10765,#10766));
#10756 = ORIENTED_EDGE('',*,*,#10757,.F.);
#10757 = EDGE_CURVE('',#8716,#10758,#10760,.T.);
#10758 = VERTEX_POINT('',#10759);
#10759 = CARTESIAN_POINT('',(8.25,-0.25,4.8));
#10760 = LINE('',#10761,#10762);
#10761 = CARTESIAN_POINT('',(8.25,-0.25,-3.4));
#10762 = VECTOR('',#10763,1.);
#10763 = DIRECTION('',(0.,0.,1.));
#10764 = ORIENTED_EDGE('',*,*,#8723,.T.);
#10765 = ORIENTED_EDGE('',*,*,#10727,.T.);
#10766 = ORIENTED_EDGE('',*,*,#10767,.F.);
#10767 = EDGE_CURVE('',#10758,#10728,#10768,.T.);
#10768 = LINE('',#10769,#10770);
#10769 = CARTESIAN_POINT('',(8.25,-0.25,4.8));
#10770 = VECTOR('',#10771,1.);
#10771 = DIRECTION('',(-1.,1.224646799147E-16,0.));
#10772 = PLANE('',#10773);
#10773 = AXIS2_PLACEMENT_3D('',#10774,#10775,#10776);
#10774 = CARTESIAN_POINT('',(8.25,-0.25,-3.4));
#10775 = DIRECTION('',(1.224646799147E-16,1.,0.));
#10776 = DIRECTION('',(0.,-0.,1.));
#10777 = ADVANCED_FACE('',(#10778),#10796,.F.);
#10778 = FACE_BOUND('',#10779,.F.);
#10779 = EDGE_LOOP('',(#10780,#10781,#10782,#10790));
#10780 = ORIENTED_EDGE('',*,*,#8715,.T.);
#10781 = ORIENTED_EDGE('',*,*,#10757,.T.);
#10782 = ORIENTED_EDGE('',*,*,#10783,.T.);
#10783 = EDGE_CURVE('',#10758,#10784,#10786,.T.);
#10784 = VERTEX_POINT('',#10785);
#10785 = CARTESIAN_POINT('',(8.25,0.25,4.8));
#10786 = LINE('',#10787,#10788);
#10787 = CARTESIAN_POINT('',(8.25,-0.25,4.8));
#10788 = VECTOR('',#10789,1.);
#10789 = DIRECTION('',(1.224646799147E-16,1.,0.));
#10790 = ORIENTED_EDGE('',*,*,#10791,.T.);
#10791 = EDGE_CURVE('',#10784,#8708,#10792,.T.);
#10792 = LINE('',#10793,#10794);
#10793 = CARTESIAN_POINT('',(8.25,0.25,5.));
#10794 = VECTOR('',#10795,1.);
#10795 = DIRECTION('',(-0.,0.,-1.));
#10796 = PLANE('',#10797);
#10797 = AXIS2_PLACEMENT_3D('',#10798,#10799,#10800);
#10798 = CARTESIAN_POINT('',(8.25,-1.530808498934E-16,0.8));
#10799 = DIRECTION('',(-1.,1.224646799147E-16,0.));
#10800 = DIRECTION('',(0.,0.,1.));
#10801 = ADVANCED_FACE('',(#10802),#10813,.F.);
#10802 = FACE_BOUND('',#10803,.F.);
#10803 = EDGE_LOOP('',(#10804,#10805,#10811,#10812));
#10804 = ORIENTED_EDGE('',*,*,#10791,.F.);
#10805 = ORIENTED_EDGE('',*,*,#10806,.T.);
#10806 = EDGE_CURVE('',#10784,#10736,#10807,.T.);
#10807 = LINE('',#10808,#10809);
#10808 = CARTESIAN_POINT('',(8.25,0.25,4.8));
#10809 = VECTOR('',#10810,1.);
#10810 = DIRECTION('',(-1.,1.224646799147E-16,0.));
#10811 = ORIENTED_EDGE('',*,*,#10743,.T.);
#10812 = ORIENTED_EDGE('',*,*,#8707,.T.);
#10813 = PLANE('',#10814);
#10814 = AXIS2_PLACEMENT_3D('',#10815,#10816,#10817);
#10815 = CARTESIAN_POINT('',(8.25,0.25,5.));
#10816 = DIRECTION('',(-1.224646799147E-16,-1.,0.));
#10817 = DIRECTION('',(-0.,0.,-1.));
#10818 = ADVANCED_FACE('',(#10819),#10844,.F.);
#10819 = FACE_BOUND('',#10820,.F.);
#10820 = EDGE_LOOP('',(#10821,#10822,#10830,#10838));
#10821 = ORIENTED_EDGE('',*,*,#8731,.T.);
#10822 = ORIENTED_EDGE('',*,*,#10823,.T.);
#10823 = EDGE_CURVE('',#8734,#10824,#10826,.T.);
#10824 = VERTEX_POINT('',#10825);
#10825 = CARTESIAN_POINT('',(14.25,-0.25,4.8));
#10826 = LINE('',#10827,#10828);
#10827 = CARTESIAN_POINT('',(14.25,-0.25,-0.9));
#10828 = VECTOR('',#10829,1.);
#10829 = DIRECTION('',(0.,0.,1.));
#10830 = ORIENTED_EDGE('',*,*,#10831,.T.);
#10831 = EDGE_CURVE('',#10824,#10832,#10834,.T.);
#10832 = VERTEX_POINT('',#10833);
#10833 = CARTESIAN_POINT('',(14.25,0.25,4.8));
#10834 = LINE('',#10835,#10836);
#10835 = CARTESIAN_POINT('',(14.25,-0.25,4.8));
#10836 = VECTOR('',#10837,1.);
#10837 = DIRECTION('',(1.224646799147E-16,1.,0.));
#10838 = ORIENTED_EDGE('',*,*,#10839,.T.);
#10839 = EDGE_CURVE('',#10832,#8732,#10840,.T.);
#10840 = LINE('',#10841,#10842);
#10841 = CARTESIAN_POINT('',(14.25,0.25,5.));
#10842 = VECTOR('',#10843,1.);
#10843 = DIRECTION('',(-0.,0.,-1.));
#10844 = PLANE('',#10845);
#10845 = AXIS2_PLACEMENT_3D('',#10846,#10847,#10848);
#10846 = CARTESIAN_POINT('',(14.25,4.326643272645E-02,0.775746953017));
#10847 = DIRECTION('',(-1.,1.224646799147E-16,0.));
#10848 = DIRECTION('',(0.,0.,1.));
#10849 = ADVANCED_FACE('',(#10850),#10868,.F.);
#10850 = FACE_BOUND('',#10851,.F.);
#10851 = EDGE_LOOP('',(#10852,#10853,#10861,#10867));
#10852 = ORIENTED_EDGE('',*,*,#10839,.F.);
#10853 = ORIENTED_EDGE('',*,*,#10854,.T.);
#10854 = EDGE_CURVE('',#10832,#10855,#10857,.T.);
#10855 = VERTEX_POINT('',#10856);
#10856 = CARTESIAN_POINT('',(13.75,0.25,4.8));
#10857 = LINE('',#10858,#10859);
#10858 = CARTESIAN_POINT('',(14.25,0.25,4.8));
#10859 = VECTOR('',#10860,1.);
#10860 = DIRECTION('',(-1.,1.224646799147E-16,0.));
#10861 = ORIENTED_EDGE('',*,*,#10862,.T.);
#10862 = EDGE_CURVE('',#10855,#8750,#10863,.T.);
#10863 = LINE('',#10864,#10865);
#10864 = CARTESIAN_POINT('',(13.75,0.25,5.));
#10865 = VECTOR('',#10866,1.);
#10866 = DIRECTION('',(-0.,0.,-1.));
#10867 = ORIENTED_EDGE('',*,*,#8757,.T.);
#10868 = PLANE('',#10869);
#10869 = AXIS2_PLACEMENT_3D('',#10870,#10871,#10872);
#10870 = CARTESIAN_POINT('',(14.25,0.25,5.));
#10871 = DIRECTION('',(-1.224646799147E-16,-1.,0.));
#10872 = DIRECTION('',(-0.,0.,-1.));
#10873 = ADVANCED_FACE('',(#10874),#10892,.T.);
#10874 = FACE_BOUND('',#10875,.T.);
#10875 = EDGE_LOOP('',(#10876,#10877,#10885,#10891));
#10876 = ORIENTED_EDGE('',*,*,#8749,.T.);
#10877 = ORIENTED_EDGE('',*,*,#10878,.T.);
#10878 = EDGE_CURVE('',#8742,#10879,#10881,.T.);
#10879 = VERTEX_POINT('',#10880);
#10880 = CARTESIAN_POINT('',(13.75,-0.25,4.8));
#10881 = LINE('',#10882,#10883);
#10882 = CARTESIAN_POINT('',(13.75,-0.25,-0.9));
#10883 = VECTOR('',#10884,1.);
#10884 = DIRECTION('',(0.,0.,1.));
#10885 = ORIENTED_EDGE('',*,*,#10886,.T.);
#10886 = EDGE_CURVE('',#10879,#10855,#10887,.T.);
#10887 = LINE('',#10888,#10889);
#10888 = CARTESIAN_POINT('',(13.75,-0.25,4.8));
#10889 = VECTOR('',#10890,1.);
#10890 = DIRECTION('',(1.224646799147E-16,1.,0.));
#10891 = ORIENTED_EDGE('',*,*,#10862,.T.);
#10892 = PLANE('',#10893);
#10893 = AXIS2_PLACEMENT_3D('',#10894,#10895,#10896);
#10894 = CARTESIAN_POINT('',(13.75,4.326643272645E-02,0.775746953017));
#10895 = DIRECTION('',(-1.,1.224646799147E-16,0.));
#10896 = DIRECTION('',(0.,0.,1.));
#10897 = ADVANCED_FACE('',(#10898),#10909,.F.);
#10898 = FACE_BOUND('',#10899,.F.);
#10899 = EDGE_LOOP('',(#10900,#10901,#10902,#10903));
#10900 = ORIENTED_EDGE('',*,*,#10823,.F.);
#10901 = ORIENTED_EDGE('',*,*,#8741,.T.);
#10902 = ORIENTED_EDGE('',*,*,#10878,.T.);
#10903 = ORIENTED_EDGE('',*,*,#10904,.F.);
#10904 = EDGE_CURVE('',#10824,#10879,#10905,.T.);
#10905 = LINE('',#10906,#10907);
#10906 = CARTESIAN_POINT('',(14.25,-0.25,4.8));
#10907 = VECTOR('',#10908,1.);
#10908 = DIRECTION('',(-1.,1.224646799147E-16,0.));
#10909 = PLANE('',#10910);
#10910 = AXIS2_PLACEMENT_3D('',#10911,#10912,#10913);
#10911 = CARTESIAN_POINT('',(14.25,-0.25,-0.9));
#10912 = DIRECTION('',(1.224646799147E-16,1.,0.));
#10913 = DIRECTION('',(0.,-0.,1.));
#10914 = ADVANCED_FACE('',(#10915),#10940,.F.);
#10915 = FACE_BOUND('',#10916,.F.);
#10916 = EDGE_LOOP('',(#10917,#10918,#10926,#10934));
#10917 = ORIENTED_EDGE('',*,*,#8765,.T.);
#10918 = ORIENTED_EDGE('',*,*,#10919,.T.);
#10919 = EDGE_CURVE('',#8768,#10920,#10922,.T.);
#10920 = VERTEX_POINT('',#10921);
#10921 = CARTESIAN_POINT('',(0.25,-0.25,4.8));
#10922 = LINE('',#10923,#10924);
#10923 = CARTESIAN_POINT('',(0.25,-0.25,-0.9));
#10924 = VECTOR('',#10925,1.);
#10925 = DIRECTION('',(0.,0.,1.));
#10926 = ORIENTED_EDGE('',*,*,#10927,.T.);
#10927 = EDGE_CURVE('',#10920,#10928,#10930,.T.);
#10928 = VERTEX_POINT('',#10929);
#10929 = CARTESIAN_POINT('',(0.25,0.25,4.8));
#10930 = LINE('',#10931,#10932);
#10931 = CARTESIAN_POINT('',(0.25,-0.25,4.8));
#10932 = VECTOR('',#10933,1.);
#10933 = DIRECTION('',(1.224646799147E-16,1.,0.));
#10934 = ORIENTED_EDGE('',*,*,#10935,.T.);
#10935 = EDGE_CURVE('',#10928,#8766,#10936,.T.);
#10936 = LINE('',#10937,#10938);
#10937 = CARTESIAN_POINT('',(0.25,0.25,5.));
#10938 = VECTOR('',#10939,1.);
#10939 = DIRECTION('',(-0.,0.,-1.));
#10940 = PLANE('',#10941);
#10941 = AXIS2_PLACEMENT_3D('',#10942,#10943,#10944);
#10942 = CARTESIAN_POINT('',(0.25,4.326643272645E-02,0.775746953017));
#10943 = DIRECTION('',(-1.,1.224646799147E-16,0.));
#10944 = DIRECTION('',(0.,0.,1.));
#10945 = ADVANCED_FACE('',(#10946),#10964,.F.);
#10946 = FACE_BOUND('',#10947,.F.);
#10947 = EDGE_LOOP('',(#10948,#10949,#10957,#10963));
#10948 = ORIENTED_EDGE('',*,*,#10935,.F.);
#10949 = ORIENTED_EDGE('',*,*,#10950,.T.);
#10950 = EDGE_CURVE('',#10928,#10951,#10953,.T.);
#10951 = VERTEX_POINT('',#10952);
#10952 = CARTESIAN_POINT('',(-0.25,0.25,4.8));
#10953 = LINE('',#10954,#10955);
#10954 = CARTESIAN_POINT('',(0.25,0.25,4.8));
#10955 = VECTOR('',#10956,1.);
#10956 = DIRECTION('',(-1.,1.224646799147E-16,0.));
#10957 = ORIENTED_EDGE('',*,*,#10958,.T.);
#10958 = EDGE_CURVE('',#10951,#8784,#10959,.T.);
#10959 = LINE('',#10960,#10961);
#10960 = CARTESIAN_POINT('',(-0.25,0.25,5.));
#10961 = VECTOR('',#10962,1.);
#10962 = DIRECTION('',(-0.,0.,-1.));
#10963 = ORIENTED_EDGE('',*,*,#8791,.T.);
#10964 = PLANE('',#10965);
#10965 = AXIS2_PLACEMENT_3D('',#10966,#10967,#10968);
#10966 = CARTESIAN_POINT('',(0.25,0.25,5.));
#10967 = DIRECTION('',(-1.224646799147E-16,-1.,0.));
#10968 = DIRECTION('',(-0.,0.,-1.));
#10969 = ADVANCED_FACE('',(#10970),#10988,.T.);
#10970 = FACE_BOUND('',#10971,.T.);
#10971 = EDGE_LOOP('',(#10972,#10973,#10981,#10987));
#10972 = ORIENTED_EDGE('',*,*,#8783,.T.);
#10973 = ORIENTED_EDGE('',*,*,#10974,.T.);
#10974 = EDGE_CURVE('',#8776,#10975,#10977,.T.);
#10975 = VERTEX_POINT('',#10976);
#10976 = CARTESIAN_POINT('',(-0.25,-0.25,4.8));
#10977 = LINE('',#10978,#10979);
#10978 = CARTESIAN_POINT('',(-0.25,-0.25,-0.9));
#10979 = VECTOR('',#10980,1.);
#10980 = DIRECTION('',(0.,0.,1.));
#10981 = ORIENTED_EDGE('',*,*,#10982,.T.);
#10982 = EDGE_CURVE('',#10975,#10951,#10983,.T.);
#10983 = LINE('',#10984,#10985);
#10984 = CARTESIAN_POINT('',(-0.25,-0.25,4.8));
#10985 = VECTOR('',#10986,1.);
#10986 = DIRECTION('',(1.224646799147E-16,1.,0.));
#10987 = ORIENTED_EDGE('',*,*,#10958,.T.);
#10988 = PLANE('',#10989);
#10989 = AXIS2_PLACEMENT_3D('',#10990,#10991,#10992);
#10990 = CARTESIAN_POINT('',(-0.25,4.326643272645E-02,0.775746953017));
#10991 = DIRECTION('',(-1.,1.224646799147E-16,0.));
#10992 = DIRECTION('',(0.,0.,1.));
#10993 = ADVANCED_FACE('',(#10994),#11005,.F.);
#10994 = FACE_BOUND('',#10995,.F.);
#10995 = EDGE_LOOP('',(#10996,#10997,#10998,#10999));
#10996 = ORIENTED_EDGE('',*,*,#10919,.F.);
#10997 = ORIENTED_EDGE('',*,*,#8775,.T.);
#10998 = ORIENTED_EDGE('',*,*,#10974,.T.);
#10999 = ORIENTED_EDGE('',*,*,#11000,.F.);
#11000 = EDGE_CURVE('',#10920,#10975,#11001,.T.);
#11001 = LINE('',#11002,#11003);
#11002 = CARTESIAN_POINT('',(0.25,-0.25,4.8));
#11003 = VECTOR('',#11004,1.);
#11004 = DIRECTION('',(-1.,1.224646799147E-16,0.));
#11005 = PLANE('',#11006);
#11006 = AXIS2_PLACEMENT_3D('',#11007,#11008,#11009);
#11007 = CARTESIAN_POINT('',(0.25,-0.25,-0.9));
#11008 = DIRECTION('',(1.224646799147E-16,1.,0.));
#11009 = DIRECTION('',(0.,-0.,1.));
#11010 = ADVANCED_FACE('',(#11011),#11052,.T.);
#11011 = FACE_BOUND('',#11012,.F.);
#11012 = EDGE_LOOP('',(#11013,#11023,#11031,#11039,#11045,#11046));
#11013 = ORIENTED_EDGE('',*,*,#11014,.F.);
#11014 = EDGE_CURVE('',#11015,#11017,#11019,.T.);
#11015 = VERTEX_POINT('',#11016);
#11016 = CARTESIAN_POINT('',(5.E-02,5.E-02,-3.4));
#11017 = VERTEX_POINT('',#11018);
#11018 = CARTESIAN_POINT('',(0.247552593066,0.281192514695,
    -3.202447406934));
#11019 = LINE('',#11020,#11021);
#11020 = CARTESIAN_POINT('',(0.17881689775,0.200752273427,-3.27118310225
    ));
#11021 = VECTOR('',#11022,1.);
#11022 = DIRECTION('',(0.544770019249,0.63753529491,0.544770019249));
#11023 = ORIENTED_EDGE('',*,*,#11024,.T.);
#11024 = EDGE_CURVE('',#11015,#11025,#11027,.T.);
#11025 = VERTEX_POINT('',#11026);
#11026 = CARTESIAN_POINT('',(5.E-02,-5.E-02,-3.4));
#11027 = LINE('',#11028,#11029);
#11028 = CARTESIAN_POINT('',(5.E-02,0.25,-3.4));
#11029 = VECTOR('',#11030,1.);
#11030 = DIRECTION('',(-1.224646799147E-16,-1.,0.));
#11031 = ORIENTED_EDGE('',*,*,#11032,.T.);
#11032 = EDGE_CURVE('',#11025,#11033,#11035,.T.);
#11033 = VERTEX_POINT('',#11034);
#11034 = CARTESIAN_POINT('',(0.247552593066,-0.218807485305,
    -3.202447406934));
#11035 = LINE('',#11036,#11037);
#11036 = CARTESIAN_POINT('',(0.107606629418,-9.92245133213E-02,
    -3.342393370582));
#11037 = VECTOR('',#11038,1.);
#11038 = DIRECTION('',(0.605209817607,-0.517148096144,0.605209817607));
#11039 = ORIENTED_EDGE('',*,*,#11040,.T.);
#11040 = EDGE_CURVE('',#11033,#9263,#11041,.T.);
#11041 = LINE('',#11042,#11043);
#11042 = CARTESIAN_POINT('',(0.168262653899,-0.231326949384,
    -3.281737346101));
#11043 = VECTOR('',#11044,1.);
#11044 = DIRECTION('',(0.702740385383,0.110959008218,0.702740385383));
#11045 = ORIENTED_EDGE('',*,*,#9260,.F.);
#11046 = ORIENTED_EDGE('',*,*,#11047,.F.);
#11047 = EDGE_CURVE('',#11017,#9261,#11048,.T.);
#11048 = LINE('',#11049,#11050);
#11049 = CARTESIAN_POINT('',(0.629616963064,0.341518467852,
    -2.820383036936));
#11050 = VECTOR('',#11051,1.);
#11051 = DIRECTION('',(0.702740385383,0.110959008218,0.702740385383));
#11052 = PLANE('',#11053);
#11053 = AXIS2_PLACEMENT_3D('',#11054,#11055,#11056);
#11054 = CARTESIAN_POINT('',(0.15,0.25,-3.3));
#11055 = DIRECTION('',(0.707106781187,-8.486018839685E-17,
    -0.707106781187));
#11056 = DIRECTION('',(1.212375546256E-16,1.,1.227125289196E-18));
#11057 = ADVANCED_FACE('',(#11058),#11083,.F.);
#11058 = FACE_BOUND('',#11059,.F.);
#11059 = EDGE_LOOP('',(#11060,#11061,#11067,#11068,#11076,#11082));
#11060 = ORIENTED_EDGE('',*,*,#9309,.F.);
#11061 = ORIENTED_EDGE('',*,*,#11062,.T.);
#11062 = EDGE_CURVE('',#9302,#9382,#11063,.T.);
#11063 = LINE('',#11064,#11065);
#11064 = CARTESIAN_POINT('',(0.25,0.55,-1.5));
#11065 = VECTOR('',#11066,1.);
#11066 = DIRECTION('',(-1.,1.224646799147E-16,0.));
#11067 = ORIENTED_EDGE('',*,*,#9389,.T.);
#11068 = ORIENTED_EDGE('',*,*,#11069,.F.);
#11069 = EDGE_CURVE('',#11070,#9348,#11072,.T.);
#11070 = VERTEX_POINT('',#11071);
#11071 = CARTESIAN_POINT('',(-0.247552593066,0.281192514695,
    -3.202447406934));
#11072 = LINE('',#11073,#11074);
#11073 = CARTESIAN_POINT('',(-0.506155950752,0.322024623803,
    -2.943844049248));
#11074 = VECTOR('',#11075,1.);
#11075 = DIRECTION('',(-0.702740385383,0.110959008218,0.702740385383));
#11076 = ORIENTED_EDGE('',*,*,#11077,.F.);
#11077 = EDGE_CURVE('',#11017,#11070,#11078,.T.);
#11078 = LINE('',#11079,#11080);
#11079 = CARTESIAN_POINT('',(0.25,0.281192514695,-3.202447406934));
#11080 = VECTOR('',#11081,1.);
#11081 = DIRECTION('',(-1.,1.224646799147E-16,0.));
#11082 = ORIENTED_EDGE('',*,*,#11047,.T.);
#11083 = PLANE('',#11084);
#11084 = AXIS2_PLACEMENT_3D('',#11085,#11086,#11087);
#11085 = CARTESIAN_POINT('',(0.25,0.55,-1.5));
#11086 = DIRECTION('',(-1.209660753807E-16,-0.987762965329,
    0.155962573473));
#11087 = DIRECTION('',(-1.909990663905E-17,-0.155962573473,
    -0.987762965329));
#11088 = ADVANCED_FACE('',(#11089),#11095,.F.);
#11089 = FACE_BOUND('',#11090,.F.);
#11090 = EDGE_LOOP('',(#11091,#11092,#11093,#11094));
#11091 = ORIENTED_EDGE('',*,*,#9333,.T.);
#11092 = ORIENTED_EDGE('',*,*,#9381,.T.);
#11093 = ORIENTED_EDGE('',*,*,#11062,.F.);
#11094 = ORIENTED_EDGE('',*,*,#9301,.F.);
#11095 = PLANE('',#11096);
#11096 = AXIS2_PLACEMENT_3D('',#11097,#11098,#11099);
#11097 = CARTESIAN_POINT('',(0.25,0.25,-0.9));
#11098 = DIRECTION('',(-1.095357396528E-16,-0.894427191,-0.4472135955));
#11099 = DIRECTION('',(5.476786982641E-17,0.4472135955,-0.894427191));
#11100 = ADVANCED_FACE('',(#11101),#11112,.F.);
#11101 = FACE_BOUND('',#11102,.F.);
#11102 = EDGE_LOOP('',(#11103,#11109,#11110,#11111));
#11103 = ORIENTED_EDGE('',*,*,#11104,.T.);
#11104 = EDGE_CURVE('',#9271,#9358,#11105,.T.);
#11105 = LINE('',#11106,#11107);
#11106 = CARTESIAN_POINT('',(0.25,5.E-02,-1.5));
#11107 = VECTOR('',#11108,1.);
#11108 = DIRECTION('',(-1.,1.224646799147E-16,0.));
#11109 = ORIENTED_EDGE('',*,*,#9365,.T.);
#11110 = ORIENTED_EDGE('',*,*,#9404,.F.);
#11111 = ORIENTED_EDGE('',*,*,#9278,.F.);
#11112 = PLANE('',#11113);
#11113 = AXIS2_PLACEMENT_3D('',#11114,#11115,#11116);
#11114 = CARTESIAN_POINT('',(0.25,5.E-02,-1.5));
#11115 = DIRECTION('',(1.095357396528E-16,0.894427191,0.4472135955));
#11116 = DIRECTION('',(-5.476786982641E-17,-0.4472135955,0.894427191));
#11117 = ADVANCED_FACE('',(#11118),#11138,.F.);
#11118 = FACE_BOUND('',#11119,.F.);
#11119 = EDGE_LOOP('',(#11120,#11121,#11122,#11130,#11136,#11137));
#11120 = ORIENTED_EDGE('',*,*,#9270,.F.);
#11121 = ORIENTED_EDGE('',*,*,#11040,.F.);
#11122 = ORIENTED_EDGE('',*,*,#11123,.T.);
#11123 = EDGE_CURVE('',#11033,#11124,#11126,.T.);
#11124 = VERTEX_POINT('',#11125);
#11125 = CARTESIAN_POINT('',(-0.247552593066,-0.218807485305,
    -3.202447406934));
#11126 = LINE('',#11127,#11128);
#11127 = CARTESIAN_POINT('',(0.25,-0.218807485305,-3.202447406934));
#11128 = VECTOR('',#11129,1.);
#11129 = DIRECTION('',(-1.,1.224646799147E-16,0.));
#11130 = ORIENTED_EDGE('',*,*,#11131,.T.);
#11131 = EDGE_CURVE('',#11124,#9350,#11132,.T.);
#11132 = LINE('',#11133,#11134);
#11133 = CARTESIAN_POINT('',(-4.480164158687E-02,-0.250820793434,
    -3.405198358413));
#11134 = VECTOR('',#11135,1.);
#11135 = DIRECTION('',(-0.702740385383,0.110959008218,0.702740385383));
#11136 = ORIENTED_EDGE('',*,*,#9357,.T.);
#11137 = ORIENTED_EDGE('',*,*,#11104,.F.);
#11138 = PLANE('',#11139);
#11139 = AXIS2_PLACEMENT_3D('',#11140,#11141,#11142);
#11140 = CARTESIAN_POINT('',(0.25,-0.25,-3.4));
#11141 = DIRECTION('',(1.209660753807E-16,0.987762965329,-0.155962573473
    ));
#11142 = DIRECTION('',(1.909990663905E-17,0.155962573473,0.987762965329)
  );
#11143 = ADVANCED_FACE('',(#11144),#11171,.F.);
#11144 = FACE_BOUND('',#11145,.T.);
#11145 = EDGE_LOOP('',(#11146,#11154,#11155,#11156,#11157,#11165));
#11146 = ORIENTED_EDGE('',*,*,#11147,.T.);
#11147 = EDGE_CURVE('',#11148,#11124,#11150,.T.);
#11148 = VERTEX_POINT('',#11149);
#11149 = CARTESIAN_POINT('',(-5.E-02,-5.E-02,-3.4));
#11150 = LINE('',#11151,#11152);
#11151 = CARTESIAN_POINT('',(-1.603689858649E-02,-2.097873708559E-02,
    -3.433963101414));
#11152 = VECTOR('',#11153,1.);
#11153 = DIRECTION('',(-0.605209817607,-0.517148096144,0.605209817607));
#11154 = ORIENTED_EDGE('',*,*,#11131,.T.);
#11155 = ORIENTED_EDGE('',*,*,#9347,.F.);
#11156 = ORIENTED_EDGE('',*,*,#11069,.F.);
#11157 = ORIENTED_EDGE('',*,*,#11158,.F.);
#11158 = EDGE_CURVE('',#11159,#11070,#11161,.T.);
#11159 = VERTEX_POINT('',#11160);
#11160 = CARTESIAN_POINT('',(-5.E-02,5.E-02,-3.4));
#11161 = LINE('',#11162,#11163);
#11162 = CARTESIAN_POINT('',(-0.104623304282,0.113924744707,
    -3.345376695718));
#11163 = VECTOR('',#11164,1.);
#11164 = DIRECTION('',(-0.544770019249,0.63753529491,0.544770019249));
#11165 = ORIENTED_EDGE('',*,*,#11166,.T.);
#11166 = EDGE_CURVE('',#11159,#11148,#11167,.T.);
#11167 = LINE('',#11168,#11169);
#11168 = CARTESIAN_POINT('',(-5.E-02,0.25,-3.4));
#11169 = VECTOR('',#11170,1.);
#11170 = DIRECTION('',(-1.224646799147E-16,-1.,0.));
#11171 = PLANE('',#11172);
#11172 = AXIS2_PLACEMENT_3D('',#11173,#11174,#11175);
#11173 = CARTESIAN_POINT('',(-0.15,0.25,-3.3));
#11174 = DIRECTION('',(0.707106781187,-8.833102285013E-17,0.707106781187
    ));
#11175 = DIRECTION('',(1.236918052038E-16,1.,1.227125289097E-18));
#11176 = ADVANCED_FACE('',(#11177),#11202,.F.);
#11177 = FACE_BOUND('',#11178,.T.);
#11178 = EDGE_LOOP('',(#11179,#11187,#11195,#11201));
#11179 = ORIENTED_EDGE('',*,*,#11180,.F.);
#11180 = EDGE_CURVE('',#11181,#9421,#11183,.T.);
#11181 = VERTEX_POINT('',#11182);
#11182 = CARTESIAN_POINT('',(1.95,5.E-02,-3.4));
#11183 = LINE('',#11184,#11185);
#11184 = CARTESIAN_POINT('',(1.9,0.1,-3.35));
#11185 = VECTOR('',#11186,1.);
#11186 = DIRECTION('',(-0.57735026919,0.57735026919,0.57735026919));
#11187 = ORIENTED_EDGE('',*,*,#11188,.T.);
#11188 = EDGE_CURVE('',#11181,#11189,#11191,.T.);
#11189 = VERTEX_POINT('',#11190);
#11190 = CARTESIAN_POINT('',(1.95,-5.E-02,-3.4));
#11191 = LINE('',#11192,#11193);
#11192 = CARTESIAN_POINT('',(1.95,0.25,-3.4));
#11193 = VECTOR('',#11194,1.);
#11194 = DIRECTION('',(-1.224646799147E-16,-1.,0.));
#11195 = ORIENTED_EDGE('',*,*,#11196,.T.);
#11196 = EDGE_CURVE('',#11189,#9423,#11197,.T.);
#11197 = LINE('',#11198,#11199);
#11198 = CARTESIAN_POINT('',(1.983333333333,-1.666666666667E-02,
    -3.433333333333));
#11199 = VECTOR('',#11200,1.);
#11200 = DIRECTION('',(-0.57735026919,-0.57735026919,0.57735026919));
#11201 = ORIENTED_EDGE('',*,*,#9420,.F.);
#11202 = PLANE('',#11203);
#11203 = AXIS2_PLACEMENT_3D('',#11204,#11205,#11206);
#11204 = CARTESIAN_POINT('',(1.85,0.25,-3.3));
#11205 = DIRECTION('',(0.707106781187,-8.833102285013E-17,0.707106781187
    ));
#11206 = DIRECTION('',(1.236918052038E-16,1.,1.227125289097E-18));
#11207 = ADVANCED_FACE('',(#11208),#11226,.T.);
#11208 = FACE_BOUND('',#11209,.F.);
#11209 = EDGE_LOOP('',(#11210,#11218,#11224,#11225));
#11210 = ORIENTED_EDGE('',*,*,#11211,.F.);
#11211 = EDGE_CURVE('',#11212,#9452,#11214,.T.);
#11212 = VERTEX_POINT('',#11213);
#11213 = CARTESIAN_POINT('',(2.05,-5.E-02,-3.4));
#11214 = LINE('',#11215,#11216);
#11215 = CARTESIAN_POINT('',(2.1,-0.1,-3.35));
#11216 = VECTOR('',#11217,1.);
#11217 = DIRECTION('',(0.57735026919,-0.57735026919,0.57735026919));
#11218 = ORIENTED_EDGE('',*,*,#11219,.T.);
#11219 = EDGE_CURVE('',#11212,#11189,#11220,.T.);
#11220 = LINE('',#11221,#11222);
#11221 = CARTESIAN_POINT('',(2.25,-5.E-02,-3.4));
#11222 = VECTOR('',#11223,1.);
#11223 = DIRECTION('',(-1.,1.224646799147E-16,0.));
#11224 = ORIENTED_EDGE('',*,*,#11196,.T.);
#11225 = ORIENTED_EDGE('',*,*,#9459,.F.);
#11226 = PLANE('',#11227);
#11227 = AXIS2_PLACEMENT_3D('',#11228,#11229,#11230);
#11228 = CARTESIAN_POINT('',(2.25,-0.15,-3.3));
#11229 = DIRECTION('',(-8.486018839685E-17,-0.707106781187,
    -0.707106781187));
#11230 = DIRECTION('',(1.,-1.212375546256E-16,1.227125289196E-18));
#11231 = ADVANCED_FACE('',(#11232),#11250,.T.);
#11232 = FACE_BOUND('',#11233,.F.);
#11233 = EDGE_LOOP('',(#11234,#11242,#11248,#11249));
#11234 = ORIENTED_EDGE('',*,*,#11235,.F.);
#11235 = EDGE_CURVE('',#11236,#9476,#11238,.T.);
#11236 = VERTEX_POINT('',#11237);
#11237 = CARTESIAN_POINT('',(2.05,5.E-02,-3.4));
#11238 = LINE('',#11239,#11240);
#11239 = CARTESIAN_POINT('',(2.183333333333,0.183333333333,
    -3.266666666667));
#11240 = VECTOR('',#11241,1.);
#11241 = DIRECTION('',(0.57735026919,0.57735026919,0.57735026919));
#11242 = ORIENTED_EDGE('',*,*,#11243,.T.);
#11243 = EDGE_CURVE('',#11236,#11212,#11244,.T.);
#11244 = LINE('',#11245,#11246);
#11245 = CARTESIAN_POINT('',(2.05,0.25,-3.4));
#11246 = VECTOR('',#11247,1.);
#11247 = DIRECTION('',(-1.224646799147E-16,-1.,0.));
#11248 = ORIENTED_EDGE('',*,*,#11211,.T.);
#11249 = ORIENTED_EDGE('',*,*,#9475,.F.);
#11250 = PLANE('',#11251);
#11251 = AXIS2_PLACEMENT_3D('',#11252,#11253,#11254);
#11252 = CARTESIAN_POINT('',(2.15,0.25,-3.3));
#11253 = DIRECTION('',(0.707106781187,-8.486018839685E-17,
    -0.707106781187));
#11254 = DIRECTION('',(1.212375546256E-16,1.,1.227125289196E-18));
#11255 = ADVANCED_FACE('',(#11256),#11267,.T.);
#11256 = FACE_BOUND('',#11257,.T.);
#11257 = EDGE_LOOP('',(#11258,#11259,#11265,#11266));
#11258 = ORIENTED_EDGE('',*,*,#11235,.F.);
#11259 = ORIENTED_EDGE('',*,*,#11260,.T.);
#11260 = EDGE_CURVE('',#11236,#11181,#11261,.T.);
#11261 = LINE('',#11262,#11263);
#11262 = CARTESIAN_POINT('',(2.25,5.E-02,-3.4));
#11263 = VECTOR('',#11264,1.);
#11264 = DIRECTION('',(-1.,1.224646799147E-16,0.));
#11265 = ORIENTED_EDGE('',*,*,#11180,.T.);
#11266 = ORIENTED_EDGE('',*,*,#9502,.F.);
#11267 = PLANE('',#11268);
#11268 = AXIS2_PLACEMENT_3D('',#11269,#11270,#11271);
#11269 = CARTESIAN_POINT('',(2.25,0.15,-3.3));
#11270 = DIRECTION('',(8.486018839685E-17,0.707106781187,-0.707106781187
    ));
#11271 = DIRECTION('',(-1.,1.212375546256E-16,1.227125289196E-18));
#11272 = ADVANCED_FACE('',(#11273),#11298,.T.);
#11273 = FACE_BOUND('',#11274,.F.);
#11274 = EDGE_LOOP('',(#11275,#11283,#11291,#11297));
#11275 = ORIENTED_EDGE('',*,*,#11276,.F.);
#11276 = EDGE_CURVE('',#11277,#9517,#11279,.T.);
#11277 = VERTEX_POINT('',#11278);
#11278 = CARTESIAN_POINT('',(4.05,5.E-02,-3.4));
#11279 = LINE('',#11280,#11281);
#11280 = CARTESIAN_POINT('',(4.183333333333,0.183333333333,
    -3.266666666667));
#11281 = VECTOR('',#11282,1.);
#11282 = DIRECTION('',(0.57735026919,0.57735026919,0.57735026919));
#11283 = ORIENTED_EDGE('',*,*,#11284,.T.);
#11284 = EDGE_CURVE('',#11277,#11285,#11287,.T.);
#11285 = VERTEX_POINT('',#11286);
#11286 = CARTESIAN_POINT('',(4.05,-5.E-02,-3.4));
#11287 = LINE('',#11288,#11289);
#11288 = CARTESIAN_POINT('',(4.05,0.25,-3.4));
#11289 = VECTOR('',#11290,1.);
#11290 = DIRECTION('',(-1.224646799147E-16,-1.,0.));
#11291 = ORIENTED_EDGE('',*,*,#11292,.T.);
#11292 = EDGE_CURVE('',#11285,#9519,#11293,.T.);
#11293 = LINE('',#11294,#11295);
#11294 = CARTESIAN_POINT('',(4.1,-0.1,-3.35));
#11295 = VECTOR('',#11296,1.);
#11296 = DIRECTION('',(0.57735026919,-0.57735026919,0.57735026919));
#11297 = ORIENTED_EDGE('',*,*,#9516,.F.);
#11298 = PLANE('',#11299);
#11299 = AXIS2_PLACEMENT_3D('',#11300,#11301,#11302);
#11300 = CARTESIAN_POINT('',(4.15,0.25,-3.3));
#11301 = DIRECTION('',(0.707106781187,-8.486018839685E-17,
    -0.707106781187));
#11302 = DIRECTION('',(1.212375546256E-16,1.,1.227125289196E-18));
#11303 = ADVANCED_FACE('',(#11304),#11322,.T.);
#11304 = FACE_BOUND('',#11305,.T.);
#11305 = EDGE_LOOP('',(#11306,#11307,#11315,#11321));
#11306 = ORIENTED_EDGE('',*,*,#11276,.F.);
#11307 = ORIENTED_EDGE('',*,*,#11308,.T.);
#11308 = EDGE_CURVE('',#11277,#11309,#11311,.T.);
#11309 = VERTEX_POINT('',#11310);
#11310 = CARTESIAN_POINT('',(3.95,5.E-02,-3.4));
#11311 = LINE('',#11312,#11313);
#11312 = CARTESIAN_POINT('',(4.25,5.E-02,-3.4));
#11313 = VECTOR('',#11314,1.);
#11314 = DIRECTION('',(-1.,1.224646799147E-16,0.));
#11315 = ORIENTED_EDGE('',*,*,#11316,.T.);
#11316 = EDGE_CURVE('',#11309,#9550,#11317,.T.);
#11317 = LINE('',#11318,#11319);
#11318 = CARTESIAN_POINT('',(3.9,0.1,-3.35));
#11319 = VECTOR('',#11320,1.);
#11320 = DIRECTION('',(-0.57735026919,0.57735026919,0.57735026919));
#11321 = ORIENTED_EDGE('',*,*,#9557,.F.);
#11322 = PLANE('',#11323);
#11323 = AXIS2_PLACEMENT_3D('',#11324,#11325,#11326);
#11324 = CARTESIAN_POINT('',(4.25,0.15,-3.3));
#11325 = DIRECTION('',(8.486018839685E-17,0.707106781187,-0.707106781187
    ));
#11326 = DIRECTION('',(-1.,1.212375546256E-16,1.227125289196E-18));
#11327 = ADVANCED_FACE('',(#11328),#11346,.F.);
#11328 = FACE_BOUND('',#11329,.T.);
#11329 = EDGE_LOOP('',(#11330,#11331,#11339,#11345));
#11330 = ORIENTED_EDGE('',*,*,#11316,.F.);
#11331 = ORIENTED_EDGE('',*,*,#11332,.T.);
#11332 = EDGE_CURVE('',#11309,#11333,#11335,.T.);
#11333 = VERTEX_POINT('',#11334);
#11334 = CARTESIAN_POINT('',(3.95,-5.E-02,-3.4));
#11335 = LINE('',#11336,#11337);
#11336 = CARTESIAN_POINT('',(3.95,0.25,-3.4));
#11337 = VECTOR('',#11338,1.);
#11338 = DIRECTION('',(-1.224646799147E-16,-1.,0.));
#11339 = ORIENTED_EDGE('',*,*,#11340,.T.);
#11340 = EDGE_CURVE('',#11333,#9572,#11341,.T.);
#11341 = LINE('',#11342,#11343);
#11342 = CARTESIAN_POINT('',(3.983333333333,-1.666666666667E-02,
    -3.433333333333));
#11343 = VECTOR('',#11344,1.);
#11344 = DIRECTION('',(-0.57735026919,-0.57735026919,0.57735026919));
#11345 = ORIENTED_EDGE('',*,*,#9571,.F.);
#11346 = PLANE('',#11347);
#11347 = AXIS2_PLACEMENT_3D('',#11348,#11349,#11350);
#11348 = CARTESIAN_POINT('',(3.85,0.25,-3.3));
#11349 = DIRECTION('',(0.707106781187,-8.833102285013E-17,0.707106781187
    ));
#11350 = DIRECTION('',(1.236918052038E-16,1.,1.227125289097E-18));
#11351 = ADVANCED_FACE('',(#11352),#11363,.T.);
#11352 = FACE_BOUND('',#11353,.F.);
#11353 = EDGE_LOOP('',(#11354,#11355,#11361,#11362));
#11354 = ORIENTED_EDGE('',*,*,#11292,.F.);
#11355 = ORIENTED_EDGE('',*,*,#11356,.T.);
#11356 = EDGE_CURVE('',#11285,#11333,#11357,.T.);
#11357 = LINE('',#11358,#11359);
#11358 = CARTESIAN_POINT('',(4.25,-5.E-02,-3.4));
#11359 = VECTOR('',#11360,1.);
#11360 = DIRECTION('',(-1.,1.224646799147E-16,0.));
#11361 = ORIENTED_EDGE('',*,*,#11340,.T.);
#11362 = ORIENTED_EDGE('',*,*,#9596,.F.);
#11363 = PLANE('',#11364);
#11364 = AXIS2_PLACEMENT_3D('',#11365,#11366,#11367);
#11365 = CARTESIAN_POINT('',(4.25,-0.15,-3.3));
#11366 = DIRECTION('',(-8.486018839685E-17,-0.707106781187,
    -0.707106781187));
#11367 = DIRECTION('',(1.,-1.212375546256E-16,1.227125289196E-18));
#11368 = ADVANCED_FACE('',(#11369),#11394,.F.);
#11369 = FACE_BOUND('',#11370,.T.);
#11370 = EDGE_LOOP('',(#11371,#11379,#11387,#11393));
#11371 = ORIENTED_EDGE('',*,*,#11372,.F.);
#11372 = EDGE_CURVE('',#11373,#9613,#11375,.T.);
#11373 = VERTEX_POINT('',#11374);
#11374 = CARTESIAN_POINT('',(5.95,5.E-02,-3.4));
#11375 = LINE('',#11376,#11377);
#11376 = CARTESIAN_POINT('',(5.9,0.1,-3.35));
#11377 = VECTOR('',#11378,1.);
#11378 = DIRECTION('',(-0.57735026919,0.57735026919,0.57735026919));
#11379 = ORIENTED_EDGE('',*,*,#11380,.T.);
#11380 = EDGE_CURVE('',#11373,#11381,#11383,.T.);
#11381 = VERTEX_POINT('',#11382);
#11382 = CARTESIAN_POINT('',(5.95,-5.E-02,-3.4));
#11383 = LINE('',#11384,#11385);
#11384 = CARTESIAN_POINT('',(5.95,0.25,-3.4));
#11385 = VECTOR('',#11386,1.);
#11386 = DIRECTION('',(-1.224646799147E-16,-1.,0.));
#11387 = ORIENTED_EDGE('',*,*,#11388,.T.);
#11388 = EDGE_CURVE('',#11381,#9615,#11389,.T.);
#11389 = LINE('',#11390,#11391);
#11390 = CARTESIAN_POINT('',(5.983333333333,-1.666666666667E-02,
    -3.433333333333));
#11391 = VECTOR('',#11392,1.);
#11392 = DIRECTION('',(-0.57735026919,-0.57735026919,0.57735026919));
#11393 = ORIENTED_EDGE('',*,*,#9612,.F.);
#11394 = PLANE('',#11395);
#11395 = AXIS2_PLACEMENT_3D('',#11396,#11397,#11398);
#11396 = CARTESIAN_POINT('',(5.85,0.25,-3.3));
#11397 = DIRECTION('',(0.707106781187,-8.833102285013E-17,0.707106781187
    ));
#11398 = DIRECTION('',(1.236918052038E-16,1.,1.227125289097E-18));
#11399 = ADVANCED_FACE('',(#11400),#11418,.T.);
#11400 = FACE_BOUND('',#11401,.F.);
#11401 = EDGE_LOOP('',(#11402,#11410,#11416,#11417));
#11402 = ORIENTED_EDGE('',*,*,#11403,.F.);
#11403 = EDGE_CURVE('',#11404,#9644,#11406,.T.);
#11404 = VERTEX_POINT('',#11405);
#11405 = CARTESIAN_POINT('',(6.05,-5.E-02,-3.4));
#11406 = LINE('',#11407,#11408);
#11407 = CARTESIAN_POINT('',(6.1,-0.1,-3.35));
#11408 = VECTOR('',#11409,1.);
#11409 = DIRECTION('',(0.57735026919,-0.57735026919,0.57735026919));
#11410 = ORIENTED_EDGE('',*,*,#11411,.T.);
#11411 = EDGE_CURVE('',#11404,#11381,#11412,.T.);
#11412 = LINE('',#11413,#11414);
#11413 = CARTESIAN_POINT('',(6.25,-5.E-02,-3.4));
#11414 = VECTOR('',#11415,1.);
#11415 = DIRECTION('',(-1.,1.224646799147E-16,0.));
#11416 = ORIENTED_EDGE('',*,*,#11388,.T.);
#11417 = ORIENTED_EDGE('',*,*,#9651,.F.);
#11418 = PLANE('',#11419);
#11419 = AXIS2_PLACEMENT_3D('',#11420,#11421,#11422);
#11420 = CARTESIAN_POINT('',(6.25,-0.15,-3.3));
#11421 = DIRECTION('',(-8.486018839685E-17,-0.707106781187,
    -0.707106781187));
#11422 = DIRECTION('',(1.,-1.212375546256E-16,1.227125289196E-18));
#11423 = ADVANCED_FACE('',(#11424),#11442,.T.);
#11424 = FACE_BOUND('',#11425,.F.);
#11425 = EDGE_LOOP('',(#11426,#11434,#11440,#11441));
#11426 = ORIENTED_EDGE('',*,*,#11427,.F.);
#11427 = EDGE_CURVE('',#11428,#9668,#11430,.T.);
#11428 = VERTEX_POINT('',#11429);
#11429 = CARTESIAN_POINT('',(6.05,5.E-02,-3.4));
#11430 = LINE('',#11431,#11432);
#11431 = CARTESIAN_POINT('',(6.183333333333,0.183333333333,
    -3.266666666667));
#11432 = VECTOR('',#11433,1.);
#11433 = DIRECTION('',(0.57735026919,0.57735026919,0.57735026919));
#11434 = ORIENTED_EDGE('',*,*,#11435,.T.);
#11435 = EDGE_CURVE('',#11428,#11404,#11436,.T.);
#11436 = LINE('',#11437,#11438);
#11437 = CARTESIAN_POINT('',(6.05,0.25,-3.4));
#11438 = VECTOR('',#11439,1.);
#11439 = DIRECTION('',(-1.224646799147E-16,-1.,0.));
#11440 = ORIENTED_EDGE('',*,*,#11403,.T.);
#11441 = ORIENTED_EDGE('',*,*,#9667,.F.);
#11442 = PLANE('',#11443);
#11443 = AXIS2_PLACEMENT_3D('',#11444,#11445,#11446);
#11444 = CARTESIAN_POINT('',(6.15,0.25,-3.3));
#11445 = DIRECTION('',(0.707106781187,-8.486018839685E-17,
    -0.707106781187));
#11446 = DIRECTION('',(1.212375546256E-16,1.,1.227125289196E-18));
#11447 = ADVANCED_FACE('',(#11448),#11459,.T.);
#11448 = FACE_BOUND('',#11449,.T.);
#11449 = EDGE_LOOP('',(#11450,#11451,#11457,#11458));
#11450 = ORIENTED_EDGE('',*,*,#11427,.F.);
#11451 = ORIENTED_EDGE('',*,*,#11452,.T.);
#11452 = EDGE_CURVE('',#11428,#11373,#11453,.T.);
#11453 = LINE('',#11454,#11455);
#11454 = CARTESIAN_POINT('',(6.25,5.E-02,-3.4));
#11455 = VECTOR('',#11456,1.);
#11456 = DIRECTION('',(-1.,1.224646799147E-16,0.));
#11457 = ORIENTED_EDGE('',*,*,#11372,.T.);
#11458 = ORIENTED_EDGE('',*,*,#9694,.F.);
#11459 = PLANE('',#11460);
#11460 = AXIS2_PLACEMENT_3D('',#11461,#11462,#11463);
#11461 = CARTESIAN_POINT('',(6.25,0.15,-3.3));
#11462 = DIRECTION('',(8.486018839685E-17,0.707106781187,-0.707106781187
    ));
#11463 = DIRECTION('',(-1.,1.212375546256E-16,1.227125289196E-18));
#11464 = ADVANCED_FACE('',(#11465),#11490,.F.);
#11465 = FACE_BOUND('',#11466,.T.);
#11466 = EDGE_LOOP('',(#11467,#11475,#11483,#11489));
#11467 = ORIENTED_EDGE('',*,*,#11468,.F.);
#11468 = EDGE_CURVE('',#11469,#9709,#11471,.T.);
#11469 = VERTEX_POINT('',#11470);
#11470 = CARTESIAN_POINT('',(7.95,5.E-02,-3.4));
#11471 = LINE('',#11472,#11473);
#11472 = CARTESIAN_POINT('',(7.9,0.1,-3.35));
#11473 = VECTOR('',#11474,1.);
#11474 = DIRECTION('',(-0.57735026919,0.57735026919,0.57735026919));
#11475 = ORIENTED_EDGE('',*,*,#11476,.T.);
#11476 = EDGE_CURVE('',#11469,#11477,#11479,.T.);
#11477 = VERTEX_POINT('',#11478);
#11478 = CARTESIAN_POINT('',(7.95,-5.E-02,-3.4));
#11479 = LINE('',#11480,#11481);
#11480 = CARTESIAN_POINT('',(7.95,0.25,-3.4));
#11481 = VECTOR('',#11482,1.);
#11482 = DIRECTION('',(-1.224646799147E-16,-1.,0.));
#11483 = ORIENTED_EDGE('',*,*,#11484,.T.);
#11484 = EDGE_CURVE('',#11477,#9711,#11485,.T.);
#11485 = LINE('',#11486,#11487);
#11486 = CARTESIAN_POINT('',(7.983333333333,-1.666666666667E-02,
    -3.433333333333));
#11487 = VECTOR('',#11488,1.);
#11488 = DIRECTION('',(-0.57735026919,-0.57735026919,0.57735026919));
#11489 = ORIENTED_EDGE('',*,*,#9708,.F.);
#11490 = PLANE('',#11491);
#11491 = AXIS2_PLACEMENT_3D('',#11492,#11493,#11494);
#11492 = CARTESIAN_POINT('',(7.85,0.25,-3.3));
#11493 = DIRECTION('',(0.707106781187,-8.833102285013E-17,0.707106781187
    ));
#11494 = DIRECTION('',(1.236918052038E-16,1.,1.227125289097E-18));
#11495 = ADVANCED_FACE('',(#11496),#11514,.T.);
#11496 = FACE_BOUND('',#11497,.F.);
#11497 = EDGE_LOOP('',(#11498,#11506,#11512,#11513));
#11498 = ORIENTED_EDGE('',*,*,#11499,.F.);
#11499 = EDGE_CURVE('',#11500,#9740,#11502,.T.);
#11500 = VERTEX_POINT('',#11501);
#11501 = CARTESIAN_POINT('',(8.05,-5.E-02,-3.4));
#11502 = LINE('',#11503,#11504);
#11503 = CARTESIAN_POINT('',(8.1,-0.1,-3.35));
#11504 = VECTOR('',#11505,1.);
#11505 = DIRECTION('',(0.57735026919,-0.57735026919,0.57735026919));
#11506 = ORIENTED_EDGE('',*,*,#11507,.T.);
#11507 = EDGE_CURVE('',#11500,#11477,#11508,.T.);
#11508 = LINE('',#11509,#11510);
#11509 = CARTESIAN_POINT('',(8.25,-5.E-02,-3.4));
#11510 = VECTOR('',#11511,1.);
#11511 = DIRECTION('',(-1.,1.224646799147E-16,0.));
#11512 = ORIENTED_EDGE('',*,*,#11484,.T.);
#11513 = ORIENTED_EDGE('',*,*,#9747,.F.);
#11514 = PLANE('',#11515);
#11515 = AXIS2_PLACEMENT_3D('',#11516,#11517,#11518);
#11516 = CARTESIAN_POINT('',(8.25,-0.15,-3.3));
#11517 = DIRECTION('',(-8.486018839685E-17,-0.707106781187,
    -0.707106781187));
#11518 = DIRECTION('',(1.,-1.212375546256E-16,1.227125289196E-18));
#11519 = ADVANCED_FACE('',(#11520),#11538,.T.);
#11520 = FACE_BOUND('',#11521,.F.);
#11521 = EDGE_LOOP('',(#11522,#11530,#11536,#11537));
#11522 = ORIENTED_EDGE('',*,*,#11523,.F.);
#11523 = EDGE_CURVE('',#11524,#9764,#11526,.T.);
#11524 = VERTEX_POINT('',#11525);
#11525 = CARTESIAN_POINT('',(8.05,5.E-02,-3.4));
#11526 = LINE('',#11527,#11528);
#11527 = CARTESIAN_POINT('',(8.183333333333,0.183333333333,
    -3.266666666667));
#11528 = VECTOR('',#11529,1.);
#11529 = DIRECTION('',(0.57735026919,0.57735026919,0.57735026919));
#11530 = ORIENTED_EDGE('',*,*,#11531,.T.);
#11531 = EDGE_CURVE('',#11524,#11500,#11532,.T.);
#11532 = LINE('',#11533,#11534);
#11533 = CARTESIAN_POINT('',(8.05,0.25,-3.4));
#11534 = VECTOR('',#11535,1.);
#11535 = DIRECTION('',(-1.224646799147E-16,-1.,0.));
#11536 = ORIENTED_EDGE('',*,*,#11499,.T.);
#11537 = ORIENTED_EDGE('',*,*,#9763,.F.);
#11538 = PLANE('',#11539);
#11539 = AXIS2_PLACEMENT_3D('',#11540,#11541,#11542);
#11540 = CARTESIAN_POINT('',(8.15,0.25,-3.3));
#11541 = DIRECTION('',(0.707106781187,-8.486018839685E-17,
    -0.707106781187));
#11542 = DIRECTION('',(1.212375546256E-16,1.,1.227125289196E-18));
#11543 = ADVANCED_FACE('',(#11544),#11555,.T.);
#11544 = FACE_BOUND('',#11545,.T.);
#11545 = EDGE_LOOP('',(#11546,#11547,#11553,#11554));
#11546 = ORIENTED_EDGE('',*,*,#11523,.F.);
#11547 = ORIENTED_EDGE('',*,*,#11548,.T.);
#11548 = EDGE_CURVE('',#11524,#11469,#11549,.T.);
#11549 = LINE('',#11550,#11551);
#11550 = CARTESIAN_POINT('',(8.25,5.E-02,-3.4));
#11551 = VECTOR('',#11552,1.);
#11552 = DIRECTION('',(-1.,1.224646799147E-16,0.));
#11553 = ORIENTED_EDGE('',*,*,#11468,.T.);
#11554 = ORIENTED_EDGE('',*,*,#9790,.F.);
#11555 = PLANE('',#11556);
#11556 = AXIS2_PLACEMENT_3D('',#11557,#11558,#11559);
#11557 = CARTESIAN_POINT('',(8.25,0.15,-3.3));
#11558 = DIRECTION('',(8.486018839685E-17,0.707106781187,-0.707106781187
    ));
#11559 = DIRECTION('',(-1.,1.212375546256E-16,1.227125289196E-18));
#11560 = ADVANCED_FACE('',(#11561),#11586,.T.);
#11561 = FACE_BOUND('',#11562,.T.);
#11562 = EDGE_LOOP('',(#11563,#11571,#11579,#11585));
#11563 = ORIENTED_EDGE('',*,*,#11564,.F.);
#11564 = EDGE_CURVE('',#11565,#9805,#11567,.T.);
#11565 = VERTEX_POINT('',#11566);
#11566 = CARTESIAN_POINT('',(10.05,5.E-02,-3.4));
#11567 = LINE('',#11568,#11569);
#11568 = CARTESIAN_POINT('',(10.183333333333,0.183333333333,
    -3.266666666667));
#11569 = VECTOR('',#11570,1.);
#11570 = DIRECTION('',(0.57735026919,0.57735026919,0.57735026919));
#11571 = ORIENTED_EDGE('',*,*,#11572,.T.);
#11572 = EDGE_CURVE('',#11565,#11573,#11575,.T.);
#11573 = VERTEX_POINT('',#11574);
#11574 = CARTESIAN_POINT('',(9.95,5.E-02,-3.4));
#11575 = LINE('',#11576,#11577);
#11576 = CARTESIAN_POINT('',(10.25,5.E-02,-3.4));
#11577 = VECTOR('',#11578,1.);
#11578 = DIRECTION('',(-1.,1.224646799147E-16,0.));
#11579 = ORIENTED_EDGE('',*,*,#11580,.T.);
#11580 = EDGE_CURVE('',#11573,#9814,#11581,.T.);
#11581 = LINE('',#11582,#11583);
#11582 = CARTESIAN_POINT('',(9.9,0.1,-3.35));
#11583 = VECTOR('',#11584,1.);
#11584 = DIRECTION('',(-0.57735026919,0.57735026919,0.57735026919));
#11585 = ORIENTED_EDGE('',*,*,#9821,.F.);
#11586 = PLANE('',#11587);
#11587 = AXIS2_PLACEMENT_3D('',#11588,#11589,#11590);
#11588 = CARTESIAN_POINT('',(10.25,0.15,-3.3));
#11589 = DIRECTION('',(8.486018839685E-17,0.707106781187,-0.707106781187
    ));
#11590 = DIRECTION('',(-1.,1.212375546256E-16,1.227125289196E-18));
#11591 = ADVANCED_FACE('',(#11592),#11610,.F.);
#11592 = FACE_BOUND('',#11593,.T.);
#11593 = EDGE_LOOP('',(#11594,#11595,#11603,#11609));
#11594 = ORIENTED_EDGE('',*,*,#11580,.F.);
#11595 = ORIENTED_EDGE('',*,*,#11596,.T.);
#11596 = EDGE_CURVE('',#11573,#11597,#11599,.T.);
#11597 = VERTEX_POINT('',#11598);
#11598 = CARTESIAN_POINT('',(9.95,-5.E-02,-3.4));
#11599 = LINE('',#11600,#11601);
#11600 = CARTESIAN_POINT('',(9.95,0.25,-3.4));
#11601 = VECTOR('',#11602,1.);
#11602 = DIRECTION('',(-1.224646799147E-16,-1.,0.));
#11603 = ORIENTED_EDGE('',*,*,#11604,.T.);
#11604 = EDGE_CURVE('',#11597,#9836,#11605,.T.);
#11605 = LINE('',#11606,#11607);
#11606 = CARTESIAN_POINT('',(9.983333333333,-1.666666666667E-02,
    -3.433333333333));
#11607 = VECTOR('',#11608,1.);
#11608 = DIRECTION('',(-0.57735026919,-0.57735026919,0.57735026919));
#11609 = ORIENTED_EDGE('',*,*,#9835,.F.);
#11610 = PLANE('',#11611);
#11611 = AXIS2_PLACEMENT_3D('',#11612,#11613,#11614);
#11612 = CARTESIAN_POINT('',(9.85,0.25,-3.3));
#11613 = DIRECTION('',(0.707106781187,-8.833102285013E-17,0.707106781187
    ));
#11614 = DIRECTION('',(1.236918052038E-16,1.,1.227125289097E-18));
#11615 = ADVANCED_FACE('',(#11616),#11634,.T.);
#11616 = FACE_BOUND('',#11617,.F.);
#11617 = EDGE_LOOP('',(#11618,#11626,#11632,#11633));
#11618 = ORIENTED_EDGE('',*,*,#11619,.F.);
#11619 = EDGE_CURVE('',#11620,#9860,#11622,.T.);
#11620 = VERTEX_POINT('',#11621);
#11621 = CARTESIAN_POINT('',(10.05,-5.E-02,-3.4));
#11622 = LINE('',#11623,#11624);
#11623 = CARTESIAN_POINT('',(10.1,-0.1,-3.35));
#11624 = VECTOR('',#11625,1.);
#11625 = DIRECTION('',(0.57735026919,-0.57735026919,0.57735026919));
#11626 = ORIENTED_EDGE('',*,*,#11627,.T.);
#11627 = EDGE_CURVE('',#11620,#11597,#11628,.T.);
#11628 = LINE('',#11629,#11630);
#11629 = CARTESIAN_POINT('',(10.25,-5.E-02,-3.4));
#11630 = VECTOR('',#11631,1.);
#11631 = DIRECTION('',(-1.,1.224646799147E-16,0.));
#11632 = ORIENTED_EDGE('',*,*,#11604,.T.);
#11633 = ORIENTED_EDGE('',*,*,#9867,.F.);
#11634 = PLANE('',#11635);
#11635 = AXIS2_PLACEMENT_3D('',#11636,#11637,#11638);
#11636 = CARTESIAN_POINT('',(10.25,-0.15,-3.3));
#11637 = DIRECTION('',(-8.486018839685E-17,-0.707106781187,
    -0.707106781187));
#11638 = DIRECTION('',(1.,-1.212375546256E-16,1.227125289196E-18));
#11639 = ADVANCED_FACE('',(#11640),#11651,.T.);
#11640 = FACE_BOUND('',#11641,.F.);
#11641 = EDGE_LOOP('',(#11642,#11643,#11649,#11650));
#11642 = ORIENTED_EDGE('',*,*,#11564,.F.);
#11643 = ORIENTED_EDGE('',*,*,#11644,.T.);
#11644 = EDGE_CURVE('',#11565,#11620,#11645,.T.);
#11645 = LINE('',#11646,#11647);
#11646 = CARTESIAN_POINT('',(10.05,0.25,-3.4));
#11647 = VECTOR('',#11648,1.);
#11648 = DIRECTION('',(-1.224646799147E-16,-1.,0.));
#11649 = ORIENTED_EDGE('',*,*,#11619,.T.);
#11650 = ORIENTED_EDGE('',*,*,#9883,.F.);
#11651 = PLANE('',#11652);
#11652 = AXIS2_PLACEMENT_3D('',#11653,#11654,#11655);
#11653 = CARTESIAN_POINT('',(10.15,0.25,-3.3));
#11654 = DIRECTION('',(0.707106781187,-8.486018839685E-17,
    -0.707106781187));
#11655 = DIRECTION('',(1.212375546256E-16,1.,1.227125289196E-18));
#11656 = ADVANCED_FACE('',(#11657),#11682,.F.);
#11657 = FACE_BOUND('',#11658,.T.);
#11658 = EDGE_LOOP('',(#11659,#11667,#11675,#11681));
#11659 = ORIENTED_EDGE('',*,*,#11660,.F.);
#11660 = EDGE_CURVE('',#11661,#9901,#11663,.T.);
#11661 = VERTEX_POINT('',#11662);
#11662 = CARTESIAN_POINT('',(11.95,5.E-02,-3.4));
#11663 = LINE('',#11664,#11665);
#11664 = CARTESIAN_POINT('',(11.9,0.1,-3.35));
#11665 = VECTOR('',#11666,1.);
#11666 = DIRECTION('',(-0.57735026919,0.57735026919,0.57735026919));
#11667 = ORIENTED_EDGE('',*,*,#11668,.T.);
#11668 = EDGE_CURVE('',#11661,#11669,#11671,.T.);
#11669 = VERTEX_POINT('',#11670);
#11670 = CARTESIAN_POINT('',(11.95,-5.E-02,-3.4));
#11671 = LINE('',#11672,#11673);
#11672 = CARTESIAN_POINT('',(11.95,0.25,-3.4));
#11673 = VECTOR('',#11674,1.);
#11674 = DIRECTION('',(-1.224646799147E-16,-1.,0.));
#11675 = ORIENTED_EDGE('',*,*,#11676,.T.);
#11676 = EDGE_CURVE('',#11669,#9903,#11677,.T.);
#11677 = LINE('',#11678,#11679);
#11678 = CARTESIAN_POINT('',(11.983333333333,-1.666666666667E-02,
    -3.433333333333));
#11679 = VECTOR('',#11680,1.);
#11680 = DIRECTION('',(-0.57735026919,-0.57735026919,0.57735026919));
#11681 = ORIENTED_EDGE('',*,*,#9900,.F.);
#11682 = PLANE('',#11683);
#11683 = AXIS2_PLACEMENT_3D('',#11684,#11685,#11686);
#11684 = CARTESIAN_POINT('',(11.85,0.25,-3.3));
#11685 = DIRECTION('',(0.707106781187,-8.833102285013E-17,0.707106781187
    ));
#11686 = DIRECTION('',(1.236918052038E-16,1.,1.227125289097E-18));
#11687 = ADVANCED_FACE('',(#11688),#11706,.T.);
#11688 = FACE_BOUND('',#11689,.F.);
#11689 = EDGE_LOOP('',(#11690,#11698,#11704,#11705));
#11690 = ORIENTED_EDGE('',*,*,#11691,.F.);
#11691 = EDGE_CURVE('',#11692,#9932,#11694,.T.);
#11692 = VERTEX_POINT('',#11693);
#11693 = CARTESIAN_POINT('',(12.05,-5.E-02,-3.4));
#11694 = LINE('',#11695,#11696);
#11695 = CARTESIAN_POINT('',(12.1,-0.1,-3.35));
#11696 = VECTOR('',#11697,1.);
#11697 = DIRECTION('',(0.57735026919,-0.57735026919,0.57735026919));
#11698 = ORIENTED_EDGE('',*,*,#11699,.T.);
#11699 = EDGE_CURVE('',#11692,#11669,#11700,.T.);
#11700 = LINE('',#11701,#11702);
#11701 = CARTESIAN_POINT('',(12.25,-5.E-02,-3.4));
#11702 = VECTOR('',#11703,1.);
#11703 = DIRECTION('',(-1.,1.224646799147E-16,0.));
#11704 = ORIENTED_EDGE('',*,*,#11676,.T.);
#11705 = ORIENTED_EDGE('',*,*,#9939,.F.);
#11706 = PLANE('',#11707);
#11707 = AXIS2_PLACEMENT_3D('',#11708,#11709,#11710);
#11708 = CARTESIAN_POINT('',(12.25,-0.15,-3.3));
#11709 = DIRECTION('',(-8.486018839685E-17,-0.707106781187,
    -0.707106781187));
#11710 = DIRECTION('',(1.,-1.212375546256E-16,1.227125289196E-18));
#11711 = ADVANCED_FACE('',(#11712),#11730,.T.);
#11712 = FACE_BOUND('',#11713,.F.);
#11713 = EDGE_LOOP('',(#11714,#11722,#11728,#11729));
#11714 = ORIENTED_EDGE('',*,*,#11715,.F.);
#11715 = EDGE_CURVE('',#11716,#9956,#11718,.T.);
#11716 = VERTEX_POINT('',#11717);
#11717 = CARTESIAN_POINT('',(12.05,5.E-02,-3.4));
#11718 = LINE('',#11719,#11720);
#11719 = CARTESIAN_POINT('',(12.183333333333,0.183333333333,
    -3.266666666667));
#11720 = VECTOR('',#11721,1.);
#11721 = DIRECTION('',(0.57735026919,0.57735026919,0.57735026919));
#11722 = ORIENTED_EDGE('',*,*,#11723,.T.);
#11723 = EDGE_CURVE('',#11716,#11692,#11724,.T.);
#11724 = LINE('',#11725,#11726);
#11725 = CARTESIAN_POINT('',(12.05,0.25,-3.4));
#11726 = VECTOR('',#11727,1.);
#11727 = DIRECTION('',(-1.224646799147E-16,-1.,0.));
#11728 = ORIENTED_EDGE('',*,*,#11691,.T.);
#11729 = ORIENTED_EDGE('',*,*,#9955,.F.);
#11730 = PLANE('',#11731);
#11731 = AXIS2_PLACEMENT_3D('',#11732,#11733,#11734);
#11732 = CARTESIAN_POINT('',(12.15,0.25,-3.3));
#11733 = DIRECTION('',(0.707106781187,-8.486018839685E-17,
    -0.707106781187));
#11734 = DIRECTION('',(1.212375546256E-16,1.,1.227125289196E-18));
#11735 = ADVANCED_FACE('',(#11736),#11747,.T.);
#11736 = FACE_BOUND('',#11737,.T.);
#11737 = EDGE_LOOP('',(#11738,#11739,#11745,#11746));
#11738 = ORIENTED_EDGE('',*,*,#11715,.F.);
#11739 = ORIENTED_EDGE('',*,*,#11740,.T.);
#11740 = EDGE_CURVE('',#11716,#11661,#11741,.T.);
#11741 = LINE('',#11742,#11743);
#11742 = CARTESIAN_POINT('',(12.25,5.E-02,-3.4));
#11743 = VECTOR('',#11744,1.);
#11744 = DIRECTION('',(-1.,1.224646799147E-16,0.));
#11745 = ORIENTED_EDGE('',*,*,#11660,.T.);
#11746 = ORIENTED_EDGE('',*,*,#9982,.F.);
#11747 = PLANE('',#11748);
#11748 = AXIS2_PLACEMENT_3D('',#11749,#11750,#11751);
#11749 = CARTESIAN_POINT('',(12.25,0.15,-3.3));
#11750 = DIRECTION('',(8.486018839685E-17,0.707106781187,-0.707106781187
    ));
#11751 = DIRECTION('',(-1.,1.212375546256E-16,1.227125289196E-18));
#11752 = ADVANCED_FACE('',(#11753),#11764,.T.);
#11753 = FACE_BOUND('',#11754,.T.);
#11754 = EDGE_LOOP('',(#11755,#11756,#11762,#11763));
#11755 = ORIENTED_EDGE('',*,*,#9996,.F.);
#11756 = ORIENTED_EDGE('',*,*,#11757,.T.);
#11757 = EDGE_CURVE('',#9997,#10141,#11758,.T.);
#11758 = LINE('',#11759,#11760);
#11759 = CARTESIAN_POINT('',(14.25,5.E-02,-3.4));
#11760 = VECTOR('',#11761,1.);
#11761 = DIRECTION('',(-1.,1.224646799147E-16,0.));
#11762 = ORIENTED_EDGE('',*,*,#10140,.T.);
#11763 = ORIENTED_EDGE('',*,*,#10059,.F.);
#11764 = PLANE('',#11765);
#11765 = AXIS2_PLACEMENT_3D('',#11766,#11767,#11768);
#11766 = CARTESIAN_POINT('',(14.25,0.165596257347,-3.301223703467));
#11767 = DIRECTION('',(8.302774088379E-17,0.64962967394,-0.760250805153)
  );
#11768 = DIRECTION('',(-1.,1.247195775152E-16,-2.638869166629E-18));
#11769 = ADVANCED_FACE('',(#11770),#11781,.F.);
#11770 = FACE_BOUND('',#11771,.F.);
#11771 = EDGE_LOOP('',(#11772,#11773,#11774,#11775));
#11772 = ORIENTED_EDGE('',*,*,#10006,.F.);
#11773 = ORIENTED_EDGE('',*,*,#11757,.T.);
#11774 = ORIENTED_EDGE('',*,*,#10148,.T.);
#11775 = ORIENTED_EDGE('',*,*,#11776,.F.);
#11776 = EDGE_CURVE('',#10007,#10130,#11777,.T.);
#11777 = LINE('',#11778,#11779);
#11778 = CARTESIAN_POINT('',(14.25,-5.E-02,-3.4));
#11779 = VECTOR('',#11780,1.);
#11780 = DIRECTION('',(-1.,1.224646799147E-16,0.));
#11781 = PLANE('',#11782);
#11782 = AXIS2_PLACEMENT_3D('',#11783,#11784,#11785);
#11783 = CARTESIAN_POINT('',(14.25,0.25,-3.4));
#11784 = DIRECTION('',(0.,0.,1.));
#11785 = DIRECTION('',(-1.224646799147E-16,-1.,0.));
#11786 = ADVANCED_FACE('',(#11787),#11793,.T.);
#11787 = FACE_BOUND('',#11788,.F.);
#11788 = EDGE_LOOP('',(#11789,#11790,#11791,#11792));
#11789 = ORIENTED_EDGE('',*,*,#10014,.F.);
#11790 = ORIENTED_EDGE('',*,*,#11776,.T.);
#11791 = ORIENTED_EDGE('',*,*,#10129,.T.);
#11792 = ORIENTED_EDGE('',*,*,#10105,.F.);
#11793 = PLANE('',#11794);
#11794 = AXIS2_PLACEMENT_3D('',#11795,#11796,#11797);
#11795 = CARTESIAN_POINT('',(14.25,-0.134403742653,-3.301223703467));
#11796 = DIRECTION('',(-9.136856246232E-17,-0.760250805153,
    -0.64962967394));
#11797 = DIRECTION('',(1.,-1.211454098155E-16,1.127308249542E-18));
#11798 = ADVANCED_FACE('',(#11799),#11824,.F.);
#11799 = FACE_BOUND('',#11800,.T.);
#11800 = EDGE_LOOP('',(#11801,#11809,#11817,#11823));
#11801 = ORIENTED_EDGE('',*,*,#11802,.F.);
#11802 = EDGE_CURVE('',#11803,#10248,#11805,.T.);
#11803 = VERTEX_POINT('',#11804);
#11804 = CARTESIAN_POINT('',(1.95,-5.E-02,5.));
#11805 = LINE('',#11806,#11807);
#11806 = CARTESIAN_POINT('',(1.9,-0.1,4.95));
#11807 = VECTOR('',#11808,1.);
#11808 = DIRECTION('',(-0.57735026919,-0.57735026919,-0.57735026919));
#11809 = ORIENTED_EDGE('',*,*,#11810,.T.);
#11810 = EDGE_CURVE('',#11803,#11811,#11813,.T.);
#11811 = VERTEX_POINT('',#11812);
#11812 = CARTESIAN_POINT('',(1.95,5.E-02,5.));
#11813 = LINE('',#11814,#11815);
#11814 = CARTESIAN_POINT('',(1.95,-0.25,5.));
#11815 = VECTOR('',#11816,1.);
#11816 = DIRECTION('',(1.224646799147E-16,1.,0.));
#11817 = ORIENTED_EDGE('',*,*,#11818,.T.);
#11818 = EDGE_CURVE('',#11811,#10256,#11819,.T.);
#11819 = LINE('',#11820,#11821);
#11820 = CARTESIAN_POINT('',(1.983333333333,1.666666666667E-02,
    5.033333333333));
#11821 = VECTOR('',#11822,1.);
#11822 = DIRECTION('',(-0.57735026919,0.57735026919,-0.57735026919));
#11823 = ORIENTED_EDGE('',*,*,#10255,.F.);
#11824 = PLANE('',#11825);
#11825 = AXIS2_PLACEMENT_3D('',#11826,#11827,#11828);
#11826 = CARTESIAN_POINT('',(1.85,-0.25,4.9));
#11827 = DIRECTION('',(0.707106781187,-8.486018839685E-17,
    -0.707106781187));
#11828 = DIRECTION('',(-1.212375546256E-16,-1.,-1.227125289196E-18));
#11829 = ADVANCED_FACE('',(#11830),#11848,.T.);
#11830 = FACE_BOUND('',#11831,.F.);
#11831 = EDGE_LOOP('',(#11832,#11840,#11841,#11842));
#11832 = ORIENTED_EDGE('',*,*,#11833,.T.);
#11833 = EDGE_CURVE('',#11834,#10278,#11836,.T.);
#11834 = VERTEX_POINT('',#11835);
#11835 = CARTESIAN_POINT('',(2.05,-5.E-02,5.));
#11836 = LINE('',#11837,#11838);
#11837 = CARTESIAN_POINT('',(2.183333333333,-0.183333333333,
    4.866666666667));
#11838 = VECTOR('',#11839,1.);
#11839 = DIRECTION('',(0.57735026919,-0.57735026919,-0.57735026919));
#11840 = ORIENTED_EDGE('',*,*,#10287,.T.);
#11841 = ORIENTED_EDGE('',*,*,#11802,.F.);
#11842 = ORIENTED_EDGE('',*,*,#11843,.F.);
#11843 = EDGE_CURVE('',#11834,#11803,#11844,.T.);
#11844 = LINE('',#11845,#11846);
#11845 = CARTESIAN_POINT('',(2.25,-5.E-02,5.));
#11846 = VECTOR('',#11847,1.);
#11847 = DIRECTION('',(-1.,1.224646799147E-16,0.));
#11848 = PLANE('',#11849);
#11849 = AXIS2_PLACEMENT_3D('',#11850,#11851,#11852);
#11850 = CARTESIAN_POINT('',(2.25,-0.15,4.9));
#11851 = DIRECTION('',(-8.833102285013E-17,-0.707106781187,
    0.707106781187));
#11852 = DIRECTION('',(1.,-1.236918052038E-16,1.227125289097E-18));
#11853 = ADVANCED_FACE('',(#11854),#11872,.T.);
#11854 = FACE_BOUND('',#11855,.F.);
#11855 = EDGE_LOOP('',(#11856,#11857,#11865,#11871));
#11856 = ORIENTED_EDGE('',*,*,#11833,.F.);
#11857 = ORIENTED_EDGE('',*,*,#11858,.T.);
#11858 = EDGE_CURVE('',#11834,#11859,#11861,.T.);
#11859 = VERTEX_POINT('',#11860);
#11860 = CARTESIAN_POINT('',(2.05,5.E-02,5.));
#11861 = LINE('',#11862,#11863);
#11862 = CARTESIAN_POINT('',(2.05,-0.25,5.));
#11863 = VECTOR('',#11864,1.);
#11864 = DIRECTION('',(1.224646799147E-16,1.,0.));
#11865 = ORIENTED_EDGE('',*,*,#11866,.T.);
#11866 = EDGE_CURVE('',#11859,#10304,#11867,.T.);
#11867 = LINE('',#11868,#11869);
#11868 = CARTESIAN_POINT('',(2.1,0.1,4.95));
#11869 = VECTOR('',#11870,1.);
#11870 = DIRECTION('',(0.57735026919,0.57735026919,-0.57735026919));
#11871 = ORIENTED_EDGE('',*,*,#10303,.F.);
#11872 = PLANE('',#11873);
#11873 = AXIS2_PLACEMENT_3D('',#11874,#11875,#11876);
#11874 = CARTESIAN_POINT('',(2.15,-0.25,4.9));
#11875 = DIRECTION('',(0.707106781187,-8.833102285013E-17,0.707106781187
    ));
#11876 = DIRECTION('',(-1.236918052038E-16,-1.,-1.227125289097E-18));
#11877 = ADVANCED_FACE('',(#11878),#11889,.T.);
#11878 = FACE_BOUND('',#11879,.F.);
#11879 = EDGE_LOOP('',(#11880,#11881,#11887,#11888));
#11880 = ORIENTED_EDGE('',*,*,#11866,.F.);
#11881 = ORIENTED_EDGE('',*,*,#11882,.T.);
#11882 = EDGE_CURVE('',#11859,#11811,#11883,.T.);
#11883 = LINE('',#11884,#11885);
#11884 = CARTESIAN_POINT('',(2.25,5.E-02,5.));
#11885 = VECTOR('',#11886,1.);
#11886 = DIRECTION('',(-1.,1.224646799147E-16,0.));
#11887 = ORIENTED_EDGE('',*,*,#11818,.T.);
#11888 = ORIENTED_EDGE('',*,*,#10326,.F.);
#11889 = PLANE('',#11890);
#11890 = AXIS2_PLACEMENT_3D('',#11891,#11892,#11893);
#11891 = CARTESIAN_POINT('',(2.25,0.15,4.9));
#11892 = DIRECTION('',(8.833102285013E-17,0.707106781187,0.707106781187)
  );
#11893 = DIRECTION('',(1.,-1.236918052038E-16,-1.227125289097E-18));
#11894 = ADVANCED_FACE('',(#11895),#11920,.T.);
#11895 = FACE_BOUND('',#11896,.F.);
#11896 = EDGE_LOOP('',(#11897,#11905,#11913,#11919));
#11897 = ORIENTED_EDGE('',*,*,#11898,.F.);
#11898 = EDGE_CURVE('',#11899,#10344,#11901,.T.);
#11899 = VERTEX_POINT('',#11900);
#11900 = CARTESIAN_POINT('',(4.05,-5.E-02,5.));
#11901 = LINE('',#11902,#11903);
#11902 = CARTESIAN_POINT('',(4.183333333333,-0.183333333333,
    4.866666666667));
#11903 = VECTOR('',#11904,1.);
#11904 = DIRECTION('',(0.57735026919,-0.57735026919,-0.57735026919));
#11905 = ORIENTED_EDGE('',*,*,#11906,.T.);
#11906 = EDGE_CURVE('',#11899,#11907,#11909,.T.);
#11907 = VERTEX_POINT('',#11908);
#11908 = CARTESIAN_POINT('',(4.05,5.E-02,5.));
#11909 = LINE('',#11910,#11911);
#11910 = CARTESIAN_POINT('',(4.05,-0.25,5.));
#11911 = VECTOR('',#11912,1.);
#11912 = DIRECTION('',(1.224646799147E-16,1.,0.));
#11913 = ORIENTED_EDGE('',*,*,#11914,.T.);
#11914 = EDGE_CURVE('',#11907,#10352,#11915,.T.);
#11915 = LINE('',#11916,#11917);
#11916 = CARTESIAN_POINT('',(4.1,0.1,4.95));
#11917 = VECTOR('',#11918,1.);
#11918 = DIRECTION('',(0.57735026919,0.57735026919,-0.57735026919));
#11919 = ORIENTED_EDGE('',*,*,#10351,.F.);
#11920 = PLANE('',#11921);
#11921 = AXIS2_PLACEMENT_3D('',#11922,#11923,#11924);
#11922 = CARTESIAN_POINT('',(4.15,-0.25,4.9));
#11923 = DIRECTION('',(0.707106781187,-8.833102285013E-17,0.707106781187
    ));
#11924 = DIRECTION('',(-1.236918052038E-16,-1.,-1.227125289097E-18));
#11925 = ADVANCED_FACE('',(#11926),#11944,.T.);
#11926 = FACE_BOUND('',#11927,.F.);
#11927 = EDGE_LOOP('',(#11928,#11929,#11937,#11943));
#11928 = ORIENTED_EDGE('',*,*,#11914,.F.);
#11929 = ORIENTED_EDGE('',*,*,#11930,.T.);
#11930 = EDGE_CURVE('',#11907,#11931,#11933,.T.);
#11931 = VERTEX_POINT('',#11932);
#11932 = CARTESIAN_POINT('',(3.95,5.E-02,5.));
#11933 = LINE('',#11934,#11935);
#11934 = CARTESIAN_POINT('',(4.25,5.E-02,5.));
#11935 = VECTOR('',#11936,1.);
#11936 = DIRECTION('',(-1.,1.224646799147E-16,0.));
#11937 = ORIENTED_EDGE('',*,*,#11938,.T.);
#11938 = EDGE_CURVE('',#11931,#10375,#11939,.T.);
#11939 = LINE('',#11940,#11941);
#11940 = CARTESIAN_POINT('',(3.983333333333,1.666666666667E-02,
    5.033333333333));
#11941 = VECTOR('',#11942,1.);
#11942 = DIRECTION('',(-0.57735026919,0.57735026919,-0.57735026919));
#11943 = ORIENTED_EDGE('',*,*,#10374,.F.);
#11944 = PLANE('',#11945);
#11945 = AXIS2_PLACEMENT_3D('',#11946,#11947,#11948);
#11946 = CARTESIAN_POINT('',(4.25,0.15,4.9));
#11947 = DIRECTION('',(8.833102285013E-17,0.707106781187,0.707106781187)
  );
#11948 = DIRECTION('',(1.,-1.236918052038E-16,-1.227125289097E-18));
#11949 = ADVANCED_FACE('',(#11950),#11968,.F.);
#11950 = FACE_BOUND('',#11951,.T.);
#11951 = EDGE_LOOP('',(#11952,#11960,#11966,#11967));
#11952 = ORIENTED_EDGE('',*,*,#11953,.F.);
#11953 = EDGE_CURVE('',#11954,#10399,#11956,.T.);
#11954 = VERTEX_POINT('',#11955);
#11955 = CARTESIAN_POINT('',(3.95,-5.E-02,5.));
#11956 = LINE('',#11957,#11958);
#11957 = CARTESIAN_POINT('',(3.9,-0.1,4.95));
#11958 = VECTOR('',#11959,1.);
#11959 = DIRECTION('',(-0.57735026919,-0.57735026919,-0.57735026919));
#11960 = ORIENTED_EDGE('',*,*,#11961,.T.);
#11961 = EDGE_CURVE('',#11954,#11931,#11962,.T.);
#11962 = LINE('',#11963,#11964);
#11963 = CARTESIAN_POINT('',(3.95,-0.25,5.));
#11964 = VECTOR('',#11965,1.);
#11965 = DIRECTION('',(1.224646799147E-16,1.,0.));
#11966 = ORIENTED_EDGE('',*,*,#11938,.T.);
#11967 = ORIENTED_EDGE('',*,*,#10406,.F.);
#11968 = PLANE('',#11969);
#11969 = AXIS2_PLACEMENT_3D('',#11970,#11971,#11972);
#11970 = CARTESIAN_POINT('',(3.85,-0.25,4.9));
#11971 = DIRECTION('',(0.707106781187,-8.486018839685E-17,
    -0.707106781187));
#11972 = DIRECTION('',(-1.212375546256E-16,-1.,-1.227125289196E-18));
#11973 = ADVANCED_FACE('',(#11974),#11985,.T.);
#11974 = FACE_BOUND('',#11975,.F.);
#11975 = EDGE_LOOP('',(#11976,#11977,#11978,#11979));
#11976 = ORIENTED_EDGE('',*,*,#11898,.T.);
#11977 = ORIENTED_EDGE('',*,*,#10424,.T.);
#11978 = ORIENTED_EDGE('',*,*,#11953,.F.);
#11979 = ORIENTED_EDGE('',*,*,#11980,.F.);
#11980 = EDGE_CURVE('',#11899,#11954,#11981,.T.);
#11981 = LINE('',#11982,#11983);
#11982 = CARTESIAN_POINT('',(4.25,-5.E-02,5.));
#11983 = VECTOR('',#11984,1.);
#11984 = DIRECTION('',(-1.,1.224646799147E-16,0.));
#11985 = PLANE('',#11986);
#11986 = AXIS2_PLACEMENT_3D('',#11987,#11988,#11989);
#11987 = CARTESIAN_POINT('',(4.25,-0.15,4.9));
#11988 = DIRECTION('',(-8.833102285013E-17,-0.707106781187,
    0.707106781187));
#11989 = DIRECTION('',(1.,-1.236918052038E-16,1.227125289097E-18));
#11990 = ADVANCED_FACE('',(#11991),#12016,.F.);
#11991 = FACE_BOUND('',#11992,.T.);
#11992 = EDGE_LOOP('',(#11993,#12001,#12009,#12015));
#11993 = ORIENTED_EDGE('',*,*,#11994,.F.);
#11994 = EDGE_CURVE('',#11995,#10440,#11997,.T.);
#11995 = VERTEX_POINT('',#11996);
#11996 = CARTESIAN_POINT('',(5.95,-5.E-02,5.));
#11997 = LINE('',#11998,#11999);
#11998 = CARTESIAN_POINT('',(5.9,-0.1,4.95));
#11999 = VECTOR('',#12000,1.);
#12000 = DIRECTION('',(-0.57735026919,-0.57735026919,-0.57735026919));
#12001 = ORIENTED_EDGE('',*,*,#12002,.T.);
#12002 = EDGE_CURVE('',#11995,#12003,#12005,.T.);
#12003 = VERTEX_POINT('',#12004);
#12004 = CARTESIAN_POINT('',(5.95,5.E-02,5.));
#12005 = LINE('',#12006,#12007);
#12006 = CARTESIAN_POINT('',(5.95,-0.25,5.));
#12007 = VECTOR('',#12008,1.);
#12008 = DIRECTION('',(1.224646799147E-16,1.,0.));
#12009 = ORIENTED_EDGE('',*,*,#12010,.T.);
#12010 = EDGE_CURVE('',#12003,#10448,#12011,.T.);
#12011 = LINE('',#12012,#12013);
#12012 = CARTESIAN_POINT('',(5.983333333333,1.666666666667E-02,
    5.033333333333));
#12013 = VECTOR('',#12014,1.);
#12014 = DIRECTION('',(-0.57735026919,0.57735026919,-0.57735026919));
#12015 = ORIENTED_EDGE('',*,*,#10447,.F.);
#12016 = PLANE('',#12017);
#12017 = AXIS2_PLACEMENT_3D('',#12018,#12019,#12020);
#12018 = CARTESIAN_POINT('',(5.85,-0.25,4.9));
#12019 = DIRECTION('',(0.707106781187,-8.486018839685E-17,
    -0.707106781187));
#12020 = DIRECTION('',(-1.212375546256E-16,-1.,-1.227125289196E-18));
#12021 = ADVANCED_FACE('',(#12022),#12040,.T.);
#12022 = FACE_BOUND('',#12023,.F.);
#12023 = EDGE_LOOP('',(#12024,#12032,#12033,#12034));
#12024 = ORIENTED_EDGE('',*,*,#12025,.T.);
#12025 = EDGE_CURVE('',#12026,#10470,#12028,.T.);
#12026 = VERTEX_POINT('',#12027);
#12027 = CARTESIAN_POINT('',(6.05,-5.E-02,5.));
#12028 = LINE('',#12029,#12030);
#12029 = CARTESIAN_POINT('',(6.183333333333,-0.183333333333,
    4.866666666667));
#12030 = VECTOR('',#12031,1.);
#12031 = DIRECTION('',(0.57735026919,-0.57735026919,-0.57735026919));
#12032 = ORIENTED_EDGE('',*,*,#10479,.T.);
#12033 = ORIENTED_EDGE('',*,*,#11994,.F.);
#12034 = ORIENTED_EDGE('',*,*,#12035,.F.);
#12035 = EDGE_CURVE('',#12026,#11995,#12036,.T.);
#12036 = LINE('',#12037,#12038);
#12037 = CARTESIAN_POINT('',(6.25,-5.E-02,5.));
#12038 = VECTOR('',#12039,1.);
#12039 = DIRECTION('',(-1.,1.224646799147E-16,0.));
#12040 = PLANE('',#12041);
#12041 = AXIS2_PLACEMENT_3D('',#12042,#12043,#12044);
#12042 = CARTESIAN_POINT('',(6.25,-0.15,4.9));
#12043 = DIRECTION('',(-8.833102285013E-17,-0.707106781187,
    0.707106781187));
#12044 = DIRECTION('',(1.,-1.236918052038E-16,1.227125289097E-18));
#12045 = ADVANCED_FACE('',(#12046),#12064,.T.);
#12046 = FACE_BOUND('',#12047,.F.);
#12047 = EDGE_LOOP('',(#12048,#12049,#12057,#12063));
#12048 = ORIENTED_EDGE('',*,*,#12025,.F.);
#12049 = ORIENTED_EDGE('',*,*,#12050,.T.);
#12050 = EDGE_CURVE('',#12026,#12051,#12053,.T.);
#12051 = VERTEX_POINT('',#12052);
#12052 = CARTESIAN_POINT('',(6.05,5.E-02,5.));
#12053 = LINE('',#12054,#12055);
#12054 = CARTESIAN_POINT('',(6.05,-0.25,5.));
#12055 = VECTOR('',#12056,1.);
#12056 = DIRECTION('',(1.224646799147E-16,1.,0.));
#12057 = ORIENTED_EDGE('',*,*,#12058,.T.);
#12058 = EDGE_CURVE('',#12051,#10496,#12059,.T.);
#12059 = LINE('',#12060,#12061);
#12060 = CARTESIAN_POINT('',(6.1,0.1,4.95));
#12061 = VECTOR('',#12062,1.);
#12062 = DIRECTION('',(0.57735026919,0.57735026919,-0.57735026919));
#12063 = ORIENTED_EDGE('',*,*,#10495,.F.);
#12064 = PLANE('',#12065);
#12065 = AXIS2_PLACEMENT_3D('',#12066,#12067,#12068);
#12066 = CARTESIAN_POINT('',(6.15,-0.25,4.9));
#12067 = DIRECTION('',(0.707106781187,-8.833102285013E-17,0.707106781187
    ));
#12068 = DIRECTION('',(-1.236918052038E-16,-1.,-1.227125289097E-18));
#12069 = ADVANCED_FACE('',(#12070),#12081,.T.);
#12070 = FACE_BOUND('',#12071,.F.);
#12071 = EDGE_LOOP('',(#12072,#12073,#12079,#12080));
#12072 = ORIENTED_EDGE('',*,*,#12058,.F.);
#12073 = ORIENTED_EDGE('',*,*,#12074,.T.);
#12074 = EDGE_CURVE('',#12051,#12003,#12075,.T.);
#12075 = LINE('',#12076,#12077);
#12076 = CARTESIAN_POINT('',(6.25,5.E-02,5.));
#12077 = VECTOR('',#12078,1.);
#12078 = DIRECTION('',(-1.,1.224646799147E-16,0.));
#12079 = ORIENTED_EDGE('',*,*,#12010,.T.);
#12080 = ORIENTED_EDGE('',*,*,#10518,.F.);
#12081 = PLANE('',#12082);
#12082 = AXIS2_PLACEMENT_3D('',#12083,#12084,#12085);
#12083 = CARTESIAN_POINT('',(6.25,0.15,4.9));
#12084 = DIRECTION('',(8.833102285013E-17,0.707106781187,0.707106781187)
  );
#12085 = DIRECTION('',(1.,-1.236918052038E-16,-1.227125289097E-18));
#12086 = ADVANCED_FACE('',(#12087),#12112,.F.);
#12087 = FACE_BOUND('',#12088,.T.);
#12088 = EDGE_LOOP('',(#12089,#12097,#12105,#12111));
#12089 = ORIENTED_EDGE('',*,*,#12090,.F.);
#12090 = EDGE_CURVE('',#12091,#10536,#12093,.T.);
#12091 = VERTEX_POINT('',#12092);
#12092 = CARTESIAN_POINT('',(11.95,-5.E-02,5.));
#12093 = LINE('',#12094,#12095);
#12094 = CARTESIAN_POINT('',(11.9,-0.1,4.95));
#12095 = VECTOR('',#12096,1.);
#12096 = DIRECTION('',(-0.57735026919,-0.57735026919,-0.57735026919));
#12097 = ORIENTED_EDGE('',*,*,#12098,.T.);
#12098 = EDGE_CURVE('',#12091,#12099,#12101,.T.);
#12099 = VERTEX_POINT('',#12100);
#12100 = CARTESIAN_POINT('',(11.95,5.E-02,5.));
#12101 = LINE('',#12102,#12103);
#12102 = CARTESIAN_POINT('',(11.95,-0.25,5.));
#12103 = VECTOR('',#12104,1.);
#12104 = DIRECTION('',(1.224646799147E-16,1.,0.));
#12105 = ORIENTED_EDGE('',*,*,#12106,.T.);
#12106 = EDGE_CURVE('',#12099,#10544,#12107,.T.);
#12107 = LINE('',#12108,#12109);
#12108 = CARTESIAN_POINT('',(11.983333333333,1.666666666667E-02,
    5.033333333333));
#12109 = VECTOR('',#12110,1.);
#12110 = DIRECTION('',(-0.57735026919,0.57735026919,-0.57735026919));
#12111 = ORIENTED_EDGE('',*,*,#10543,.F.);
#12112 = PLANE('',#12113);
#12113 = AXIS2_PLACEMENT_3D('',#12114,#12115,#12116);
#12114 = CARTESIAN_POINT('',(11.85,-0.25,4.9));
#12115 = DIRECTION('',(0.707106781187,-8.486018839685E-17,
    -0.707106781187));
#12116 = DIRECTION('',(-1.212375546256E-16,-1.,-1.227125289196E-18));
#12117 = ADVANCED_FACE('',(#12118),#12136,.T.);
#12118 = FACE_BOUND('',#12119,.F.);
#12119 = EDGE_LOOP('',(#12120,#12128,#12129,#12130));
#12120 = ORIENTED_EDGE('',*,*,#12121,.T.);
#12121 = EDGE_CURVE('',#12122,#10566,#12124,.T.);
#12122 = VERTEX_POINT('',#12123);
#12123 = CARTESIAN_POINT('',(12.05,-5.E-02,5.));
#12124 = LINE('',#12125,#12126);
#12125 = CARTESIAN_POINT('',(12.183333333333,-0.183333333333,
    4.866666666667));
#12126 = VECTOR('',#12127,1.);
#12127 = DIRECTION('',(0.57735026919,-0.57735026919,-0.57735026919));
#12128 = ORIENTED_EDGE('',*,*,#10575,.T.);
#12129 = ORIENTED_EDGE('',*,*,#12090,.F.);
#12130 = ORIENTED_EDGE('',*,*,#12131,.F.);
#12131 = EDGE_CURVE('',#12122,#12091,#12132,.T.);
#12132 = LINE('',#12133,#12134);
#12133 = CARTESIAN_POINT('',(12.25,-5.E-02,5.));
#12134 = VECTOR('',#12135,1.);
#12135 = DIRECTION('',(-1.,1.224646799147E-16,0.));
#12136 = PLANE('',#12137);
#12137 = AXIS2_PLACEMENT_3D('',#12138,#12139,#12140);
#12138 = CARTESIAN_POINT('',(12.25,-0.15,4.9));
#12139 = DIRECTION('',(-8.833102285013E-17,-0.707106781187,
    0.707106781187));
#12140 = DIRECTION('',(1.,-1.236918052038E-16,1.227125289097E-18));
#12141 = ADVANCED_FACE('',(#12142),#12160,.T.);
#12142 = FACE_BOUND('',#12143,.F.);
#12143 = EDGE_LOOP('',(#12144,#12145,#12153,#12159));
#12144 = ORIENTED_EDGE('',*,*,#12121,.F.);
#12145 = ORIENTED_EDGE('',*,*,#12146,.T.);
#12146 = EDGE_CURVE('',#12122,#12147,#12149,.T.);
#12147 = VERTEX_POINT('',#12148);
#12148 = CARTESIAN_POINT('',(12.05,5.E-02,5.));
#12149 = LINE('',#12150,#12151);
#12150 = CARTESIAN_POINT('',(12.05,-0.25,5.));
#12151 = VECTOR('',#12152,1.);
#12152 = DIRECTION('',(1.224646799147E-16,1.,0.));
#12153 = ORIENTED_EDGE('',*,*,#12154,.T.);
#12154 = EDGE_CURVE('',#12147,#10592,#12155,.T.);
#12155 = LINE('',#12156,#12157);
#12156 = CARTESIAN_POINT('',(12.1,0.1,4.95));
#12157 = VECTOR('',#12158,1.);
#12158 = DIRECTION('',(0.57735026919,0.57735026919,-0.57735026919));
#12159 = ORIENTED_EDGE('',*,*,#10591,.F.);
#12160 = PLANE('',#12161);
#12161 = AXIS2_PLACEMENT_3D('',#12162,#12163,#12164);
#12162 = CARTESIAN_POINT('',(12.15,-0.25,4.9));
#12163 = DIRECTION('',(0.707106781187,-8.833102285013E-17,0.707106781187
    ));
#12164 = DIRECTION('',(-1.236918052038E-16,-1.,-1.227125289097E-18));
#12165 = ADVANCED_FACE('',(#12166),#12177,.T.);
#12166 = FACE_BOUND('',#12167,.F.);
#12167 = EDGE_LOOP('',(#12168,#12169,#12175,#12176));
#12168 = ORIENTED_EDGE('',*,*,#12154,.F.);
#12169 = ORIENTED_EDGE('',*,*,#12170,.T.);
#12170 = EDGE_CURVE('',#12147,#12099,#12171,.T.);
#12171 = LINE('',#12172,#12173);
#12172 = CARTESIAN_POINT('',(12.25,5.E-02,5.));
#12173 = VECTOR('',#12174,1.);
#12174 = DIRECTION('',(-1.,1.224646799147E-16,0.));
#12175 = ORIENTED_EDGE('',*,*,#12106,.T.);
#12176 = ORIENTED_EDGE('',*,*,#10614,.F.);
#12177 = PLANE('',#12178);
#12178 = AXIS2_PLACEMENT_3D('',#12179,#12180,#12181);
#12179 = CARTESIAN_POINT('',(12.25,0.15,4.9));
#12180 = DIRECTION('',(8.833102285013E-17,0.707106781187,0.707106781187)
  );
#12181 = DIRECTION('',(1.,-1.236918052038E-16,-1.227125289097E-18));
#12182 = ADVANCED_FACE('',(#12183),#12208,.T.);
#12183 = FACE_BOUND('',#12184,.F.);
#12184 = EDGE_LOOP('',(#12185,#12193,#12201,#12207));
#12185 = ORIENTED_EDGE('',*,*,#12186,.F.);
#12186 = EDGE_CURVE('',#12187,#10631,#12189,.T.);
#12187 = VERTEX_POINT('',#12188);
#12188 = CARTESIAN_POINT('',(10.05,5.E-02,5.));
#12189 = LINE('',#12190,#12191);
#12190 = CARTESIAN_POINT('',(10.1,0.1,4.95));
#12191 = VECTOR('',#12192,1.);
#12192 = DIRECTION('',(0.57735026919,0.57735026919,-0.57735026919));
#12193 = ORIENTED_EDGE('',*,*,#12194,.T.);
#12194 = EDGE_CURVE('',#12187,#12195,#12197,.T.);
#12195 = VERTEX_POINT('',#12196);
#12196 = CARTESIAN_POINT('',(9.95,5.E-02,5.));
#12197 = LINE('',#12198,#12199);
#12198 = CARTESIAN_POINT('',(10.25,5.E-02,5.));
#12199 = VECTOR('',#12200,1.);
#12200 = DIRECTION('',(-1.,1.224646799147E-16,0.));
#12201 = ORIENTED_EDGE('',*,*,#12202,.T.);
#12202 = EDGE_CURVE('',#12195,#10639,#12203,.T.);
#12203 = LINE('',#12204,#12205);
#12204 = CARTESIAN_POINT('',(9.983333333333,1.666666666667E-02,
    5.033333333333));
#12205 = VECTOR('',#12206,1.);
#12206 = DIRECTION('',(-0.57735026919,0.57735026919,-0.57735026919));
#12207 = ORIENTED_EDGE('',*,*,#10638,.F.);
#12208 = PLANE('',#12209);
#12209 = AXIS2_PLACEMENT_3D('',#12210,#12211,#12212);
#12210 = CARTESIAN_POINT('',(10.25,0.15,4.9));
#12211 = DIRECTION('',(8.833102285013E-17,0.707106781187,0.707106781187)
  );
#12212 = DIRECTION('',(1.,-1.236918052038E-16,-1.227125289097E-18));
#12213 = ADVANCED_FACE('',(#12214),#12232,.F.);
#12214 = FACE_BOUND('',#12215,.T.);
#12215 = EDGE_LOOP('',(#12216,#12224,#12230,#12231));
#12216 = ORIENTED_EDGE('',*,*,#12217,.F.);
#12217 = EDGE_CURVE('',#12218,#10663,#12220,.T.);
#12218 = VERTEX_POINT('',#12219);
#12219 = CARTESIAN_POINT('',(9.95,-5.E-02,5.));
#12220 = LINE('',#12221,#12222);
#12221 = CARTESIAN_POINT('',(9.9,-0.1,4.95));
#12222 = VECTOR('',#12223,1.);
#12223 = DIRECTION('',(-0.57735026919,-0.57735026919,-0.57735026919));
#12224 = ORIENTED_EDGE('',*,*,#12225,.T.);
#12225 = EDGE_CURVE('',#12218,#12195,#12226,.T.);
#12226 = LINE('',#12227,#12228);
#12227 = CARTESIAN_POINT('',(9.95,-0.25,5.));
#12228 = VECTOR('',#12229,1.);
#12229 = DIRECTION('',(1.224646799147E-16,1.,0.));
#12230 = ORIENTED_EDGE('',*,*,#12202,.T.);
#12231 = ORIENTED_EDGE('',*,*,#10670,.F.);
#12232 = PLANE('',#12233);
#12233 = AXIS2_PLACEMENT_3D('',#12234,#12235,#12236);
#12234 = CARTESIAN_POINT('',(9.85,-0.25,4.9));
#12235 = DIRECTION('',(0.707106781187,-8.486018839685E-17,
    -0.707106781187));
#12236 = DIRECTION('',(-1.212375546256E-16,-1.,-1.227125289196E-18));
#12237 = ADVANCED_FACE('',(#12238),#12256,.T.);
#12238 = FACE_BOUND('',#12239,.F.);
#12239 = EDGE_LOOP('',(#12240,#12248,#12249,#12250));
#12240 = ORIENTED_EDGE('',*,*,#12241,.T.);
#12241 = EDGE_CURVE('',#12242,#10686,#12244,.T.);
#12242 = VERTEX_POINT('',#12243);
#12243 = CARTESIAN_POINT('',(10.05,-5.E-02,5.));
#12244 = LINE('',#12245,#12246);
#12245 = CARTESIAN_POINT('',(10.183333333333,-0.183333333333,
    4.866666666667));
#12246 = VECTOR('',#12247,1.);
#12247 = DIRECTION('',(0.57735026919,-0.57735026919,-0.57735026919));
#12248 = ORIENTED_EDGE('',*,*,#10695,.T.);
#12249 = ORIENTED_EDGE('',*,*,#12217,.F.);
#12250 = ORIENTED_EDGE('',*,*,#12251,.F.);
#12251 = EDGE_CURVE('',#12242,#12218,#12252,.T.);
#12252 = LINE('',#12253,#12254);
#12253 = CARTESIAN_POINT('',(10.25,-5.E-02,5.));
#12254 = VECTOR('',#12255,1.);
#12255 = DIRECTION('',(-1.,1.224646799147E-16,0.));
#12256 = PLANE('',#12257);
#12257 = AXIS2_PLACEMENT_3D('',#12258,#12259,#12260);
#12258 = CARTESIAN_POINT('',(10.25,-0.15,4.9));
#12259 = DIRECTION('',(-8.833102285013E-17,-0.707106781187,
    0.707106781187));
#12260 = DIRECTION('',(1.,-1.236918052038E-16,1.227125289097E-18));
#12261 = ADVANCED_FACE('',(#12262),#12273,.T.);
#12262 = FACE_BOUND('',#12263,.F.);
#12263 = EDGE_LOOP('',(#12264,#12265,#12271,#12272));
#12264 = ORIENTED_EDGE('',*,*,#12241,.F.);
#12265 = ORIENTED_EDGE('',*,*,#12266,.T.);
#12266 = EDGE_CURVE('',#12242,#12187,#12267,.T.);
#12267 = LINE('',#12268,#12269);
#12268 = CARTESIAN_POINT('',(10.05,-0.25,5.));
#12269 = VECTOR('',#12270,1.);
#12270 = DIRECTION('',(1.224646799147E-16,1.,0.));
#12271 = ORIENTED_EDGE('',*,*,#12186,.T.);
#12272 = ORIENTED_EDGE('',*,*,#10711,.F.);
#12273 = PLANE('',#12274);
#12274 = AXIS2_PLACEMENT_3D('',#12275,#12276,#12277);
#12275 = CARTESIAN_POINT('',(10.15,-0.25,4.9));
#12276 = DIRECTION('',(0.707106781187,-8.833102285013E-17,0.707106781187
    ));
#12277 = DIRECTION('',(-1.236918052038E-16,-1.,-1.227125289097E-18));
#12278 = ADVANCED_FACE('',(#12279),#12304,.F.);
#12279 = FACE_BOUND('',#12280,.T.);
#12280 = EDGE_LOOP('',(#12281,#12289,#12297,#12303));
#12281 = ORIENTED_EDGE('',*,*,#12282,.F.);
#12282 = EDGE_CURVE('',#12283,#10728,#12285,.T.);
#12283 = VERTEX_POINT('',#12284);
#12284 = CARTESIAN_POINT('',(7.95,-5.E-02,5.));
#12285 = LINE('',#12286,#12287);
#12286 = CARTESIAN_POINT('',(7.9,-0.1,4.95));
#12287 = VECTOR('',#12288,1.);
#12288 = DIRECTION('',(-0.57735026919,-0.57735026919,-0.57735026919));
#12289 = ORIENTED_EDGE('',*,*,#12290,.T.);
#12290 = EDGE_CURVE('',#12283,#12291,#12293,.T.);
#12291 = VERTEX_POINT('',#12292);
#12292 = CARTESIAN_POINT('',(7.95,5.E-02,5.));
#12293 = LINE('',#12294,#12295);
#12294 = CARTESIAN_POINT('',(7.95,-0.25,5.));
#12295 = VECTOR('',#12296,1.);
#12296 = DIRECTION('',(1.224646799147E-16,1.,0.));
#12297 = ORIENTED_EDGE('',*,*,#12298,.T.);
#12298 = EDGE_CURVE('',#12291,#10736,#12299,.T.);
#12299 = LINE('',#12300,#12301);
#12300 = CARTESIAN_POINT('',(7.983333333333,1.666666666667E-02,
    5.033333333333));
#12301 = VECTOR('',#12302,1.);
#12302 = DIRECTION('',(-0.57735026919,0.57735026919,-0.57735026919));
#12303 = ORIENTED_EDGE('',*,*,#10735,.F.);
#12304 = PLANE('',#12305);
#12305 = AXIS2_PLACEMENT_3D('',#12306,#12307,#12308);
#12306 = CARTESIAN_POINT('',(7.85,-0.25,4.9));
#12307 = DIRECTION('',(0.707106781187,-8.486018839685E-17,
    -0.707106781187));
#12308 = DIRECTION('',(-1.212375546256E-16,-1.,-1.227125289196E-18));
#12309 = ADVANCED_FACE('',(#12310),#12328,.T.);
#12310 = FACE_BOUND('',#12311,.F.);
#12311 = EDGE_LOOP('',(#12312,#12320,#12321,#12322));
#12312 = ORIENTED_EDGE('',*,*,#12313,.T.);
#12313 = EDGE_CURVE('',#12314,#10758,#12316,.T.);
#12314 = VERTEX_POINT('',#12315);
#12315 = CARTESIAN_POINT('',(8.05,-5.E-02,5.));
#12316 = LINE('',#12317,#12318);
#12317 = CARTESIAN_POINT('',(8.183333333333,-0.183333333333,
    4.866666666667));
#12318 = VECTOR('',#12319,1.);
#12319 = DIRECTION('',(0.57735026919,-0.57735026919,-0.57735026919));
#12320 = ORIENTED_EDGE('',*,*,#10767,.T.);
#12321 = ORIENTED_EDGE('',*,*,#12282,.F.);
#12322 = ORIENTED_EDGE('',*,*,#12323,.F.);
#12323 = EDGE_CURVE('',#12314,#12283,#12324,.T.);
#12324 = LINE('',#12325,#12326);
#12325 = CARTESIAN_POINT('',(8.25,-5.E-02,5.));
#12326 = VECTOR('',#12327,1.);
#12327 = DIRECTION('',(-1.,1.224646799147E-16,0.));
#12328 = PLANE('',#12329);
#12329 = AXIS2_PLACEMENT_3D('',#12330,#12331,#12332);
#12330 = CARTESIAN_POINT('',(8.25,-0.15,4.9));
#12331 = DIRECTION('',(-8.833102285013E-17,-0.707106781187,
    0.707106781187));
#12332 = DIRECTION('',(1.,-1.236918052038E-16,1.227125289097E-18));
#12333 = ADVANCED_FACE('',(#12334),#12352,.T.);
#12334 = FACE_BOUND('',#12335,.F.);
#12335 = EDGE_LOOP('',(#12336,#12337,#12345,#12351));
#12336 = ORIENTED_EDGE('',*,*,#12313,.F.);
#12337 = ORIENTED_EDGE('',*,*,#12338,.T.);
#12338 = EDGE_CURVE('',#12314,#12339,#12341,.T.);
#12339 = VERTEX_POINT('',#12340);
#12340 = CARTESIAN_POINT('',(8.05,5.E-02,5.));
#12341 = LINE('',#12342,#12343);
#12342 = CARTESIAN_POINT('',(8.05,-0.25,5.));
#12343 = VECTOR('',#12344,1.);
#12344 = DIRECTION('',(1.224646799147E-16,1.,0.));
#12345 = ORIENTED_EDGE('',*,*,#12346,.T.);
#12346 = EDGE_CURVE('',#12339,#10784,#12347,.T.);
#12347 = LINE('',#12348,#12349);
#12348 = CARTESIAN_POINT('',(8.1,0.1,4.95));
#12349 = VECTOR('',#12350,1.);
#12350 = DIRECTION('',(0.57735026919,0.57735026919,-0.57735026919));
#12351 = ORIENTED_EDGE('',*,*,#10783,.F.);
#12352 = PLANE('',#12353);
#12353 = AXIS2_PLACEMENT_3D('',#12354,#12355,#12356);
#12354 = CARTESIAN_POINT('',(8.15,-0.25,4.9));
#12355 = DIRECTION('',(0.707106781187,-8.833102285013E-17,0.707106781187
    ));
#12356 = DIRECTION('',(-1.236918052038E-16,-1.,-1.227125289097E-18));
#12357 = ADVANCED_FACE('',(#12358),#12369,.T.);
#12358 = FACE_BOUND('',#12359,.F.);
#12359 = EDGE_LOOP('',(#12360,#12361,#12367,#12368));
#12360 = ORIENTED_EDGE('',*,*,#12346,.F.);
#12361 = ORIENTED_EDGE('',*,*,#12362,.T.);
#12362 = EDGE_CURVE('',#12339,#12291,#12363,.T.);
#12363 = LINE('',#12364,#12365);
#12364 = CARTESIAN_POINT('',(8.25,5.E-02,5.));
#12365 = VECTOR('',#12366,1.);
#12366 = DIRECTION('',(-1.,1.224646799147E-16,0.));
#12367 = ORIENTED_EDGE('',*,*,#12298,.T.);
#12368 = ORIENTED_EDGE('',*,*,#10806,.F.);
#12369 = PLANE('',#12370);
#12370 = AXIS2_PLACEMENT_3D('',#12371,#12372,#12373);
#12371 = CARTESIAN_POINT('',(8.25,0.15,4.9));
#12372 = DIRECTION('',(8.833102285013E-17,0.707106781187,0.707106781187)
  );
#12373 = DIRECTION('',(1.,-1.236918052038E-16,-1.227125289097E-18));
#12374 = ADVANCED_FACE('',(#12375),#12400,.T.);
#12375 = FACE_BOUND('',#12376,.F.);
#12376 = EDGE_LOOP('',(#12377,#12385,#12393,#12399));
#12377 = ORIENTED_EDGE('',*,*,#12378,.T.);
#12378 = EDGE_CURVE('',#10824,#12379,#12381,.T.);
#12379 = VERTEX_POINT('',#12380);
#12380 = CARTESIAN_POINT('',(14.05,-5.E-02,5.));
#12381 = LINE('',#12382,#12383);
#12382 = CARTESIAN_POINT('',(14.183333333333,-0.183333333333,
    4.866666666667));
#12383 = VECTOR('',#12384,1.);
#12384 = DIRECTION('',(-0.57735026919,0.57735026919,0.57735026919));
#12385 = ORIENTED_EDGE('',*,*,#12386,.T.);
#12386 = EDGE_CURVE('',#12379,#12387,#12389,.T.);
#12387 = VERTEX_POINT('',#12388);
#12388 = CARTESIAN_POINT('',(14.05,5.E-02,5.));
#12389 = LINE('',#12390,#12391);
#12390 = CARTESIAN_POINT('',(14.05,-0.25,5.));
#12391 = VECTOR('',#12392,1.);
#12392 = DIRECTION('',(1.224646799147E-16,1.,0.));
#12393 = ORIENTED_EDGE('',*,*,#12394,.T.);
#12394 = EDGE_CURVE('',#12387,#10832,#12395,.T.);
#12395 = LINE('',#12396,#12397);
#12396 = CARTESIAN_POINT('',(14.1,0.1,4.95));
#12397 = VECTOR('',#12398,1.);
#12398 = DIRECTION('',(0.57735026919,0.57735026919,-0.57735026919));
#12399 = ORIENTED_EDGE('',*,*,#10831,.F.);
#12400 = PLANE('',#12401);
#12401 = AXIS2_PLACEMENT_3D('',#12402,#12403,#12404);
#12402 = CARTESIAN_POINT('',(14.15,-0.25,4.9));
#12403 = DIRECTION('',(0.707106781187,-8.833102285013E-17,0.707106781187
    ));
#12404 = DIRECTION('',(-1.236918052038E-16,-1.,-1.227125289097E-18));
#12405 = ADVANCED_FACE('',(#12406),#12424,.T.);
#12406 = FACE_BOUND('',#12407,.F.);
#12407 = EDGE_LOOP('',(#12408,#12409,#12417,#12423));
#12408 = ORIENTED_EDGE('',*,*,#12394,.F.);
#12409 = ORIENTED_EDGE('',*,*,#12410,.T.);
#12410 = EDGE_CURVE('',#12387,#12411,#12413,.T.);
#12411 = VERTEX_POINT('',#12412);
#12412 = CARTESIAN_POINT('',(13.95,5.E-02,5.));
#12413 = LINE('',#12414,#12415);
#12414 = CARTESIAN_POINT('',(14.25,5.E-02,5.));
#12415 = VECTOR('',#12416,1.);
#12416 = DIRECTION('',(-1.,1.224646799147E-16,0.));
#12417 = ORIENTED_EDGE('',*,*,#12418,.T.);
#12418 = EDGE_CURVE('',#12411,#10855,#12419,.T.);
#12419 = LINE('',#12420,#12421);
#12420 = CARTESIAN_POINT('',(13.983333333333,1.666666666667E-02,
    5.033333333333));
#12421 = VECTOR('',#12422,1.);
#12422 = DIRECTION('',(-0.57735026919,0.57735026919,-0.57735026919));
#12423 = ORIENTED_EDGE('',*,*,#10854,.F.);
#12424 = PLANE('',#12425);
#12425 = AXIS2_PLACEMENT_3D('',#12426,#12427,#12428);
#12426 = CARTESIAN_POINT('',(14.25,0.15,4.9));
#12427 = DIRECTION('',(8.833102285013E-17,0.707106781187,0.707106781187)
  );
#12428 = DIRECTION('',(1.,-1.236918052038E-16,-1.227125289097E-18));
#12429 = ADVANCED_FACE('',(#12430),#12448,.F.);
#12430 = FACE_BOUND('',#12431,.T.);
#12431 = EDGE_LOOP('',(#12432,#12440,#12446,#12447));
#12432 = ORIENTED_EDGE('',*,*,#12433,.F.);
#12433 = EDGE_CURVE('',#12434,#10879,#12436,.T.);
#12434 = VERTEX_POINT('',#12435);
#12435 = CARTESIAN_POINT('',(13.95,-5.E-02,5.));
#12436 = LINE('',#12437,#12438);
#12437 = CARTESIAN_POINT('',(13.9,-0.1,4.95));
#12438 = VECTOR('',#12439,1.);
#12439 = DIRECTION('',(-0.57735026919,-0.57735026919,-0.57735026919));
#12440 = ORIENTED_EDGE('',*,*,#12441,.T.);
#12441 = EDGE_CURVE('',#12434,#12411,#12442,.T.);
#12442 = LINE('',#12443,#12444);
#12443 = CARTESIAN_POINT('',(13.95,-0.25,5.));
#12444 = VECTOR('',#12445,1.);
#12445 = DIRECTION('',(1.224646799147E-16,1.,0.));
#12446 = ORIENTED_EDGE('',*,*,#12418,.T.);
#12447 = ORIENTED_EDGE('',*,*,#10886,.F.);
#12448 = PLANE('',#12449);
#12449 = AXIS2_PLACEMENT_3D('',#12450,#12451,#12452);
#12450 = CARTESIAN_POINT('',(13.85,-0.25,4.9));
#12451 = DIRECTION('',(0.707106781187,-8.486018839685E-17,
    -0.707106781187));
#12452 = DIRECTION('',(-1.212375546256E-16,-1.,-1.227125289196E-18));
#12453 = ADVANCED_FACE('',(#12454),#12465,.T.);
#12454 = FACE_BOUND('',#12455,.F.);
#12455 = EDGE_LOOP('',(#12456,#12457,#12458,#12459));
#12456 = ORIENTED_EDGE('',*,*,#12378,.F.);
#12457 = ORIENTED_EDGE('',*,*,#10904,.T.);
#12458 = ORIENTED_EDGE('',*,*,#12433,.F.);
#12459 = ORIENTED_EDGE('',*,*,#12460,.F.);
#12460 = EDGE_CURVE('',#12379,#12434,#12461,.T.);
#12461 = LINE('',#12462,#12463);
#12462 = CARTESIAN_POINT('',(14.25,-5.E-02,5.));
#12463 = VECTOR('',#12464,1.);
#12464 = DIRECTION('',(-1.,1.224646799147E-16,0.));
#12465 = PLANE('',#12466);
#12466 = AXIS2_PLACEMENT_3D('',#12467,#12468,#12469);
#12467 = CARTESIAN_POINT('',(14.25,-0.15,4.9));
#12468 = DIRECTION('',(-8.833102285013E-17,-0.707106781187,
    0.707106781187));
#12469 = DIRECTION('',(1.,-1.236918052038E-16,1.227125289097E-18));
#12470 = ADVANCED_FACE('',(#12471),#12496,.T.);
#12471 = FACE_BOUND('',#12472,.F.);
#12472 = EDGE_LOOP('',(#12473,#12481,#12489,#12495));
#12473 = ORIENTED_EDGE('',*,*,#12474,.T.);
#12474 = EDGE_CURVE('',#10920,#12475,#12477,.T.);
#12475 = VERTEX_POINT('',#12476);
#12476 = CARTESIAN_POINT('',(5.E-02,-5.E-02,5.));
#12477 = LINE('',#12478,#12479);
#12478 = CARTESIAN_POINT('',(0.183333333333,-0.183333333333,
    4.866666666667));
#12479 = VECTOR('',#12480,1.);
#12480 = DIRECTION('',(-0.57735026919,0.57735026919,0.57735026919));
#12481 = ORIENTED_EDGE('',*,*,#12482,.T.);
#12482 = EDGE_CURVE('',#12475,#12483,#12485,.T.);
#12483 = VERTEX_POINT('',#12484);
#12484 = CARTESIAN_POINT('',(5.E-02,5.E-02,5.));
#12485 = LINE('',#12486,#12487);
#12486 = CARTESIAN_POINT('',(5.E-02,-0.25,5.));
#12487 = VECTOR('',#12488,1.);
#12488 = DIRECTION('',(1.224646799147E-16,1.,0.));
#12489 = ORIENTED_EDGE('',*,*,#12490,.T.);
#12490 = EDGE_CURVE('',#12483,#10928,#12491,.T.);
#12491 = LINE('',#12492,#12493);
#12492 = CARTESIAN_POINT('',(0.1,0.1,4.95));
#12493 = VECTOR('',#12494,1.);
#12494 = DIRECTION('',(0.57735026919,0.57735026919,-0.57735026919));
#12495 = ORIENTED_EDGE('',*,*,#10927,.F.);
#12496 = PLANE('',#12497);
#12497 = AXIS2_PLACEMENT_3D('',#12498,#12499,#12500);
#12498 = CARTESIAN_POINT('',(0.15,-0.25,4.9));
#12499 = DIRECTION('',(0.707106781187,-8.833102285013E-17,0.707106781187
    ));
#12500 = DIRECTION('',(-1.236918052038E-16,-1.,-1.227125289097E-18));
#12501 = ADVANCED_FACE('',(#12502),#12520,.T.);
#12502 = FACE_BOUND('',#12503,.F.);
#12503 = EDGE_LOOP('',(#12504,#12505,#12513,#12519));
#12504 = ORIENTED_EDGE('',*,*,#12490,.F.);
#12505 = ORIENTED_EDGE('',*,*,#12506,.T.);
#12506 = EDGE_CURVE('',#12483,#12507,#12509,.T.);
#12507 = VERTEX_POINT('',#12508);
#12508 = CARTESIAN_POINT('',(-5.E-02,5.E-02,5.));
#12509 = LINE('',#12510,#12511);
#12510 = CARTESIAN_POINT('',(0.25,5.E-02,5.));
#12511 = VECTOR('',#12512,1.);
#12512 = DIRECTION('',(-1.,1.224646799147E-16,0.));
#12513 = ORIENTED_EDGE('',*,*,#12514,.T.);
#12514 = EDGE_CURVE('',#12507,#10951,#12515,.T.);
#12515 = LINE('',#12516,#12517);
#12516 = CARTESIAN_POINT('',(-1.666666666667E-02,1.666666666667E-02,
    5.033333333333));
#12517 = VECTOR('',#12518,1.);
#12518 = DIRECTION('',(-0.57735026919,0.57735026919,-0.57735026919));
#12519 = ORIENTED_EDGE('',*,*,#10950,.F.);
#12520 = PLANE('',#12521);
#12521 = AXIS2_PLACEMENT_3D('',#12522,#12523,#12524);
#12522 = CARTESIAN_POINT('',(0.25,0.15,4.9));
#12523 = DIRECTION('',(8.833102285013E-17,0.707106781187,0.707106781187)
  );
#12524 = DIRECTION('',(1.,-1.236918052038E-16,-1.227125289097E-18));
#12525 = ADVANCED_FACE('',(#12526),#12544,.F.);
#12526 = FACE_BOUND('',#12527,.T.);
#12527 = EDGE_LOOP('',(#12528,#12536,#12542,#12543));
#12528 = ORIENTED_EDGE('',*,*,#12529,.F.);
#12529 = EDGE_CURVE('',#12530,#10975,#12532,.T.);
#12530 = VERTEX_POINT('',#12531);
#12531 = CARTESIAN_POINT('',(-5.E-02,-5.E-02,5.));
#12532 = LINE('',#12533,#12534);
#12533 = CARTESIAN_POINT('',(-0.1,-0.1,4.95));
#12534 = VECTOR('',#12535,1.);
#12535 = DIRECTION('',(-0.57735026919,-0.57735026919,-0.57735026919));
#12536 = ORIENTED_EDGE('',*,*,#12537,.T.);
#12537 = EDGE_CURVE('',#12530,#12507,#12538,.T.);
#12538 = LINE('',#12539,#12540);
#12539 = CARTESIAN_POINT('',(-5.E-02,-0.25,5.));
#12540 = VECTOR('',#12541,1.);
#12541 = DIRECTION('',(1.224646799147E-16,1.,0.));
#12542 = ORIENTED_EDGE('',*,*,#12514,.T.);
#12543 = ORIENTED_EDGE('',*,*,#10982,.F.);
#12544 = PLANE('',#12545);
#12545 = AXIS2_PLACEMENT_3D('',#12546,#12547,#12548);
#12546 = CARTESIAN_POINT('',(-0.15,-0.25,4.9));
#12547 = DIRECTION('',(0.707106781187,-8.486018839685E-17,
    -0.707106781187));
#12548 = DIRECTION('',(-1.212375546256E-16,-1.,-1.227125289196E-18));
#12549 = ADVANCED_FACE('',(#12550),#12561,.T.);
#12550 = FACE_BOUND('',#12551,.F.);
#12551 = EDGE_LOOP('',(#12552,#12553,#12554,#12555));
#12552 = ORIENTED_EDGE('',*,*,#12474,.F.);
#12553 = ORIENTED_EDGE('',*,*,#11000,.T.);
#12554 = ORIENTED_EDGE('',*,*,#12529,.F.);
#12555 = ORIENTED_EDGE('',*,*,#12556,.F.);
#12556 = EDGE_CURVE('',#12475,#12530,#12557,.T.);
#12557 = LINE('',#12558,#12559);
#12558 = CARTESIAN_POINT('',(0.25,-5.E-02,5.));
#12559 = VECTOR('',#12560,1.);
#12560 = DIRECTION('',(-1.,1.224646799147E-16,0.));
#12561 = PLANE('',#12562);
#12562 = AXIS2_PLACEMENT_3D('',#12563,#12564,#12565);
#12563 = CARTESIAN_POINT('',(0.25,-0.15,4.9));
#12564 = DIRECTION('',(-8.833102285013E-17,-0.707106781187,
    0.707106781187));
#12565 = DIRECTION('',(1.,-1.236918052038E-16,1.227125289097E-18));
#12566 = ADVANCED_FACE('',(#12567),#12578,.T.);
#12567 = FACE_BOUND('',#12568,.T.);
#12568 = EDGE_LOOP('',(#12569,#12570,#12576,#12577));
#12569 = ORIENTED_EDGE('',*,*,#11014,.F.);
#12570 = ORIENTED_EDGE('',*,*,#12571,.T.);
#12571 = EDGE_CURVE('',#11015,#11159,#12572,.T.);
#12572 = LINE('',#12573,#12574);
#12573 = CARTESIAN_POINT('',(0.25,5.E-02,-3.4));
#12574 = VECTOR('',#12575,1.);
#12575 = DIRECTION('',(-1.,1.224646799147E-16,0.));
#12576 = ORIENTED_EDGE('',*,*,#11158,.T.);
#12577 = ORIENTED_EDGE('',*,*,#11077,.F.);
#12578 = PLANE('',#12579);
#12579 = AXIS2_PLACEMENT_3D('',#12580,#12581,#12582);
#12580 = CARTESIAN_POINT('',(0.25,0.165596257347,-3.301223703467));
#12581 = DIRECTION('',(8.302774088379E-17,0.64962967394,-0.760250805153)
  );
#12582 = DIRECTION('',(-1.,1.247195775152E-16,-2.638869166629E-18));
#12583 = ADVANCED_FACE('',(#12584),#12595,.F.);
#12584 = FACE_BOUND('',#12585,.F.);
#12585 = EDGE_LOOP('',(#12586,#12587,#12588,#12589));
#12586 = ORIENTED_EDGE('',*,*,#11024,.F.);
#12587 = ORIENTED_EDGE('',*,*,#12571,.T.);
#12588 = ORIENTED_EDGE('',*,*,#11166,.T.);
#12589 = ORIENTED_EDGE('',*,*,#12590,.F.);
#12590 = EDGE_CURVE('',#11025,#11148,#12591,.T.);
#12591 = LINE('',#12592,#12593);
#12592 = CARTESIAN_POINT('',(0.25,-5.E-02,-3.4));
#12593 = VECTOR('',#12594,1.);
#12594 = DIRECTION('',(-1.,1.224646799147E-16,0.));
#12595 = PLANE('',#12596);
#12596 = AXIS2_PLACEMENT_3D('',#12597,#12598,#12599);
#12597 = CARTESIAN_POINT('',(0.25,0.25,-3.4));
#12598 = DIRECTION('',(0.,0.,1.));
#12599 = DIRECTION('',(-1.224646799147E-16,-1.,0.));
#12600 = ADVANCED_FACE('',(#12601),#12607,.T.);
#12601 = FACE_BOUND('',#12602,.F.);
#12602 = EDGE_LOOP('',(#12603,#12604,#12605,#12606));
#12603 = ORIENTED_EDGE('',*,*,#11032,.F.);
#12604 = ORIENTED_EDGE('',*,*,#12590,.T.);
#12605 = ORIENTED_EDGE('',*,*,#11147,.T.);
#12606 = ORIENTED_EDGE('',*,*,#11123,.F.);
#12607 = PLANE('',#12608);
#12608 = AXIS2_PLACEMENT_3D('',#12609,#12610,#12611);
#12609 = CARTESIAN_POINT('',(0.25,-0.134403742653,-3.301223703467));
#12610 = DIRECTION('',(-9.136856246232E-17,-0.760250805153,
    -0.64962967394));
#12611 = DIRECTION('',(1.,-1.211454098155E-16,1.127308249542E-18));
#12612 = ADVANCED_FACE('',(#12613),#12619,.F.);
#12613 = FACE_BOUND('',#12614,.F.);
#12614 = EDGE_LOOP('',(#12615,#12616,#12617,#12618));
#12615 = ORIENTED_EDGE('',*,*,#11243,.F.);
#12616 = ORIENTED_EDGE('',*,*,#11260,.T.);
#12617 = ORIENTED_EDGE('',*,*,#11188,.T.);
#12618 = ORIENTED_EDGE('',*,*,#11219,.F.);
#12619 = PLANE('',#12620);
#12620 = AXIS2_PLACEMENT_3D('',#12621,#12622,#12623);
#12621 = CARTESIAN_POINT('',(2.25,0.25,-3.4));
#12622 = DIRECTION('',(0.,0.,1.));
#12623 = DIRECTION('',(-1.224646799147E-16,-1.,0.));
#12624 = ADVANCED_FACE('',(#12625),#12631,.F.);
#12625 = FACE_BOUND('',#12626,.F.);
#12626 = EDGE_LOOP('',(#12627,#12628,#12629,#12630));
#12627 = ORIENTED_EDGE('',*,*,#11284,.F.);
#12628 = ORIENTED_EDGE('',*,*,#11308,.T.);
#12629 = ORIENTED_EDGE('',*,*,#11332,.T.);
#12630 = ORIENTED_EDGE('',*,*,#11356,.F.);
#12631 = PLANE('',#12632);
#12632 = AXIS2_PLACEMENT_3D('',#12633,#12634,#12635);
#12633 = CARTESIAN_POINT('',(4.25,0.25,-3.4));
#12634 = DIRECTION('',(0.,0.,1.));
#12635 = DIRECTION('',(-1.224646799147E-16,-1.,0.));
#12636 = ADVANCED_FACE('',(#12637),#12643,.F.);
#12637 = FACE_BOUND('',#12638,.F.);
#12638 = EDGE_LOOP('',(#12639,#12640,#12641,#12642));
#12639 = ORIENTED_EDGE('',*,*,#11435,.F.);
#12640 = ORIENTED_EDGE('',*,*,#11452,.T.);
#12641 = ORIENTED_EDGE('',*,*,#11380,.T.);
#12642 = ORIENTED_EDGE('',*,*,#11411,.F.);
#12643 = PLANE('',#12644);
#12644 = AXIS2_PLACEMENT_3D('',#12645,#12646,#12647);
#12645 = CARTESIAN_POINT('',(6.25,0.25,-3.4));
#12646 = DIRECTION('',(0.,0.,1.));
#12647 = DIRECTION('',(-1.224646799147E-16,-1.,0.));
#12648 = ADVANCED_FACE('',(#12649),#12655,.F.);
#12649 = FACE_BOUND('',#12650,.F.);
#12650 = EDGE_LOOP('',(#12651,#12652,#12653,#12654));
#12651 = ORIENTED_EDGE('',*,*,#11531,.F.);
#12652 = ORIENTED_EDGE('',*,*,#11548,.T.);
#12653 = ORIENTED_EDGE('',*,*,#11476,.T.);
#12654 = ORIENTED_EDGE('',*,*,#11507,.F.);
#12655 = PLANE('',#12656);
#12656 = AXIS2_PLACEMENT_3D('',#12657,#12658,#12659);
#12657 = CARTESIAN_POINT('',(8.25,0.25,-3.4));
#12658 = DIRECTION('',(0.,0.,1.));
#12659 = DIRECTION('',(-1.224646799147E-16,-1.,0.));
#12660 = ADVANCED_FACE('',(#12661),#12667,.F.);
#12661 = FACE_BOUND('',#12662,.F.);
#12662 = EDGE_LOOP('',(#12663,#12664,#12665,#12666));
#12663 = ORIENTED_EDGE('',*,*,#11644,.F.);
#12664 = ORIENTED_EDGE('',*,*,#11572,.T.);
#12665 = ORIENTED_EDGE('',*,*,#11596,.T.);
#12666 = ORIENTED_EDGE('',*,*,#11627,.F.);
#12667 = PLANE('',#12668);
#12668 = AXIS2_PLACEMENT_3D('',#12669,#12670,#12671);
#12669 = CARTESIAN_POINT('',(10.25,0.25,-3.4));
#12670 = DIRECTION('',(0.,0.,1.));
#12671 = DIRECTION('',(-1.224646799147E-16,-1.,0.));
#12672 = ADVANCED_FACE('',(#12673),#12679,.F.);
#12673 = FACE_BOUND('',#12674,.F.);
#12674 = EDGE_LOOP('',(#12675,#12676,#12677,#12678));
#12675 = ORIENTED_EDGE('',*,*,#11723,.F.);
#12676 = ORIENTED_EDGE('',*,*,#11740,.T.);
#12677 = ORIENTED_EDGE('',*,*,#11668,.T.);
#12678 = ORIENTED_EDGE('',*,*,#11699,.F.);
#12679 = PLANE('',#12680);
#12680 = AXIS2_PLACEMENT_3D('',#12681,#12682,#12683);
#12681 = CARTESIAN_POINT('',(12.25,0.25,-3.4));
#12682 = DIRECTION('',(0.,0.,1.));
#12683 = DIRECTION('',(-1.224646799147E-16,-1.,0.));
#12684 = ADVANCED_FACE('',(#12685),#12691,.F.);
#12685 = FACE_BOUND('',#12686,.F.);
#12686 = EDGE_LOOP('',(#12687,#12688,#12689,#12690));
#12687 = ORIENTED_EDGE('',*,*,#11858,.F.);
#12688 = ORIENTED_EDGE('',*,*,#11843,.T.);
#12689 = ORIENTED_EDGE('',*,*,#11810,.T.);
#12690 = ORIENTED_EDGE('',*,*,#11882,.F.);
#12691 = PLANE('',#12692);
#12692 = AXIS2_PLACEMENT_3D('',#12693,#12694,#12695);
#12693 = CARTESIAN_POINT('',(2.25,-0.25,5.));
#12694 = DIRECTION('',(-0.,0.,-1.));
#12695 = DIRECTION('',(1.224646799147E-16,1.,0.));
#12696 = ADVANCED_FACE('',(#12697),#12703,.F.);
#12697 = FACE_BOUND('',#12698,.F.);
#12698 = EDGE_LOOP('',(#12699,#12700,#12701,#12702));
#12699 = ORIENTED_EDGE('',*,*,#11906,.F.);
#12700 = ORIENTED_EDGE('',*,*,#11980,.T.);
#12701 = ORIENTED_EDGE('',*,*,#11961,.T.);
#12702 = ORIENTED_EDGE('',*,*,#11930,.F.);
#12703 = PLANE('',#12704);
#12704 = AXIS2_PLACEMENT_3D('',#12705,#12706,#12707);
#12705 = CARTESIAN_POINT('',(4.25,-0.25,5.));
#12706 = DIRECTION('',(-0.,0.,-1.));
#12707 = DIRECTION('',(1.224646799147E-16,1.,0.));
#12708 = ADVANCED_FACE('',(#12709),#12715,.F.);
#12709 = FACE_BOUND('',#12710,.F.);
#12710 = EDGE_LOOP('',(#12711,#12712,#12713,#12714));
#12711 = ORIENTED_EDGE('',*,*,#12050,.F.);
#12712 = ORIENTED_EDGE('',*,*,#12035,.T.);
#12713 = ORIENTED_EDGE('',*,*,#12002,.T.);
#12714 = ORIENTED_EDGE('',*,*,#12074,.F.);
#12715 = PLANE('',#12716);
#12716 = AXIS2_PLACEMENT_3D('',#12717,#12718,#12719);
#12717 = CARTESIAN_POINT('',(6.25,-0.25,5.));
#12718 = DIRECTION('',(-0.,0.,-1.));
#12719 = DIRECTION('',(1.224646799147E-16,1.,0.));
#12720 = ADVANCED_FACE('',(#12721),#12727,.F.);
#12721 = FACE_BOUND('',#12722,.F.);
#12722 = EDGE_LOOP('',(#12723,#12724,#12725,#12726));
#12723 = ORIENTED_EDGE('',*,*,#12146,.F.);
#12724 = ORIENTED_EDGE('',*,*,#12131,.T.);
#12725 = ORIENTED_EDGE('',*,*,#12098,.T.);
#12726 = ORIENTED_EDGE('',*,*,#12170,.F.);
#12727 = PLANE('',#12728);
#12728 = AXIS2_PLACEMENT_3D('',#12729,#12730,#12731);
#12729 = CARTESIAN_POINT('',(12.25,-0.25,5.));
#12730 = DIRECTION('',(-0.,0.,-1.));
#12731 = DIRECTION('',(1.224646799147E-16,1.,0.));
#12732 = ADVANCED_FACE('',(#12733),#12739,.F.);
#12733 = FACE_BOUND('',#12734,.F.);
#12734 = EDGE_LOOP('',(#12735,#12736,#12737,#12738));
#12735 = ORIENTED_EDGE('',*,*,#12266,.F.);
#12736 = ORIENTED_EDGE('',*,*,#12251,.T.);
#12737 = ORIENTED_EDGE('',*,*,#12225,.T.);
#12738 = ORIENTED_EDGE('',*,*,#12194,.F.);
#12739 = PLANE('',#12740);
#12740 = AXIS2_PLACEMENT_3D('',#12741,#12742,#12743);
#12741 = CARTESIAN_POINT('',(10.25,-0.25,5.));
#12742 = DIRECTION('',(-0.,0.,-1.));
#12743 = DIRECTION('',(1.224646799147E-16,1.,0.));
#12744 = ADVANCED_FACE('',(#12745),#12751,.F.);
#12745 = FACE_BOUND('',#12746,.F.);
#12746 = EDGE_LOOP('',(#12747,#12748,#12749,#12750));
#12747 = ORIENTED_EDGE('',*,*,#12338,.F.);
#12748 = ORIENTED_EDGE('',*,*,#12323,.T.);
#12749 = ORIENTED_EDGE('',*,*,#12290,.T.);
#12750 = ORIENTED_EDGE('',*,*,#12362,.F.);
#12751 = PLANE('',#12752);
#12752 = AXIS2_PLACEMENT_3D('',#12753,#12754,#12755);
#12753 = CARTESIAN_POINT('',(8.25,-0.25,5.));
#12754 = DIRECTION('',(-0.,0.,-1.));
#12755 = DIRECTION('',(1.224646799147E-16,1.,0.));
#12756 = ADVANCED_FACE('',(#12757),#12763,.F.);
#12757 = FACE_BOUND('',#12758,.F.);
#12758 = EDGE_LOOP('',(#12759,#12760,#12761,#12762));
#12759 = ORIENTED_EDGE('',*,*,#12441,.T.);
#12760 = ORIENTED_EDGE('',*,*,#12410,.F.);
#12761 = ORIENTED_EDGE('',*,*,#12386,.F.);
#12762 = ORIENTED_EDGE('',*,*,#12460,.T.);
#12763 = PLANE('',#12764);
#12764 = AXIS2_PLACEMENT_3D('',#12765,#12766,#12767);
#12765 = CARTESIAN_POINT('',(14.25,-0.25,5.));
#12766 = DIRECTION('',(-0.,0.,-1.));
#12767 = DIRECTION('',(1.224646799147E-16,1.,0.));
#12768 = ADVANCED_FACE('',(#12769),#12775,.F.);
#12769 = FACE_BOUND('',#12770,.F.);
#12770 = EDGE_LOOP('',(#12771,#12772,#12773,#12774));
#12771 = ORIENTED_EDGE('',*,*,#12537,.T.);
#12772 = ORIENTED_EDGE('',*,*,#12506,.F.);
#12773 = ORIENTED_EDGE('',*,*,#12482,.F.);
#12774 = ORIENTED_EDGE('',*,*,#12556,.T.);
#12775 = PLANE('',#12776);
#12776 = AXIS2_PLACEMENT_3D('',#12777,#12778,#12779);
#12777 = CARTESIAN_POINT('',(0.25,-0.25,5.));
#12778 = DIRECTION('',(-0.,0.,-1.));
#12779 = DIRECTION('',(1.224646799147E-16,1.,0.));
#12780 = ( GEOMETRIC_REPRESENTATION_CONTEXT(3) 
GLOBAL_UNCERTAINTY_ASSIGNED_CONTEXT((#12784)) 
GLOBAL_UNIT_ASSIGNED_CONTEXT((#12781,#12782,#12783)) 
REPRESENTATION_CONTEXT('Context #1',
  '3D Context with UNIT and UNCERTAINTY') );
#12781 = ( LENGTH_UNIT() NAMED_UNIT(*) SI_UNIT(.MILLI.,.METRE.) );
#12782 = ( NAMED_UNIT(*) PLANE_ANGLE_UNIT() SI_UNIT($,.RADIAN.) );
#12783 = ( NAMED_UNIT(*) SI_UNIT($,.STERADIAN.) SOLID_ANGLE_UNIT() );
#12784 = UNCERTAINTY_MEASURE_WITH_UNIT(LENGTH_MEASURE(1.E-07),#12781,
  'distance_accuracy_value','confusion accuracy');
#12785 = CONTEXT_DEPENDENT_SHAPE_REPRESENTATION(#12786,#12788);
#12786 = ( REPRESENTATION_RELATIONSHIP('','',#5051,#5028) 
REPRESENTATION_RELATIONSHIP_WITH_TRANSFORMATION(#12787) 
SHAPE_REPRESENTATION_RELATIONSHIP() );
#12787 = ITEM_DEFINED_TRANSFORMATION('','',#11,#5029);
#12788 = PRODUCT_DEFINITION_SHAPE('Placement','Placement of an item',
  #12789);
#12789 = NEXT_ASSEMBLY_USAGE_OCCURRENCE('3','=>[0:1:1:5]','',#5023,#5046
  ,$);
#12790 = PRODUCT_RELATED_PRODUCT_CATEGORY('part',$,(#5048));
#12791 = SHAPE_DEFINITION_REPRESENTATION(#12792,#12798);
#12792 = PRODUCT_DEFINITION_SHAPE('','',#12793);
#12793 = PRODUCT_DEFINITION('design','',#12794,#12797);
#12794 = PRODUCT_DEFINITION_FORMATION('','',#12795);
#12795 = PRODUCT('Maz4324_soldermask','Maz4324_soldermask','',(#12796));
#12796 = PRODUCT_CONTEXT('',#2,'mechanical');
#12797 = PRODUCT_DEFINITION_CONTEXT('part definition',#2,'design');
#12798 = MANIFOLD_SURFACE_SHAPE_REPRESENTATION('',(#11,#12799),#13293);
#12799 = SHELL_BASED_SURFACE_MODEL('',(#12800));
#12800 = OPEN_SHELL('',(#12801));
#12801 = ADVANCED_FACE('',(#12802,#12936,#12947,#12958,#12969,#12980,
    #12991,#13002,#13013,#13024,#13035,#13046,#13057,#13068,#13079,
    #13090,#13101,#13112,#13123,#13134,#13145,#13156,#13167,#13178,
    #13189,#13200,#13211,#13222,#13233,#13244,#13255,#13266,#13277),
  #13288,.T.);
#12802 = FACE_BOUND('',#12803,.F.);
#12803 = EDGE_LOOP('',(#12804,#12815,#12823,#12831,#12839,#12848,#12856,
    #12864,#12872,#12881,#12889,#12897,#12905,#12914,#12922,#12930));
#12804 = ORIENTED_EDGE('',*,*,#12805,.T.);
#12805 = EDGE_CURVE('',#12806,#12808,#12810,.T.);
#12806 = VERTEX_POINT('',#12807);
#12807 = CARTESIAN_POINT('',(17.502676,-19.836317,1.56));
#12808 = VERTEX_POINT('',#12809);
#12809 = CARTESIAN_POINT('',(19.836317,-17.502676,1.56));
#12810 = CIRCLE('',#12811,2.502683392652);
#12811 = AXIS2_PLACEMENT_3D('',#12812,#12813,#12814);
#12812 = CARTESIAN_POINT('',(20.000000916644,-20.00000091664,1.56));
#12813 = DIRECTION('',(0.,0.,-1.));
#12814 = DIRECTION('',(-0.997858907753,6.540336549325E-02,0.));
#12815 = ORIENTED_EDGE('',*,*,#12816,.T.);
#12816 = EDGE_CURVE('',#12808,#12817,#12819,.T.);
#12817 = VERTEX_POINT('',#12818);
#12818 = CARTESIAN_POINT('',(20.,-17.5,1.56));
#12819 = LINE('',#12820,#12821);
#12820 = CARTESIAN_POINT('',(19.836317,-17.502676,1.56));
#12821 = VECTOR('',#12822,1.);
#12822 = DIRECTION('',(0.999866387213,1.634648956937E-02,0.));
#12823 = ORIENTED_EDGE('',*,*,#12824,.T.);
#12824 = EDGE_CURVE('',#12817,#12825,#12827,.T.);
#12825 = VERTEX_POINT('',#12826);
#12826 = CARTESIAN_POINT('',(104.5,-17.5,1.56));
#12827 = LINE('',#12828,#12829);
#12828 = CARTESIAN_POINT('',(20.,-17.5,1.56));
#12829 = VECTOR('',#12830,1.);
#12830 = DIRECTION('',(1.,0.,0.));
#12831 = ORIENTED_EDGE('',*,*,#12832,.T.);
#12832 = EDGE_CURVE('',#12825,#12833,#12835,.T.);
#12833 = VERTEX_POINT('',#12834);
#12834 = CARTESIAN_POINT('',(104.663683,-17.502676,1.56));
#12835 = LINE('',#12836,#12837);
#12836 = CARTESIAN_POINT('',(104.5,-17.5,1.56));
#12837 = VECTOR('',#12838,1.);
#12838 = DIRECTION('',(0.999866387213,-1.634648956937E-02,0.));
#12839 = ORIENTED_EDGE('',*,*,#12840,.T.);
#12840 = EDGE_CURVE('',#12833,#12841,#12843,.T.);
#12841 = VERTEX_POINT('',#12842);
#12842 = CARTESIAN_POINT('',(106.997324,-19.836317,1.56));
#12843 = CIRCLE('',#12844,2.502683392652);
#12844 = AXIS2_PLACEMENT_3D('',#12845,#12846,#12847);
#12845 = CARTESIAN_POINT('',(104.49999908335,-20.00000091664,1.56));
#12846 = DIRECTION('',(0.,0.,-1.));
#12847 = DIRECTION('',(6.540336549326E-02,0.997858907753,0.));
#12848 = ORIENTED_EDGE('',*,*,#12849,.T.);
#12849 = EDGE_CURVE('',#12841,#12850,#12852,.T.);
#12850 = VERTEX_POINT('',#12851);
#12851 = CARTESIAN_POINT('',(107.,-20.,1.56));
#12852 = LINE('',#12853,#12854);
#12853 = CARTESIAN_POINT('',(106.997324,-19.836317,1.56));
#12854 = VECTOR('',#12855,1.);
#12855 = DIRECTION('',(1.634648956933E-02,-0.999866387213,0.));
#12856 = ORIENTED_EDGE('',*,*,#12857,.T.);
#12857 = EDGE_CURVE('',#12850,#12858,#12860,.T.);
#12858 = VERTEX_POINT('',#12859);
#12859 = CARTESIAN_POINT('',(107.,-53.,1.56));
#12860 = LINE('',#12861,#12862);
#12861 = CARTESIAN_POINT('',(107.,-20.,1.56));
#12862 = VECTOR('',#12863,1.);
#12863 = DIRECTION('',(0.,-1.,0.));
#12864 = ORIENTED_EDGE('',*,*,#12865,.T.);
#12865 = EDGE_CURVE('',#12858,#12866,#12868,.T.);
#12866 = VERTEX_POINT('',#12867);
#12867 = CARTESIAN_POINT('',(106.997324,-53.163683,1.56));
#12868 = LINE('',#12869,#12870);
#12869 = CARTESIAN_POINT('',(107.,-53.,1.56));
#12870 = VECTOR('',#12871,1.);
#12871 = DIRECTION('',(-1.634648956933E-02,-0.999866387213,0.));
#12872 = ORIENTED_EDGE('',*,*,#12873,.T.);
#12873 = EDGE_CURVE('',#12866,#12874,#12876,.T.);
#12874 = VERTEX_POINT('',#12875);
#12875 = CARTESIAN_POINT('',(104.663683,-55.497324,1.56));
#12876 = CIRCLE('',#12877,2.502683392652);
#12877 = AXIS2_PLACEMENT_3D('',#12878,#12879,#12880);
#12878 = CARTESIAN_POINT('',(104.49999908335,-52.99999908335,1.56));
#12879 = DIRECTION('',(0.,0.,-1.));
#12880 = DIRECTION('',(0.997858907753,-6.540336549326E-02,0.));
#12881 = ORIENTED_EDGE('',*,*,#12882,.T.);
#12882 = EDGE_CURVE('',#12874,#12883,#12885,.T.);
#12883 = VERTEX_POINT('',#12884);
#12884 = CARTESIAN_POINT('',(104.5,-55.5,1.56));
#12885 = LINE('',#12886,#12887);
#12886 = CARTESIAN_POINT('',(104.663683,-55.497324,1.56));
#12887 = VECTOR('',#12888,1.);
#12888 = DIRECTION('',(-0.999866387213,-1.634648956937E-02,0.));
#12889 = ORIENTED_EDGE('',*,*,#12890,.T.);
#12890 = EDGE_CURVE('',#12883,#12891,#12893,.T.);
#12891 = VERTEX_POINT('',#12892);
#12892 = CARTESIAN_POINT('',(20.,-55.5,1.56));
#12893 = LINE('',#12894,#12895);
#12894 = CARTESIAN_POINT('',(104.5,-55.5,1.56));
#12895 = VECTOR('',#12896,1.);
#12896 = DIRECTION('',(-1.,0.,0.));
#12897 = ORIENTED_EDGE('',*,*,#12898,.T.);
#12898 = EDGE_CURVE('',#12891,#12899,#12901,.T.);
#12899 = VERTEX_POINT('',#12900);
#12900 = CARTESIAN_POINT('',(19.836317,-55.497324,1.56));
#12901 = LINE('',#12902,#12903);
#12902 = CARTESIAN_POINT('',(20.,-55.5,1.56));
#12903 = VECTOR('',#12904,1.);
#12904 = DIRECTION('',(-0.999866387213,1.634648956937E-02,0.));
#12905 = ORIENTED_EDGE('',*,*,#12906,.T.);
#12906 = EDGE_CURVE('',#12899,#12907,#12909,.T.);
#12907 = VERTEX_POINT('',#12908);
#12908 = CARTESIAN_POINT('',(17.502676,-53.163683,1.56));
#12909 = CIRCLE('',#12910,2.502683392652);
#12910 = AXIS2_PLACEMENT_3D('',#12911,#12912,#12913);
#12911 = CARTESIAN_POINT('',(20.000000916643,-52.99999908335,1.56));
#12912 = DIRECTION('',(0.,0.,-1.));
#12913 = DIRECTION('',(-6.540336549325E-02,-0.997858907753,-0.));
#12914 = ORIENTED_EDGE('',*,*,#12915,.T.);
#12915 = EDGE_CURVE('',#12907,#12916,#12918,.T.);
#12916 = VERTEX_POINT('',#12917);
#12917 = CARTESIAN_POINT('',(17.5,-53.,1.56));
#12918 = LINE('',#12919,#12920);
#12919 = CARTESIAN_POINT('',(17.502676,-53.163683,1.56));
#12920 = VECTOR('',#12921,1.);
#12921 = DIRECTION('',(-1.634648956937E-02,0.999866387213,0.));
#12922 = ORIENTED_EDGE('',*,*,#12923,.T.);
#12923 = EDGE_CURVE('',#12916,#12924,#12926,.T.);
#12924 = VERTEX_POINT('',#12925);
#12925 = CARTESIAN_POINT('',(17.5,-20.,1.56));
#12926 = LINE('',#12927,#12928);
#12927 = CARTESIAN_POINT('',(17.5,-53.,1.56));
#12928 = VECTOR('',#12929,1.);
#12929 = DIRECTION('',(0.,1.,0.));
#12930 = ORIENTED_EDGE('',*,*,#12931,.T.);
#12931 = EDGE_CURVE('',#12924,#12806,#12932,.T.);
#12932 = LINE('',#12933,#12934);
#12933 = CARTESIAN_POINT('',(17.5,-20.,1.56));
#12934 = VECTOR('',#12935,1.);
#12935 = DIRECTION('',(1.634648956937E-02,0.999866387213,0.));
#12936 = FACE_BOUND('',#12937,.F.);
#12937 = EDGE_LOOP('',(#12938));
#12938 = ORIENTED_EDGE('',*,*,#12939,.T.);
#12939 = EDGE_CURVE('',#12940,#12940,#12942,.T.);
#12940 = VERTEX_POINT('',#12941);
#12941 = CARTESIAN_POINT('',(21.337461,-53.,1.56));
#12942 = CIRCLE('',#12943,1.337461);
#12943 = AXIS2_PLACEMENT_3D('',#12944,#12945,#12946);
#12944 = CARTESIAN_POINT('',(20.,-53.,1.56));
#12945 = DIRECTION('',(0.,0.,1.));
#12946 = DIRECTION('',(1.,0.,-0.));
#12947 = FACE_BOUND('',#12948,.F.);
#12948 = EDGE_LOOP('',(#12949));
#12949 = ORIENTED_EDGE('',*,*,#12950,.T.);
#12950 = EDGE_CURVE('',#12951,#12951,#12953,.T.);
#12951 = VERTEX_POINT('',#12952);
#12952 = CARTESIAN_POINT('',(105.837461,-53.,1.56));
#12953 = CIRCLE('',#12954,1.337461);
#12954 = AXIS2_PLACEMENT_3D('',#12955,#12956,#12957);
#12955 = CARTESIAN_POINT('',(104.5,-53.,1.56));
#12956 = DIRECTION('',(0.,0.,1.));
#12957 = DIRECTION('',(1.,0.,-0.));
#12958 = FACE_BOUND('',#12959,.F.);
#12959 = EDGE_LOOP('',(#12960));
#12960 = ORIENTED_EDGE('',*,*,#12961,.T.);
#12961 = EDGE_CURVE('',#12962,#12962,#12964,.T.);
#12962 = VERTEX_POINT('',#12963);
#12963 = CARTESIAN_POINT('',(22.862392,-44.,1.56));
#12964 = CIRCLE('',#12965,0.362392);
#12965 = AXIS2_PLACEMENT_3D('',#12966,#12967,#12968);
#12966 = CARTESIAN_POINT('',(22.5,-44.,1.56));
#12967 = DIRECTION('',(0.,0.,1.));
#12968 = DIRECTION('',(1.,0.,-0.));
#12969 = FACE_BOUND('',#12970,.F.);
#12970 = EDGE_LOOP('',(#12971));
#12971 = ORIENTED_EDGE('',*,*,#12972,.T.);
#12972 = EDGE_CURVE('',#12973,#12973,#12975,.T.);
#12973 = VERTEX_POINT('',#12974);
#12974 = CARTESIAN_POINT('',(22.862392,-42.,1.56));
#12975 = CIRCLE('',#12976,0.362392);
#12976 = AXIS2_PLACEMENT_3D('',#12977,#12978,#12979);
#12977 = CARTESIAN_POINT('',(22.5,-42.,1.56));
#12978 = DIRECTION('',(0.,0.,1.));
#12979 = DIRECTION('',(1.,0.,-0.));
#12980 = FACE_BOUND('',#12981,.F.);
#12981 = EDGE_LOOP('',(#12982));
#12982 = ORIENTED_EDGE('',*,*,#12983,.T.);
#12983 = EDGE_CURVE('',#12984,#12984,#12986,.T.);
#12984 = VERTEX_POINT('',#12985);
#12985 = CARTESIAN_POINT('',(22.862392,-40.,1.56));
#12986 = CIRCLE('',#12987,0.362392);
#12987 = AXIS2_PLACEMENT_3D('',#12988,#12989,#12990);
#12988 = CARTESIAN_POINT('',(22.5,-40.,1.56));
#12989 = DIRECTION('',(0.,0.,1.));
#12990 = DIRECTION('',(1.,0.,-0.));
#12991 = FACE_BOUND('',#12992,.F.);
#12992 = EDGE_LOOP('',(#12993));
#12993 = ORIENTED_EDGE('',*,*,#12994,.T.);
#12994 = EDGE_CURVE('',#12995,#12995,#12997,.T.);
#12995 = VERTEX_POINT('',#12996);
#12996 = CARTESIAN_POINT('',(22.862392,-38.,1.56));
#12997 = CIRCLE('',#12998,0.362392);
#12998 = AXIS2_PLACEMENT_3D('',#12999,#13000,#13001);
#12999 = CARTESIAN_POINT('',(22.5,-38.,1.56));
#13000 = DIRECTION('',(0.,0.,1.));
#13001 = DIRECTION('',(1.,0.,-0.));
#13002 = FACE_BOUND('',#13003,.F.);
#13003 = EDGE_LOOP('',(#13004));
#13004 = ORIENTED_EDGE('',*,*,#13005,.T.);
#13005 = EDGE_CURVE('',#13006,#13006,#13008,.T.);
#13006 = VERTEX_POINT('',#13007);
#13007 = CARTESIAN_POINT('',(30.811891,-36.24,1.56));
#13008 = CIRCLE('',#13009,0.431891);
#13009 = AXIS2_PLACEMENT_3D('',#13010,#13011,#13012);
#13010 = CARTESIAN_POINT('',(30.38,-36.24,1.56));
#13011 = DIRECTION('',(0.,0.,1.));
#13012 = DIRECTION('',(1.,0.,-0.));
#13013 = FACE_BOUND('',#13014,.F.);
#13014 = EDGE_LOOP('',(#13015));
#13015 = ORIENTED_EDGE('',*,*,#13016,.T.);
#13016 = EDGE_CURVE('',#13017,#13017,#13019,.T.);
#13017 = VERTEX_POINT('',#13018);
#13018 = CARTESIAN_POINT('',(46.051891,-36.24,1.56));
#13019 = CIRCLE('',#13020,0.431891);
#13020 = AXIS2_PLACEMENT_3D('',#13021,#13022,#13023);
#13021 = CARTESIAN_POINT('',(45.62,-36.24,1.56));
#13022 = DIRECTION('',(0.,0.,1.));
#13023 = DIRECTION('',(1.,0.,-0.));
#13024 = FACE_BOUND('',#13025,.F.);
#13025 = EDGE_LOOP('',(#13026));
#13026 = ORIENTED_EDGE('',*,*,#13027,.T.);
#13027 = EDGE_CURVE('',#13028,#13028,#13030,.T.);
#13028 = VERTEX_POINT('',#13029);
#13029 = CARTESIAN_POINT('',(22.862392,-36.,1.56));
#13030 = CIRCLE('',#13031,0.362392);
#13031 = AXIS2_PLACEMENT_3D('',#13032,#13033,#13034);
#13032 = CARTESIAN_POINT('',(22.5,-36.,1.56));
#13033 = DIRECTION('',(0.,0.,1.));
#13034 = DIRECTION('',(1.,0.,-0.));
#13035 = FACE_BOUND('',#13036,.F.);
#13036 = EDGE_LOOP('',(#13037));
#13037 = ORIENTED_EDGE('',*,*,#13038,.T.);
#13038 = EDGE_CURVE('',#13039,#13039,#13041,.T.);
#13039 = VERTEX_POINT('',#13040);
#13040 = CARTESIAN_POINT('',(54.240391,-34.2,1.56));
#13041 = CIRCLE('',#13042,0.368391);
#13042 = AXIS2_PLACEMENT_3D('',#13043,#13044,#13045);
#13043 = CARTESIAN_POINT('',(53.872,-34.2,1.56));
#13044 = DIRECTION('',(0.,0.,1.));
#13045 = DIRECTION('',(1.,0.,-0.));
#13046 = FACE_BOUND('',#13047,.F.);
#13047 = EDGE_LOOP('',(#13048));
#13048 = ORIENTED_EDGE('',*,*,#13049,.T.);
#13049 = EDGE_CURVE('',#13050,#13050,#13052,.T.);
#13050 = VERTEX_POINT('',#13051);
#13051 = CARTESIAN_POINT('',(22.862392,-34.,1.56));
#13052 = CIRCLE('',#13053,0.362392);
#13053 = AXIS2_PLACEMENT_3D('',#13054,#13055,#13056);
#13054 = CARTESIAN_POINT('',(22.5,-34.,1.56));
#13055 = DIRECTION('',(0.,0.,1.));
#13056 = DIRECTION('',(1.,0.,-0.));
#13057 = FACE_BOUND('',#13058,.F.);
#13058 = EDGE_LOOP('',(#13059));
#13059 = ORIENTED_EDGE('',*,*,#13060,.T.);
#13060 = EDGE_CURVE('',#13061,#13061,#13063,.T.);
#13061 = VERTEX_POINT('',#13062);
#13062 = CARTESIAN_POINT('',(30.811891,-33.7,1.56));
#13063 = CIRCLE('',#13064,0.431891);
#13064 = AXIS2_PLACEMENT_3D('',#13065,#13066,#13067);
#13065 = CARTESIAN_POINT('',(30.38,-33.7,1.56));
#13066 = DIRECTION('',(0.,0.,1.));
#13067 = DIRECTION('',(1.,0.,-0.));
#13068 = FACE_BOUND('',#13069,.F.);
#13069 = EDGE_LOOP('',(#13070));
#13070 = ORIENTED_EDGE('',*,*,#13071,.T.);
#13071 = EDGE_CURVE('',#13072,#13072,#13074,.T.);
#13072 = VERTEX_POINT('',#13073);
#13073 = CARTESIAN_POINT('',(46.051891,-33.7,1.56));
#13074 = CIRCLE('',#13075,0.431891);
#13075 = AXIS2_PLACEMENT_3D('',#13076,#13077,#13078);
#13076 = CARTESIAN_POINT('',(45.62,-33.7,1.56));
#13077 = DIRECTION('',(0.,0.,1.));
#13078 = DIRECTION('',(1.,0.,-0.));
#13079 = FACE_BOUND('',#13080,.F.);
#13080 = EDGE_LOOP('',(#13081));
#13081 = ORIENTED_EDGE('',*,*,#13082,.T.);
#13082 = EDGE_CURVE('',#13083,#13083,#13085,.T.);
#13083 = VERTEX_POINT('',#13084);
#13084 = CARTESIAN_POINT('',(22.862392,-32.,1.56));
#13085 = CIRCLE('',#13086,0.362392);
#13086 = AXIS2_PLACEMENT_3D('',#13087,#13088,#13089);
#13087 = CARTESIAN_POINT('',(22.5,-32.,1.56));
#13088 = DIRECTION('',(0.,0.,1.));
#13089 = DIRECTION('',(1.,0.,-0.));
#13090 = FACE_BOUND('',#13091,.F.);
#13091 = EDGE_LOOP('',(#13092));
#13092 = ORIENTED_EDGE('',*,*,#13093,.T.);
#13093 = EDGE_CURVE('',#13094,#13094,#13096,.T.);
#13094 = VERTEX_POINT('',#13095);
#13095 = CARTESIAN_POINT('',(54.240391,-31.66,1.56));
#13096 = CIRCLE('',#13097,0.368391);
#13097 = AXIS2_PLACEMENT_3D('',#13098,#13099,#13100);
#13098 = CARTESIAN_POINT('',(53.872,-31.66,1.56));
#13099 = DIRECTION('',(0.,0.,1.));
#13100 = DIRECTION('',(1.,0.,-0.));
#13101 = FACE_BOUND('',#13102,.F.);
#13102 = EDGE_LOOP('',(#13103));
#13103 = ORIENTED_EDGE('',*,*,#13104,.T.);
#13104 = EDGE_CURVE('',#13105,#13105,#13107,.T.);
#13105 = VERTEX_POINT('',#13106);
#13106 = CARTESIAN_POINT('',(30.811891,-31.16,1.56));
#13107 = CIRCLE('',#13108,0.431891);
#13108 = AXIS2_PLACEMENT_3D('',#13109,#13110,#13111);
#13109 = CARTESIAN_POINT('',(30.38,-31.16,1.56));
#13110 = DIRECTION('',(0.,0.,1.));
#13111 = DIRECTION('',(1.,0.,-0.));
#13112 = FACE_BOUND('',#13113,.F.);
#13113 = EDGE_LOOP('',(#13114));
#13114 = ORIENTED_EDGE('',*,*,#13115,.T.);
#13115 = EDGE_CURVE('',#13116,#13116,#13118,.T.);
#13116 = VERTEX_POINT('',#13117);
#13117 = CARTESIAN_POINT('',(46.051891,-31.16,1.56));
#13118 = CIRCLE('',#13119,0.431891);
#13119 = AXIS2_PLACEMENT_3D('',#13120,#13121,#13122);
#13120 = CARTESIAN_POINT('',(45.62,-31.16,1.56));
#13121 = DIRECTION('',(0.,0.,1.));
#13122 = DIRECTION('',(1.,0.,-0.));
#13123 = FACE_BOUND('',#13124,.F.);
#13124 = EDGE_LOOP('',(#13125));
#13125 = ORIENTED_EDGE('',*,*,#13126,.T.);
#13126 = EDGE_CURVE('',#13127,#13127,#13129,.T.);
#13127 = VERTEX_POINT('',#13128);
#13128 = CARTESIAN_POINT('',(22.862392,-30.,1.56));
#13129 = CIRCLE('',#13130,0.362392);
#13130 = AXIS2_PLACEMENT_3D('',#13131,#13132,#13133);
#13131 = CARTESIAN_POINT('',(22.5,-30.,1.56));
#13132 = DIRECTION('',(0.,0.,1.));
#13133 = DIRECTION('',(1.,0.,-0.));
#13134 = FACE_BOUND('',#13135,.F.);
#13135 = EDGE_LOOP('',(#13136));
#13136 = ORIENTED_EDGE('',*,*,#13137,.T.);
#13137 = EDGE_CURVE('',#13138,#13138,#13140,.T.);
#13138 = VERTEX_POINT('',#13139);
#13139 = CARTESIAN_POINT('',(54.240391,-29.12,1.56));
#13140 = CIRCLE('',#13141,0.368391);
#13141 = AXIS2_PLACEMENT_3D('',#13142,#13143,#13144);
#13142 = CARTESIAN_POINT('',(53.872,-29.12,1.56));
#13143 = DIRECTION('',(0.,0.,1.));
#13144 = DIRECTION('',(1.,0.,-0.));
#13145 = FACE_BOUND('',#13146,.F.);
#13146 = EDGE_LOOP('',(#13147));
#13147 = ORIENTED_EDGE('',*,*,#13148,.T.);
#13148 = EDGE_CURVE('',#13149,#13149,#13151,.T.);
#13149 = VERTEX_POINT('',#13150);
#13150 = CARTESIAN_POINT('',(30.811891,-28.62,1.56));
#13151 = CIRCLE('',#13152,0.431891);
#13152 = AXIS2_PLACEMENT_3D('',#13153,#13154,#13155);
#13153 = CARTESIAN_POINT('',(30.38,-28.62,1.56));
#13154 = DIRECTION('',(0.,0.,1.));
#13155 = DIRECTION('',(1.,0.,-0.));
#13156 = FACE_BOUND('',#13157,.F.);
#13157 = EDGE_LOOP('',(#13158));
#13158 = ORIENTED_EDGE('',*,*,#13159,.T.);
#13159 = EDGE_CURVE('',#13160,#13160,#13162,.T.);
#13160 = VERTEX_POINT('',#13161);
#13161 = CARTESIAN_POINT('',(46.051891,-28.62,1.56));
#13162 = CIRCLE('',#13163,0.431891);
#13163 = AXIS2_PLACEMENT_3D('',#13164,#13165,#13166);
#13164 = CARTESIAN_POINT('',(45.62,-28.62,1.56));
#13165 = DIRECTION('',(0.,0.,1.));
#13166 = DIRECTION('',(1.,0.,-0.));
#13167 = FACE_BOUND('',#13168,.F.);
#13168 = EDGE_LOOP('',(#13169));
#13169 = ORIENTED_EDGE('',*,*,#13170,.T.);
#13170 = EDGE_CURVE('',#13171,#13171,#13173,.T.);
#13171 = VERTEX_POINT('',#13172);
#13172 = CARTESIAN_POINT('',(54.240391,-26.58,1.56));
#13173 = CIRCLE('',#13174,0.368391);
#13174 = AXIS2_PLACEMENT_3D('',#13175,#13176,#13177);
#13175 = CARTESIAN_POINT('',(53.872,-26.58,1.56));
#13176 = DIRECTION('',(0.,0.,1.));
#13177 = DIRECTION('',(1.,0.,-0.));
#13178 = FACE_BOUND('',#13179,.F.);
#13179 = EDGE_LOOP('',(#13180));
#13180 = ORIENTED_EDGE('',*,*,#13181,.T.);
#13181 = EDGE_CURVE('',#13182,#13182,#13184,.T.);
#13182 = VERTEX_POINT('',#13183);
#13183 = CARTESIAN_POINT('',(30.811891,-26.08,1.56));
#13184 = CIRCLE('',#13185,0.431891);
#13185 = AXIS2_PLACEMENT_3D('',#13186,#13187,#13188);
#13186 = CARTESIAN_POINT('',(30.38,-26.08,1.56));
#13187 = DIRECTION('',(0.,0.,1.));
#13188 = DIRECTION('',(1.,0.,-0.));
#13189 = FACE_BOUND('',#13190,.F.);
#13190 = EDGE_LOOP('',(#13191));
#13191 = ORIENTED_EDGE('',*,*,#13192,.T.);
#13192 = EDGE_CURVE('',#13193,#13193,#13195,.T.);
#13193 = VERTEX_POINT('',#13194);
#13194 = CARTESIAN_POINT('',(46.051891,-26.08,1.56));
#13195 = CIRCLE('',#13196,0.431891);
#13196 = AXIS2_PLACEMENT_3D('',#13197,#13198,#13199);
#13197 = CARTESIAN_POINT('',(45.62,-26.08,1.56));
#13198 = DIRECTION('',(0.,0.,1.));
#13199 = DIRECTION('',(1.,0.,-0.));
#13200 = FACE_BOUND('',#13201,.F.);
#13201 = EDGE_LOOP('',(#13202));
#13202 = ORIENTED_EDGE('',*,*,#13203,.T.);
#13203 = EDGE_CURVE('',#13204,#13204,#13206,.T.);
#13204 = VERTEX_POINT('',#13205);
#13205 = CARTESIAN_POINT('',(54.240391,-24.04,1.56));
#13206 = CIRCLE('',#13207,0.368391);
#13207 = AXIS2_PLACEMENT_3D('',#13208,#13209,#13210);
#13208 = CARTESIAN_POINT('',(53.872,-24.04,1.56));
#13209 = DIRECTION('',(0.,0.,1.));
#13210 = DIRECTION('',(1.,0.,-0.));
#13211 = FACE_BOUND('',#13212,.F.);
#13212 = EDGE_LOOP('',(#13213));
#13213 = ORIENTED_EDGE('',*,*,#13214,.T.);
#13214 = EDGE_CURVE('',#13215,#13215,#13217,.T.);
#13215 = VERTEX_POINT('',#13216);
#13216 = CARTESIAN_POINT('',(30.811891,-23.54,1.56));
#13217 = CIRCLE('',#13218,0.431891);
#13218 = AXIS2_PLACEMENT_3D('',#13219,#13220,#13221);
#13219 = CARTESIAN_POINT('',(30.38,-23.54,1.56));
#13220 = DIRECTION('',(0.,0.,1.));
#13221 = DIRECTION('',(1.,0.,-0.));
#13222 = FACE_BOUND('',#13223,.F.);
#13223 = EDGE_LOOP('',(#13224));
#13224 = ORIENTED_EDGE('',*,*,#13225,.T.);
#13225 = EDGE_CURVE('',#13226,#13226,#13228,.T.);
#13226 = VERTEX_POINT('',#13227);
#13227 = CARTESIAN_POINT('',(46.051891,-23.54,1.56));
#13228 = CIRCLE('',#13229,0.431891);
#13229 = AXIS2_PLACEMENT_3D('',#13230,#13231,#13232);
#13230 = CARTESIAN_POINT('',(45.62,-23.54,1.56));
#13231 = DIRECTION('',(0.,0.,1.));
#13232 = DIRECTION('',(1.,0.,-0.));
#13233 = FACE_BOUND('',#13234,.F.);
#13234 = EDGE_LOOP('',(#13235));
#13235 = ORIENTED_EDGE('',*,*,#13236,.T.);
#13236 = EDGE_CURVE('',#13237,#13237,#13239,.T.);
#13237 = VERTEX_POINT('',#13238);
#13238 = CARTESIAN_POINT('',(54.240391,-21.5,1.56));
#13239 = CIRCLE('',#13240,0.368391);
#13240 = AXIS2_PLACEMENT_3D('',#13241,#13242,#13243);
#13241 = CARTESIAN_POINT('',(53.872,-21.5,1.56));
#13242 = DIRECTION('',(0.,0.,1.));
#13243 = DIRECTION('',(1.,0.,-0.));
#13244 = FACE_BOUND('',#13245,.F.);
#13245 = EDGE_LOOP('',(#13246));
#13246 = ORIENTED_EDGE('',*,*,#13247,.T.);
#13247 = EDGE_CURVE('',#13248,#13248,#13250,.T.);
#13248 = VERTEX_POINT('',#13249);
#13249 = CARTESIAN_POINT('',(30.811891,-21.,1.56));
#13250 = CIRCLE('',#13251,0.431891);
#13251 = AXIS2_PLACEMENT_3D('',#13252,#13253,#13254);
#13252 = CARTESIAN_POINT('',(30.38,-21.,1.56));
#13253 = DIRECTION('',(0.,0.,1.));
#13254 = DIRECTION('',(1.,0.,-0.));
#13255 = FACE_BOUND('',#13256,.F.);
#13256 = EDGE_LOOP('',(#13257));
#13257 = ORIENTED_EDGE('',*,*,#13258,.T.);
#13258 = EDGE_CURVE('',#13259,#13259,#13261,.T.);
#13259 = VERTEX_POINT('',#13260);
#13260 = CARTESIAN_POINT('',(46.051891,-21.,1.56));
#13261 = CIRCLE('',#13262,0.431891);
#13262 = AXIS2_PLACEMENT_3D('',#13263,#13264,#13265);
#13263 = CARTESIAN_POINT('',(45.62,-21.,1.56));
#13264 = DIRECTION('',(0.,0.,1.));
#13265 = DIRECTION('',(1.,0.,-0.));
#13266 = FACE_BOUND('',#13267,.F.);
#13267 = EDGE_LOOP('',(#13268));
#13268 = ORIENTED_EDGE('',*,*,#13269,.T.);
#13269 = EDGE_CURVE('',#13270,#13270,#13272,.T.);
#13270 = VERTEX_POINT('',#13271);
#13271 = CARTESIAN_POINT('',(21.337461,-20.,1.56));
#13272 = CIRCLE('',#13273,1.337461);
#13273 = AXIS2_PLACEMENT_3D('',#13274,#13275,#13276);
#13274 = CARTESIAN_POINT('',(20.,-20.,1.56));
#13275 = DIRECTION('',(0.,0.,1.));
#13276 = DIRECTION('',(1.,0.,-0.));
#13277 = FACE_BOUND('',#13278,.F.);
#13278 = EDGE_LOOP('',(#13279));
#13279 = ORIENTED_EDGE('',*,*,#13280,.T.);
#13280 = EDGE_CURVE('',#13281,#13281,#13283,.T.);
#13281 = VERTEX_POINT('',#13282);
#13282 = CARTESIAN_POINT('',(105.837461,-20.,1.56));
#13283 = CIRCLE('',#13284,1.337461);
#13284 = AXIS2_PLACEMENT_3D('',#13285,#13286,#13287);
#13285 = CARTESIAN_POINT('',(104.5,-20.,1.56));
#13286 = DIRECTION('',(0.,0.,1.));
#13287 = DIRECTION('',(1.,0.,-0.));
#13288 = PLANE('',#13289);
#13289 = AXIS2_PLACEMENT_3D('',#13290,#13291,#13292);
#13290 = CARTESIAN_POINT('',(0.,0.,1.56));
#13291 = DIRECTION('',(0.,0.,1.));
#13292 = DIRECTION('',(1.,0.,-0.));
#13293 = ( GEOMETRIC_REPRESENTATION_CONTEXT(3) 
GLOBAL_UNCERTAINTY_ASSIGNED_CONTEXT((#13297)) 
GLOBAL_UNIT_ASSIGNED_CONTEXT((#13294,#13295,#13296)) 
REPRESENTATION_CONTEXT('Context #1',
  '3D Context with UNIT and UNCERTAINTY') );
#13294 = ( LENGTH_UNIT() NAMED_UNIT(*) SI_UNIT(.MILLI.,.METRE.) );
#13295 = ( NAMED_UNIT(*) PLANE_ANGLE_UNIT() SI_UNIT($,.RADIAN.) );
#13296 = ( NAMED_UNIT(*) SI_UNIT($,.STERADIAN.) SOLID_ANGLE_UNIT() );
#13297 = UNCERTAINTY_MEASURE_WITH_UNIT(LENGTH_MEASURE(1.E-07),#13294,
  'distance_accuracy_value','confusion accuracy');
#13298 = CONTEXT_DEPENDENT_SHAPE_REPRESENTATION(#13299,#13301);
#13299 = ( REPRESENTATION_RELATIONSHIP('','',#12798,#10) 
REPRESENTATION_RELATIONSHIP_WITH_TRANSFORMATION(#13300) 
SHAPE_REPRESENTATION_RELATIONSHIP() );
#13300 = ITEM_DEFINED_TRANSFORMATION('','',#11,#23);
#13301 = PRODUCT_DEFINITION_SHAPE('Placement','Placement of an item',
  #13302);
#13302 = NEXT_ASSEMBLY_USAGE_OCCURRENCE('5','=>[0:1:1:6]','',#5,#12793,$
  );
#13303 = PRODUCT_RELATED_PRODUCT_CATEGORY('part',$,(#12795));
#13304 = SHAPE_DEFINITION_REPRESENTATION(#13305,#13311);
#13305 = PRODUCT_DEFINITION_SHAPE('','',#13306);
#13306 = PRODUCT_DEFINITION('design','',#13307,#13310);
#13307 = PRODUCT_DEFINITION_FORMATION('','',#13308);
#13308 = PRODUCT('Maz4324_soldermask','Maz4324_soldermask','',(#13309));
#13309 = PRODUCT_CONTEXT('',#2,'mechanical');
#13310 = PRODUCT_DEFINITION_CONTEXT('part definition',#2,'design');
#13311 = MANIFOLD_SURFACE_SHAPE_REPRESENTATION('',(#11,#13312),#13806);
#13312 = SHELL_BASED_SURFACE_MODEL('',(#13313));
#13313 = OPEN_SHELL('',(#13314));
#13314 = ADVANCED_FACE('',(#13315,#13449,#13460,#13471,#13482,#13493,
    #13504,#13515,#13526,#13537,#13548,#13559,#13570,#13581,#13592,
    #13603,#13614,#13625,#13636,#13647,#13658,#13669,#13680,#13691,
    #13702,#13713,#13724,#13735,#13746,#13757,#13768,#13779,#13790),
  #13801,.T.);
#13315 = FACE_BOUND('',#13316,.T.);
#13316 = EDGE_LOOP('',(#13317,#13328,#13336,#13344,#13352,#13361,#13369,
    #13377,#13385,#13394,#13402,#13410,#13418,#13427,#13435,#13443));
#13317 = ORIENTED_EDGE('',*,*,#13318,.T.);
#13318 = EDGE_CURVE('',#13319,#13321,#13323,.T.);
#13319 = VERTEX_POINT('',#13320);
#13320 = CARTESIAN_POINT('',(17.502676,-19.836317,-5.E-02));
#13321 = VERTEX_POINT('',#13322);
#13322 = CARTESIAN_POINT('',(19.836317,-17.502676,-5.E-02));
#13323 = CIRCLE('',#13324,2.502683392652);
#13324 = AXIS2_PLACEMENT_3D('',#13325,#13326,#13327);
#13325 = CARTESIAN_POINT('',(20.000000916644,-20.00000091664,-5.E-02));
#13326 = DIRECTION('',(0.,0.,-1.));
#13327 = DIRECTION('',(-0.997858907753,6.540336549325E-02,0.));
#13328 = ORIENTED_EDGE('',*,*,#13329,.T.);
#13329 = EDGE_CURVE('',#13321,#13330,#13332,.T.);
#13330 = VERTEX_POINT('',#13331);
#13331 = CARTESIAN_POINT('',(20.,-17.5,-5.E-02));
#13332 = LINE('',#13333,#13334);
#13333 = CARTESIAN_POINT('',(19.836317,-17.502676,-5.E-02));
#13334 = VECTOR('',#13335,1.);
#13335 = DIRECTION('',(0.999866387213,1.634648956937E-02,0.));
#13336 = ORIENTED_EDGE('',*,*,#13337,.T.);
#13337 = EDGE_CURVE('',#13330,#13338,#13340,.T.);
#13338 = VERTEX_POINT('',#13339);
#13339 = CARTESIAN_POINT('',(104.5,-17.5,-5.E-02));
#13340 = LINE('',#13341,#13342);
#13341 = CARTESIAN_POINT('',(20.,-17.5,-5.E-02));
#13342 = VECTOR('',#13343,1.);
#13343 = DIRECTION('',(1.,0.,0.));
#13344 = ORIENTED_EDGE('',*,*,#13345,.T.);
#13345 = EDGE_CURVE('',#13338,#13346,#13348,.T.);
#13346 = VERTEX_POINT('',#13347);
#13347 = CARTESIAN_POINT('',(104.663683,-17.502676,-5.E-02));
#13348 = LINE('',#13349,#13350);
#13349 = CARTESIAN_POINT('',(104.5,-17.5,-5.E-02));
#13350 = VECTOR('',#13351,1.);
#13351 = DIRECTION('',(0.999866387213,-1.634648956937E-02,0.));
#13352 = ORIENTED_EDGE('',*,*,#13353,.T.);
#13353 = EDGE_CURVE('',#13346,#13354,#13356,.T.);
#13354 = VERTEX_POINT('',#13355);
#13355 = CARTESIAN_POINT('',(106.997324,-19.836317,-5.E-02));
#13356 = CIRCLE('',#13357,2.502683392652);
#13357 = AXIS2_PLACEMENT_3D('',#13358,#13359,#13360);
#13358 = CARTESIAN_POINT('',(104.49999908335,-20.00000091664,-5.E-02));
#13359 = DIRECTION('',(0.,0.,-1.));
#13360 = DIRECTION('',(6.540336549326E-02,0.997858907753,0.));
#13361 = ORIENTED_EDGE('',*,*,#13362,.T.);
#13362 = EDGE_CURVE('',#13354,#13363,#13365,.T.);
#13363 = VERTEX_POINT('',#13364);
#13364 = CARTESIAN_POINT('',(107.,-20.,-5.E-02));
#13365 = LINE('',#13366,#13367);
#13366 = CARTESIAN_POINT('',(106.997324,-19.836317,-5.E-02));
#13367 = VECTOR('',#13368,1.);
#13368 = DIRECTION('',(1.634648956933E-02,-0.999866387213,0.));
#13369 = ORIENTED_EDGE('',*,*,#13370,.T.);
#13370 = EDGE_CURVE('',#13363,#13371,#13373,.T.);
#13371 = VERTEX_POINT('',#13372);
#13372 = CARTESIAN_POINT('',(107.,-53.,-5.E-02));
#13373 = LINE('',#13374,#13375);
#13374 = CARTESIAN_POINT('',(107.,-20.,-5.E-02));
#13375 = VECTOR('',#13376,1.);
#13376 = DIRECTION('',(0.,-1.,0.));
#13377 = ORIENTED_EDGE('',*,*,#13378,.T.);
#13378 = EDGE_CURVE('',#13371,#13379,#13381,.T.);
#13379 = VERTEX_POINT('',#13380);
#13380 = CARTESIAN_POINT('',(106.997324,-53.163683,-5.E-02));
#13381 = LINE('',#13382,#13383);
#13382 = CARTESIAN_POINT('',(107.,-53.,-5.E-02));
#13383 = VECTOR('',#13384,1.);
#13384 = DIRECTION('',(-1.634648956933E-02,-0.999866387213,0.));
#13385 = ORIENTED_EDGE('',*,*,#13386,.T.);
#13386 = EDGE_CURVE('',#13379,#13387,#13389,.T.);
#13387 = VERTEX_POINT('',#13388);
#13388 = CARTESIAN_POINT('',(104.663683,-55.497324,-5.E-02));
#13389 = CIRCLE('',#13390,2.502683392652);
#13390 = AXIS2_PLACEMENT_3D('',#13391,#13392,#13393);
#13391 = CARTESIAN_POINT('',(104.49999908335,-52.99999908335,-5.E-02));
#13392 = DIRECTION('',(0.,0.,-1.));
#13393 = DIRECTION('',(0.997858907753,-6.540336549326E-02,0.));
#13394 = ORIENTED_EDGE('',*,*,#13395,.T.);
#13395 = EDGE_CURVE('',#13387,#13396,#13398,.T.);
#13396 = VERTEX_POINT('',#13397);
#13397 = CARTESIAN_POINT('',(104.5,-55.5,-5.E-02));
#13398 = LINE('',#13399,#13400);
#13399 = CARTESIAN_POINT('',(104.663683,-55.497324,-5.E-02));
#13400 = VECTOR('',#13401,1.);
#13401 = DIRECTION('',(-0.999866387213,-1.634648956937E-02,0.));
#13402 = ORIENTED_EDGE('',*,*,#13403,.T.);
#13403 = EDGE_CURVE('',#13396,#13404,#13406,.T.);
#13404 = VERTEX_POINT('',#13405);
#13405 = CARTESIAN_POINT('',(20.,-55.5,-5.E-02));
#13406 = LINE('',#13407,#13408);
#13407 = CARTESIAN_POINT('',(104.5,-55.5,-5.E-02));
#13408 = VECTOR('',#13409,1.);
#13409 = DIRECTION('',(-1.,0.,0.));
#13410 = ORIENTED_EDGE('',*,*,#13411,.T.);
#13411 = EDGE_CURVE('',#13404,#13412,#13414,.T.);
#13412 = VERTEX_POINT('',#13413);
#13413 = CARTESIAN_POINT('',(19.836317,-55.497324,-5.E-02));
#13414 = LINE('',#13415,#13416);
#13415 = CARTESIAN_POINT('',(20.,-55.5,-5.E-02));
#13416 = VECTOR('',#13417,1.);
#13417 = DIRECTION('',(-0.999866387213,1.634648956937E-02,0.));
#13418 = ORIENTED_EDGE('',*,*,#13419,.T.);
#13419 = EDGE_CURVE('',#13412,#13420,#13422,.T.);
#13420 = VERTEX_POINT('',#13421);
#13421 = CARTESIAN_POINT('',(17.502676,-53.163683,-5.E-02));
#13422 = CIRCLE('',#13423,2.502683392652);
#13423 = AXIS2_PLACEMENT_3D('',#13424,#13425,#13426);
#13424 = CARTESIAN_POINT('',(20.000000916643,-52.99999908335,-5.E-02));
#13425 = DIRECTION('',(0.,0.,-1.));
#13426 = DIRECTION('',(-6.540336549325E-02,-0.997858907753,-0.));
#13427 = ORIENTED_EDGE('',*,*,#13428,.T.);
#13428 = EDGE_CURVE('',#13420,#13429,#13431,.T.);
#13429 = VERTEX_POINT('',#13430);
#13430 = CARTESIAN_POINT('',(17.5,-53.,-5.E-02));
#13431 = LINE('',#13432,#13433);
#13432 = CARTESIAN_POINT('',(17.502676,-53.163683,-5.E-02));
#13433 = VECTOR('',#13434,1.);
#13434 = DIRECTION('',(-1.634648956937E-02,0.999866387213,0.));
#13435 = ORIENTED_EDGE('',*,*,#13436,.T.);
#13436 = EDGE_CURVE('',#13429,#13437,#13439,.T.);
#13437 = VERTEX_POINT('',#13438);
#13438 = CARTESIAN_POINT('',(17.5,-20.,-5.E-02));
#13439 = LINE('',#13440,#13441);
#13440 = CARTESIAN_POINT('',(17.5,-53.,-5.E-02));
#13441 = VECTOR('',#13442,1.);
#13442 = DIRECTION('',(0.,1.,0.));
#13443 = ORIENTED_EDGE('',*,*,#13444,.T.);
#13444 = EDGE_CURVE('',#13437,#13319,#13445,.T.);
#13445 = LINE('',#13446,#13447);
#13446 = CARTESIAN_POINT('',(17.5,-20.,-5.E-02));
#13447 = VECTOR('',#13448,1.);
#13448 = DIRECTION('',(1.634648956937E-02,0.999866387213,0.));
#13449 = FACE_BOUND('',#13450,.T.);
#13450 = EDGE_LOOP('',(#13451));
#13451 = ORIENTED_EDGE('',*,*,#13452,.T.);
#13452 = EDGE_CURVE('',#13453,#13453,#13455,.T.);
#13453 = VERTEX_POINT('',#13454);
#13454 = CARTESIAN_POINT('',(21.337461,-53.,-5.E-02));
#13455 = CIRCLE('',#13456,1.337461);
#13456 = AXIS2_PLACEMENT_3D('',#13457,#13458,#13459);
#13457 = CARTESIAN_POINT('',(20.,-53.,-5.E-02));
#13458 = DIRECTION('',(0.,0.,1.));
#13459 = DIRECTION('',(1.,0.,-0.));
#13460 = FACE_BOUND('',#13461,.T.);
#13461 = EDGE_LOOP('',(#13462));
#13462 = ORIENTED_EDGE('',*,*,#13463,.T.);
#13463 = EDGE_CURVE('',#13464,#13464,#13466,.T.);
#13464 = VERTEX_POINT('',#13465);
#13465 = CARTESIAN_POINT('',(105.837461,-53.,-5.E-02));
#13466 = CIRCLE('',#13467,1.337461);
#13467 = AXIS2_PLACEMENT_3D('',#13468,#13469,#13470);
#13468 = CARTESIAN_POINT('',(104.5,-53.,-5.E-02));
#13469 = DIRECTION('',(0.,0.,1.));
#13470 = DIRECTION('',(1.,0.,-0.));
#13471 = FACE_BOUND('',#13472,.T.);
#13472 = EDGE_LOOP('',(#13473));
#13473 = ORIENTED_EDGE('',*,*,#13474,.T.);
#13474 = EDGE_CURVE('',#13475,#13475,#13477,.T.);
#13475 = VERTEX_POINT('',#13476);
#13476 = CARTESIAN_POINT('',(22.862392,-44.,-5.E-02));
#13477 = CIRCLE('',#13478,0.362392);
#13478 = AXIS2_PLACEMENT_3D('',#13479,#13480,#13481);
#13479 = CARTESIAN_POINT('',(22.5,-44.,-5.E-02));
#13480 = DIRECTION('',(0.,0.,1.));
#13481 = DIRECTION('',(1.,0.,-0.));
#13482 = FACE_BOUND('',#13483,.T.);
#13483 = EDGE_LOOP('',(#13484));
#13484 = ORIENTED_EDGE('',*,*,#13485,.T.);
#13485 = EDGE_CURVE('',#13486,#13486,#13488,.T.);
#13486 = VERTEX_POINT('',#13487);
#13487 = CARTESIAN_POINT('',(22.862392,-42.,-5.E-02));
#13488 = CIRCLE('',#13489,0.362392);
#13489 = AXIS2_PLACEMENT_3D('',#13490,#13491,#13492);
#13490 = CARTESIAN_POINT('',(22.5,-42.,-5.E-02));
#13491 = DIRECTION('',(0.,0.,1.));
#13492 = DIRECTION('',(1.,0.,-0.));
#13493 = FACE_BOUND('',#13494,.T.);
#13494 = EDGE_LOOP('',(#13495));
#13495 = ORIENTED_EDGE('',*,*,#13496,.T.);
#13496 = EDGE_CURVE('',#13497,#13497,#13499,.T.);
#13497 = VERTEX_POINT('',#13498);
#13498 = CARTESIAN_POINT('',(22.862392,-40.,-5.E-02));
#13499 = CIRCLE('',#13500,0.362392);
#13500 = AXIS2_PLACEMENT_3D('',#13501,#13502,#13503);
#13501 = CARTESIAN_POINT('',(22.5,-40.,-5.E-02));
#13502 = DIRECTION('',(0.,0.,1.));
#13503 = DIRECTION('',(1.,0.,-0.));
#13504 = FACE_BOUND('',#13505,.T.);
#13505 = EDGE_LOOP('',(#13506));
#13506 = ORIENTED_EDGE('',*,*,#13507,.T.);
#13507 = EDGE_CURVE('',#13508,#13508,#13510,.T.);
#13508 = VERTEX_POINT('',#13509);
#13509 = CARTESIAN_POINT('',(22.862392,-38.,-5.E-02));
#13510 = CIRCLE('',#13511,0.362392);
#13511 = AXIS2_PLACEMENT_3D('',#13512,#13513,#13514);
#13512 = CARTESIAN_POINT('',(22.5,-38.,-5.E-02));
#13513 = DIRECTION('',(0.,0.,1.));
#13514 = DIRECTION('',(1.,0.,-0.));
#13515 = FACE_BOUND('',#13516,.T.);
#13516 = EDGE_LOOP('',(#13517));
#13517 = ORIENTED_EDGE('',*,*,#13518,.T.);
#13518 = EDGE_CURVE('',#13519,#13519,#13521,.T.);
#13519 = VERTEX_POINT('',#13520);
#13520 = CARTESIAN_POINT('',(30.811891,-36.24,-5.E-02));
#13521 = CIRCLE('',#13522,0.431891);
#13522 = AXIS2_PLACEMENT_3D('',#13523,#13524,#13525);
#13523 = CARTESIAN_POINT('',(30.38,-36.24,-5.E-02));
#13524 = DIRECTION('',(0.,0.,1.));
#13525 = DIRECTION('',(1.,0.,-0.));
#13526 = FACE_BOUND('',#13527,.T.);
#13527 = EDGE_LOOP('',(#13528));
#13528 = ORIENTED_EDGE('',*,*,#13529,.T.);
#13529 = EDGE_CURVE('',#13530,#13530,#13532,.T.);
#13530 = VERTEX_POINT('',#13531);
#13531 = CARTESIAN_POINT('',(46.051891,-36.24,-5.E-02));
#13532 = CIRCLE('',#13533,0.431891);
#13533 = AXIS2_PLACEMENT_3D('',#13534,#13535,#13536);
#13534 = CARTESIAN_POINT('',(45.62,-36.24,-5.E-02));
#13535 = DIRECTION('',(0.,0.,1.));
#13536 = DIRECTION('',(1.,0.,-0.));
#13537 = FACE_BOUND('',#13538,.T.);
#13538 = EDGE_LOOP('',(#13539));
#13539 = ORIENTED_EDGE('',*,*,#13540,.T.);
#13540 = EDGE_CURVE('',#13541,#13541,#13543,.T.);
#13541 = VERTEX_POINT('',#13542);
#13542 = CARTESIAN_POINT('',(22.862392,-36.,-5.E-02));
#13543 = CIRCLE('',#13544,0.362392);
#13544 = AXIS2_PLACEMENT_3D('',#13545,#13546,#13547);
#13545 = CARTESIAN_POINT('',(22.5,-36.,-5.E-02));
#13546 = DIRECTION('',(0.,0.,1.));
#13547 = DIRECTION('',(1.,0.,-0.));
#13548 = FACE_BOUND('',#13549,.T.);
#13549 = EDGE_LOOP('',(#13550));
#13550 = ORIENTED_EDGE('',*,*,#13551,.T.);
#13551 = EDGE_CURVE('',#13552,#13552,#13554,.T.);
#13552 = VERTEX_POINT('',#13553);
#13553 = CARTESIAN_POINT('',(54.240391,-34.2,-5.E-02));
#13554 = CIRCLE('',#13555,0.368391);
#13555 = AXIS2_PLACEMENT_3D('',#13556,#13557,#13558);
#13556 = CARTESIAN_POINT('',(53.872,-34.2,-5.E-02));
#13557 = DIRECTION('',(0.,0.,1.));
#13558 = DIRECTION('',(1.,0.,-0.));
#13559 = FACE_BOUND('',#13560,.T.);
#13560 = EDGE_LOOP('',(#13561));
#13561 = ORIENTED_EDGE('',*,*,#13562,.T.);
#13562 = EDGE_CURVE('',#13563,#13563,#13565,.T.);
#13563 = VERTEX_POINT('',#13564);
#13564 = CARTESIAN_POINT('',(22.862392,-34.,-5.E-02));
#13565 = CIRCLE('',#13566,0.362392);
#13566 = AXIS2_PLACEMENT_3D('',#13567,#13568,#13569);
#13567 = CARTESIAN_POINT('',(22.5,-34.,-5.E-02));
#13568 = DIRECTION('',(0.,0.,1.));
#13569 = DIRECTION('',(1.,0.,-0.));
#13570 = FACE_BOUND('',#13571,.T.);
#13571 = EDGE_LOOP('',(#13572));
#13572 = ORIENTED_EDGE('',*,*,#13573,.T.);
#13573 = EDGE_CURVE('',#13574,#13574,#13576,.T.);
#13574 = VERTEX_POINT('',#13575);
#13575 = CARTESIAN_POINT('',(30.811891,-33.7,-5.E-02));
#13576 = CIRCLE('',#13577,0.431891);
#13577 = AXIS2_PLACEMENT_3D('',#13578,#13579,#13580);
#13578 = CARTESIAN_POINT('',(30.38,-33.7,-5.E-02));
#13579 = DIRECTION('',(0.,0.,1.));
#13580 = DIRECTION('',(1.,0.,-0.));
#13581 = FACE_BOUND('',#13582,.T.);
#13582 = EDGE_LOOP('',(#13583));
#13583 = ORIENTED_EDGE('',*,*,#13584,.T.);
#13584 = EDGE_CURVE('',#13585,#13585,#13587,.T.);
#13585 = VERTEX_POINT('',#13586);
#13586 = CARTESIAN_POINT('',(46.051891,-33.7,-5.E-02));
#13587 = CIRCLE('',#13588,0.431891);
#13588 = AXIS2_PLACEMENT_3D('',#13589,#13590,#13591);
#13589 = CARTESIAN_POINT('',(45.62,-33.7,-5.E-02));
#13590 = DIRECTION('',(0.,0.,1.));
#13591 = DIRECTION('',(1.,0.,-0.));
#13592 = FACE_BOUND('',#13593,.T.);
#13593 = EDGE_LOOP('',(#13594));
#13594 = ORIENTED_EDGE('',*,*,#13595,.T.);
#13595 = EDGE_CURVE('',#13596,#13596,#13598,.T.);
#13596 = VERTEX_POINT('',#13597);
#13597 = CARTESIAN_POINT('',(22.862392,-32.,-5.E-02));
#13598 = CIRCLE('',#13599,0.362392);
#13599 = AXIS2_PLACEMENT_3D('',#13600,#13601,#13602);
#13600 = CARTESIAN_POINT('',(22.5,-32.,-5.E-02));
#13601 = DIRECTION('',(0.,0.,1.));
#13602 = DIRECTION('',(1.,0.,-0.));
#13603 = FACE_BOUND('',#13604,.T.);
#13604 = EDGE_LOOP('',(#13605));
#13605 = ORIENTED_EDGE('',*,*,#13606,.T.);
#13606 = EDGE_CURVE('',#13607,#13607,#13609,.T.);
#13607 = VERTEX_POINT('',#13608);
#13608 = CARTESIAN_POINT('',(54.240391,-31.66,-5.E-02));
#13609 = CIRCLE('',#13610,0.368391);
#13610 = AXIS2_PLACEMENT_3D('',#13611,#13612,#13613);
#13611 = CARTESIAN_POINT('',(53.872,-31.66,-5.E-02));
#13612 = DIRECTION('',(0.,0.,1.));
#13613 = DIRECTION('',(1.,0.,-0.));
#13614 = FACE_BOUND('',#13615,.T.);
#13615 = EDGE_LOOP('',(#13616));
#13616 = ORIENTED_EDGE('',*,*,#13617,.T.);
#13617 = EDGE_CURVE('',#13618,#13618,#13620,.T.);
#13618 = VERTEX_POINT('',#13619);
#13619 = CARTESIAN_POINT('',(30.811891,-31.16,-5.E-02));
#13620 = CIRCLE('',#13621,0.431891);
#13621 = AXIS2_PLACEMENT_3D('',#13622,#13623,#13624);
#13622 = CARTESIAN_POINT('',(30.38,-31.16,-5.E-02));
#13623 = DIRECTION('',(0.,0.,1.));
#13624 = DIRECTION('',(1.,0.,-0.));
#13625 = FACE_BOUND('',#13626,.T.);
#13626 = EDGE_LOOP('',(#13627));
#13627 = ORIENTED_EDGE('',*,*,#13628,.T.);
#13628 = EDGE_CURVE('',#13629,#13629,#13631,.T.);
#13629 = VERTEX_POINT('',#13630);
#13630 = CARTESIAN_POINT('',(46.051891,-31.16,-5.E-02));
#13631 = CIRCLE('',#13632,0.431891);
#13632 = AXIS2_PLACEMENT_3D('',#13633,#13634,#13635);
#13633 = CARTESIAN_POINT('',(45.62,-31.16,-5.E-02));
#13634 = DIRECTION('',(0.,0.,1.));
#13635 = DIRECTION('',(1.,0.,-0.));
#13636 = FACE_BOUND('',#13637,.T.);
#13637 = EDGE_LOOP('',(#13638));
#13638 = ORIENTED_EDGE('',*,*,#13639,.T.);
#13639 = EDGE_CURVE('',#13640,#13640,#13642,.T.);
#13640 = VERTEX_POINT('',#13641);
#13641 = CARTESIAN_POINT('',(22.862392,-30.,-5.E-02));
#13642 = CIRCLE('',#13643,0.362392);
#13643 = AXIS2_PLACEMENT_3D('',#13644,#13645,#13646);
#13644 = CARTESIAN_POINT('',(22.5,-30.,-5.E-02));
#13645 = DIRECTION('',(0.,0.,1.));
#13646 = DIRECTION('',(1.,0.,-0.));
#13647 = FACE_BOUND('',#13648,.T.);
#13648 = EDGE_LOOP('',(#13649));
#13649 = ORIENTED_EDGE('',*,*,#13650,.T.);
#13650 = EDGE_CURVE('',#13651,#13651,#13653,.T.);
#13651 = VERTEX_POINT('',#13652);
#13652 = CARTESIAN_POINT('',(54.240391,-29.12,-5.E-02));
#13653 = CIRCLE('',#13654,0.368391);
#13654 = AXIS2_PLACEMENT_3D('',#13655,#13656,#13657);
#13655 = CARTESIAN_POINT('',(53.872,-29.12,-5.E-02));
#13656 = DIRECTION('',(0.,0.,1.));
#13657 = DIRECTION('',(1.,0.,-0.));
#13658 = FACE_BOUND('',#13659,.T.);
#13659 = EDGE_LOOP('',(#13660));
#13660 = ORIENTED_EDGE('',*,*,#13661,.T.);
#13661 = EDGE_CURVE('',#13662,#13662,#13664,.T.);
#13662 = VERTEX_POINT('',#13663);
#13663 = CARTESIAN_POINT('',(30.811891,-28.62,-5.E-02));
#13664 = CIRCLE('',#13665,0.431891);
#13665 = AXIS2_PLACEMENT_3D('',#13666,#13667,#13668);
#13666 = CARTESIAN_POINT('',(30.38,-28.62,-5.E-02));
#13667 = DIRECTION('',(0.,0.,1.));
#13668 = DIRECTION('',(1.,0.,-0.));
#13669 = FACE_BOUND('',#13670,.T.);
#13670 = EDGE_LOOP('',(#13671));
#13671 = ORIENTED_EDGE('',*,*,#13672,.T.);
#13672 = EDGE_CURVE('',#13673,#13673,#13675,.T.);
#13673 = VERTEX_POINT('',#13674);
#13674 = CARTESIAN_POINT('',(46.051891,-28.62,-5.E-02));
#13675 = CIRCLE('',#13676,0.431891);
#13676 = AXIS2_PLACEMENT_3D('',#13677,#13678,#13679);
#13677 = CARTESIAN_POINT('',(45.62,-28.62,-5.E-02));
#13678 = DIRECTION('',(0.,0.,1.));
#13679 = DIRECTION('',(1.,0.,-0.));
#13680 = FACE_BOUND('',#13681,.T.);
#13681 = EDGE_LOOP('',(#13682));
#13682 = ORIENTED_EDGE('',*,*,#13683,.T.);
#13683 = EDGE_CURVE('',#13684,#13684,#13686,.T.);
#13684 = VERTEX_POINT('',#13685);
#13685 = CARTESIAN_POINT('',(54.240391,-26.58,-5.E-02));
#13686 = CIRCLE('',#13687,0.368391);
#13687 = AXIS2_PLACEMENT_3D('',#13688,#13689,#13690);
#13688 = CARTESIAN_POINT('',(53.872,-26.58,-5.E-02));
#13689 = DIRECTION('',(0.,0.,1.));
#13690 = DIRECTION('',(1.,0.,-0.));
#13691 = FACE_BOUND('',#13692,.T.);
#13692 = EDGE_LOOP('',(#13693));
#13693 = ORIENTED_EDGE('',*,*,#13694,.T.);
#13694 = EDGE_CURVE('',#13695,#13695,#13697,.T.);
#13695 = VERTEX_POINT('',#13696);
#13696 = CARTESIAN_POINT('',(30.811891,-26.08,-5.E-02));
#13697 = CIRCLE('',#13698,0.431891);
#13698 = AXIS2_PLACEMENT_3D('',#13699,#13700,#13701);
#13699 = CARTESIAN_POINT('',(30.38,-26.08,-5.E-02));
#13700 = DIRECTION('',(0.,0.,1.));
#13701 = DIRECTION('',(1.,0.,-0.));
#13702 = FACE_BOUND('',#13703,.T.);
#13703 = EDGE_LOOP('',(#13704));
#13704 = ORIENTED_EDGE('',*,*,#13705,.T.);
#13705 = EDGE_CURVE('',#13706,#13706,#13708,.T.);
#13706 = VERTEX_POINT('',#13707);
#13707 = CARTESIAN_POINT('',(46.051891,-26.08,-5.E-02));
#13708 = CIRCLE('',#13709,0.431891);
#13709 = AXIS2_PLACEMENT_3D('',#13710,#13711,#13712);
#13710 = CARTESIAN_POINT('',(45.62,-26.08,-5.E-02));
#13711 = DIRECTION('',(0.,0.,1.));
#13712 = DIRECTION('',(1.,0.,-0.));
#13713 = FACE_BOUND('',#13714,.T.);
#13714 = EDGE_LOOP('',(#13715));
#13715 = ORIENTED_EDGE('',*,*,#13716,.T.);
#13716 = EDGE_CURVE('',#13717,#13717,#13719,.T.);
#13717 = VERTEX_POINT('',#13718);
#13718 = CARTESIAN_POINT('',(54.240391,-24.04,-5.E-02));
#13719 = CIRCLE('',#13720,0.368391);
#13720 = AXIS2_PLACEMENT_3D('',#13721,#13722,#13723);
#13721 = CARTESIAN_POINT('',(53.872,-24.04,-5.E-02));
#13722 = DIRECTION('',(0.,0.,1.));
#13723 = DIRECTION('',(1.,0.,-0.));
#13724 = FACE_BOUND('',#13725,.T.);
#13725 = EDGE_LOOP('',(#13726));
#13726 = ORIENTED_EDGE('',*,*,#13727,.T.);
#13727 = EDGE_CURVE('',#13728,#13728,#13730,.T.);
#13728 = VERTEX_POINT('',#13729);
#13729 = CARTESIAN_POINT('',(30.811891,-23.54,-5.E-02));
#13730 = CIRCLE('',#13731,0.431891);
#13731 = AXIS2_PLACEMENT_3D('',#13732,#13733,#13734);
#13732 = CARTESIAN_POINT('',(30.38,-23.54,-5.E-02));
#13733 = DIRECTION('',(0.,0.,1.));
#13734 = DIRECTION('',(1.,0.,-0.));
#13735 = FACE_BOUND('',#13736,.T.);
#13736 = EDGE_LOOP('',(#13737));
#13737 = ORIENTED_EDGE('',*,*,#13738,.T.);
#13738 = EDGE_CURVE('',#13739,#13739,#13741,.T.);
#13739 = VERTEX_POINT('',#13740);
#13740 = CARTESIAN_POINT('',(46.051891,-23.54,-5.E-02));
#13741 = CIRCLE('',#13742,0.431891);
#13742 = AXIS2_PLACEMENT_3D('',#13743,#13744,#13745);
#13743 = CARTESIAN_POINT('',(45.62,-23.54,-5.E-02));
#13744 = DIRECTION('',(0.,0.,1.));
#13745 = DIRECTION('',(1.,0.,-0.));
#13746 = FACE_BOUND('',#13747,.T.);
#13747 = EDGE_LOOP('',(#13748));
#13748 = ORIENTED_EDGE('',*,*,#13749,.T.);
#13749 = EDGE_CURVE('',#13750,#13750,#13752,.T.);
#13750 = VERTEX_POINT('',#13751);
#13751 = CARTESIAN_POINT('',(54.240391,-21.5,-5.E-02));
#13752 = CIRCLE('',#13753,0.368391);
#13753 = AXIS2_PLACEMENT_3D('',#13754,#13755,#13756);
#13754 = CARTESIAN_POINT('',(53.872,-21.5,-5.E-02));
#13755 = DIRECTION('',(0.,0.,1.));
#13756 = DIRECTION('',(1.,0.,-0.));
#13757 = FACE_BOUND('',#13758,.T.);
#13758 = EDGE_LOOP('',(#13759));
#13759 = ORIENTED_EDGE('',*,*,#13760,.T.);
#13760 = EDGE_CURVE('',#13761,#13761,#13763,.T.);
#13761 = VERTEX_POINT('',#13762);
#13762 = CARTESIAN_POINT('',(30.811891,-21.,-5.E-02));
#13763 = CIRCLE('',#13764,0.431891);
#13764 = AXIS2_PLACEMENT_3D('',#13765,#13766,#13767);
#13765 = CARTESIAN_POINT('',(30.38,-21.,-5.E-02));
#13766 = DIRECTION('',(0.,0.,1.));
#13767 = DIRECTION('',(1.,0.,-0.));
#13768 = FACE_BOUND('',#13769,.T.);
#13769 = EDGE_LOOP('',(#13770));
#13770 = ORIENTED_EDGE('',*,*,#13771,.T.);
#13771 = EDGE_CURVE('',#13772,#13772,#13774,.T.);
#13772 = VERTEX_POINT('',#13773);
#13773 = CARTESIAN_POINT('',(46.051891,-21.,-5.E-02));
#13774 = CIRCLE('',#13775,0.431891);
#13775 = AXIS2_PLACEMENT_3D('',#13776,#13777,#13778);
#13776 = CARTESIAN_POINT('',(45.62,-21.,-5.E-02));
#13777 = DIRECTION('',(0.,0.,1.));
#13778 = DIRECTION('',(1.,0.,-0.));
#13779 = FACE_BOUND('',#13780,.T.);
#13780 = EDGE_LOOP('',(#13781));
#13781 = ORIENTED_EDGE('',*,*,#13782,.T.);
#13782 = EDGE_CURVE('',#13783,#13783,#13785,.T.);
#13783 = VERTEX_POINT('',#13784);
#13784 = CARTESIAN_POINT('',(21.337461,-20.,-5.E-02));
#13785 = CIRCLE('',#13786,1.337461);
#13786 = AXIS2_PLACEMENT_3D('',#13787,#13788,#13789);
#13787 = CARTESIAN_POINT('',(20.,-20.,-5.E-02));
#13788 = DIRECTION('',(0.,0.,1.));
#13789 = DIRECTION('',(1.,0.,-0.));
#13790 = FACE_BOUND('',#13791,.T.);
#13791 = EDGE_LOOP('',(#13792));
#13792 = ORIENTED_EDGE('',*,*,#13793,.T.);
#13793 = EDGE_CURVE('',#13794,#13794,#13796,.T.);
#13794 = VERTEX_POINT('',#13795);
#13795 = CARTESIAN_POINT('',(105.837461,-20.,-5.E-02));
#13796 = CIRCLE('',#13797,1.337461);
#13797 = AXIS2_PLACEMENT_3D('',#13798,#13799,#13800);
#13798 = CARTESIAN_POINT('',(104.5,-20.,-5.E-02));
#13799 = DIRECTION('',(0.,0.,1.));
#13800 = DIRECTION('',(1.,0.,-0.));
#13801 = PLANE('',#13802);
#13802 = AXIS2_PLACEMENT_3D('',#13803,#13804,#13805);
#13803 = CARTESIAN_POINT('',(0.,0.,-5.E-02));
#13804 = DIRECTION('',(-0.,-0.,-1.));
#13805 = DIRECTION('',(-1.,0.,0.));
#13806 = ( GEOMETRIC_REPRESENTATION_CONTEXT(3) 
GLOBAL_UNCERTAINTY_ASSIGNED_CONTEXT((#13810)) 
GLOBAL_UNIT_ASSIGNED_CONTEXT((#13807,#13808,#13809)) 
REPRESENTATION_CONTEXT('Context #1',
  '3D Context with UNIT and UNCERTAINTY') );
#13807 = ( LENGTH_UNIT() NAMED_UNIT(*) SI_UNIT(.MILLI.,.METRE.) );
#13808 = ( NAMED_UNIT(*) PLANE_ANGLE_UNIT() SI_UNIT($,.RADIAN.) );
#13809 = ( NAMED_UNIT(*) SI_UNIT($,.STERADIAN.) SOLID_ANGLE_UNIT() );
#13810 = UNCERTAINTY_MEASURE_WITH_UNIT(LENGTH_MEASURE(1.E-07),#13807,
  'distance_accuracy_value','confusion accuracy');
#13811 = CONTEXT_DEPENDENT_SHAPE_REPRESENTATION(#13812,#13814);
#13812 = ( REPRESENTATION_RELATIONSHIP('','',#13311,#10) 
REPRESENTATION_RELATIONSHIP_WITH_TRANSFORMATION(#13813) 
SHAPE_REPRESENTATION_RELATIONSHIP() );
#13813 = ITEM_DEFINED_TRANSFORMATION('','',#11,#27);
#13814 = PRODUCT_DEFINITION_SHAPE('Placement','Placement of an item',
  #13815);
#13815 = NEXT_ASSEMBLY_USAGE_OCCURRENCE('6','=>[0:1:1:7]','',#5,#13306,$
  );
#13816 = PRODUCT_RELATED_PRODUCT_CATEGORY('part',$,(#13308));
#13817 = SHAPE_DEFINITION_REPRESENTATION(#13818,#13824);
#13818 = PRODUCT_DEFINITION_SHAPE('','',#13819);
#13819 = PRODUCT_DEFINITION('design','',#13820,#13823);
#13820 = PRODUCT_DEFINITION_FORMATION('','',#13821);
#13821 = PRODUCT('Maz4324_PCB','Maz4324_PCB','',(#13822));
#13822 = PRODUCT_CONTEXT('',#2,'mechanical');
#13823 = PRODUCT_DEFINITION_CONTEXT('part definition',#2,'design');
#13824 = ADVANCED_BREP_SHAPE_REPRESENTATION('',(#11,#13825),#15363);
#13825 = MANIFOLD_SOLID_BREP('',#13826);
#13826 = CLOSED_SHELL('',(#13827,#13869,#13900,#13931,#14335,#14739,
    #14756,#14773,#14790,#14807,#14819,#14836,#14853,#14870,#14887,
    #14904,#14921,#14938,#14955,#14972,#14989,#15006,#15023,#15040,
    #15057,#15074,#15091,#15108,#15125,#15142,#15159,#15176,#15193,
    #15210,#15227,#15244,#15261,#15278,#15295,#15312,#15329,#15346));
#13827 = ADVANCED_FACE('',(#13828),#13864,.T.);
#13828 = FACE_BOUND('',#13829,.T.);
#13829 = EDGE_LOOP('',(#13830,#13840,#13849,#13857));
#13830 = ORIENTED_EDGE('',*,*,#13831,.T.);
#13831 = EDGE_CURVE('',#13832,#13834,#13836,.T.);
#13832 = VERTEX_POINT('',#13833);
#13833 = CARTESIAN_POINT('',(104.5,-17.5,0.));
#13834 = VERTEX_POINT('',#13835);
#13835 = CARTESIAN_POINT('',(104.5,-17.5,1.51));
#13836 = LINE('',#13837,#13838);
#13837 = CARTESIAN_POINT('',(104.5,-17.5,0.));
#13838 = VECTOR('',#13839,1.);
#13839 = DIRECTION('',(0.,0.,1.));
#13840 = ORIENTED_EDGE('',*,*,#13841,.T.);
#13841 = EDGE_CURVE('',#13834,#13842,#13844,.T.);
#13842 = VERTEX_POINT('',#13843);
#13843 = CARTESIAN_POINT('',(107.,-20.,1.51));
#13844 = CIRCLE('',#13845,2.499999839417);
#13845 = AXIS2_PLACEMENT_3D('',#13846,#13847,#13848);
#13846 = CARTESIAN_POINT('',(104.50000016058,-19.99999983941,1.51));
#13847 = DIRECTION('',(0.,0.,-1.));
#13848 = DIRECTION('',(-6.42331470194E-08,1.,0.));
#13849 = ORIENTED_EDGE('',*,*,#13850,.F.);
#13850 = EDGE_CURVE('',#13851,#13842,#13853,.T.);
#13851 = VERTEX_POINT('',#13852);
#13852 = CARTESIAN_POINT('',(107.,-20.,0.));
#13853 = LINE('',#13854,#13855);
#13854 = CARTESIAN_POINT('',(107.,-20.,0.));
#13855 = VECTOR('',#13856,1.);
#13856 = DIRECTION('',(0.,0.,1.));
#13857 = ORIENTED_EDGE('',*,*,#13858,.F.);
#13858 = EDGE_CURVE('',#13832,#13851,#13859,.T.);
#13859 = CIRCLE('',#13860,2.499999839417);
#13860 = AXIS2_PLACEMENT_3D('',#13861,#13862,#13863);
#13861 = CARTESIAN_POINT('',(104.50000016058,-19.99999983941,0.));
#13862 = DIRECTION('',(0.,0.,-1.));
#13863 = DIRECTION('',(-6.42331470194E-08,1.,0.));
#13864 = CYLINDRICAL_SURFACE('',#13865,2.499999839417);
#13865 = AXIS2_PLACEMENT_3D('',#13866,#13867,#13868);
#13866 = CARTESIAN_POINT('',(104.50000016058,-19.99999983941,0.));
#13867 = DIRECTION('',(0.,0.,-1.));
#13868 = DIRECTION('',(-6.42331470194E-08,1.,0.));
#13869 = ADVANCED_FACE('',(#13870),#13895,.T.);
#13870 = FACE_BOUND('',#13871,.T.);
#13871 = EDGE_LOOP('',(#13872,#13882,#13888,#13889));
#13872 = ORIENTED_EDGE('',*,*,#13873,.T.);
#13873 = EDGE_CURVE('',#13874,#13876,#13878,.T.);
#13874 = VERTEX_POINT('',#13875);
#13875 = CARTESIAN_POINT('',(20.,-17.5,0.));
#13876 = VERTEX_POINT('',#13877);
#13877 = CARTESIAN_POINT('',(20.,-17.5,1.51));
#13878 = LINE('',#13879,#13880);
#13879 = CARTESIAN_POINT('',(20.,-17.5,0.));
#13880 = VECTOR('',#13881,1.);
#13881 = DIRECTION('',(0.,0.,1.));
#13882 = ORIENTED_EDGE('',*,*,#13883,.T.);
#13883 = EDGE_CURVE('',#13876,#13834,#13884,.T.);
#13884 = LINE('',#13885,#13886);
#13885 = CARTESIAN_POINT('',(20.,-17.5,1.51));
#13886 = VECTOR('',#13887,1.);
#13887 = DIRECTION('',(1.,0.,0.));
#13888 = ORIENTED_EDGE('',*,*,#13831,.F.);
#13889 = ORIENTED_EDGE('',*,*,#13890,.F.);
#13890 = EDGE_CURVE('',#13874,#13832,#13891,.T.);
#13891 = LINE('',#13892,#13893);
#13892 = CARTESIAN_POINT('',(20.,-17.5,0.));
#13893 = VECTOR('',#13894,1.);
#13894 = DIRECTION('',(1.,0.,0.));
#13895 = PLANE('',#13896);
#13896 = AXIS2_PLACEMENT_3D('',#13897,#13898,#13899);
#13897 = CARTESIAN_POINT('',(20.,-17.5,0.));
#13898 = DIRECTION('',(0.,1.,0.));
#13899 = DIRECTION('',(1.,0.,0.));
#13900 = ADVANCED_FACE('',(#13901),#13926,.T.);
#13901 = FACE_BOUND('',#13902,.T.);
#13902 = EDGE_LOOP('',(#13903,#13904,#13912,#13920));
#13903 = ORIENTED_EDGE('',*,*,#13850,.T.);
#13904 = ORIENTED_EDGE('',*,*,#13905,.T.);
#13905 = EDGE_CURVE('',#13842,#13906,#13908,.T.);
#13906 = VERTEX_POINT('',#13907);
#13907 = CARTESIAN_POINT('',(107.,-53.,1.51));
#13908 = LINE('',#13909,#13910);
#13909 = CARTESIAN_POINT('',(107.,-20.,1.51));
#13910 = VECTOR('',#13911,1.);
#13911 = DIRECTION('',(0.,-1.,0.));
#13912 = ORIENTED_EDGE('',*,*,#13913,.F.);
#13913 = EDGE_CURVE('',#13914,#13906,#13916,.T.);
#13914 = VERTEX_POINT('',#13915);
#13915 = CARTESIAN_POINT('',(107.,-53.,0.));
#13916 = LINE('',#13917,#13918);
#13917 = CARTESIAN_POINT('',(107.,-53.,0.));
#13918 = VECTOR('',#13919,1.);
#13919 = DIRECTION('',(0.,0.,1.));
#13920 = ORIENTED_EDGE('',*,*,#13921,.F.);
#13921 = EDGE_CURVE('',#13851,#13914,#13922,.T.);
#13922 = LINE('',#13923,#13924);
#13923 = CARTESIAN_POINT('',(107.,-20.,0.));
#13924 = VECTOR('',#13925,1.);
#13925 = DIRECTION('',(0.,-1.,0.));
#13926 = PLANE('',#13927);
#13927 = AXIS2_PLACEMENT_3D('',#13928,#13929,#13930);
#13928 = CARTESIAN_POINT('',(107.,-20.,0.));
#13929 = DIRECTION('',(1.,0.,-0.));
#13930 = DIRECTION('',(0.,-1.,0.));
#13931 = ADVANCED_FACE('',(#13932,#13978,#13989,#14000,#14011,#14022,
    #14033,#14044,#14055,#14066,#14077,#14088,#14099,#14110,#14121,
    #14132,#14143,#14154,#14165,#14176,#14187,#14198,#14209,#14220,
    #14231,#14242,#14253,#14264,#14275,#14286,#14297,#14308,#14319),
  #14330,.F.);
#13932 = FACE_BOUND('',#13933,.F.);
#13933 = EDGE_LOOP('',(#13934,#13935,#13936,#13945,#13953,#13962,#13970,
    #13977));
#13934 = ORIENTED_EDGE('',*,*,#13858,.F.);
#13935 = ORIENTED_EDGE('',*,*,#13890,.F.);
#13936 = ORIENTED_EDGE('',*,*,#13937,.F.);
#13937 = EDGE_CURVE('',#13938,#13874,#13940,.T.);
#13938 = VERTEX_POINT('',#13939);
#13939 = CARTESIAN_POINT('',(17.5,-20.,0.));
#13940 = CIRCLE('',#13941,2.499999839417);
#13941 = AXIS2_PLACEMENT_3D('',#13942,#13943,#13944);
#13942 = CARTESIAN_POINT('',(19.999999839417,-19.99999983941,0.));
#13943 = DIRECTION('',(0.,0.,-1.));
#13944 = DIRECTION('',(-1.,-6.423314275614E-08,-0.));
#13945 = ORIENTED_EDGE('',*,*,#13946,.F.);
#13946 = EDGE_CURVE('',#13947,#13938,#13949,.T.);
#13947 = VERTEX_POINT('',#13948);
#13948 = CARTESIAN_POINT('',(17.5,-53.,0.));
#13949 = LINE('',#13950,#13951);
#13950 = CARTESIAN_POINT('',(17.5,-53.,0.));
#13951 = VECTOR('',#13952,1.);
#13952 = DIRECTION('',(0.,1.,0.));
#13953 = ORIENTED_EDGE('',*,*,#13954,.F.);
#13954 = EDGE_CURVE('',#13955,#13947,#13957,.T.);
#13955 = VERTEX_POINT('',#13956);
#13956 = CARTESIAN_POINT('',(20.,-55.5,0.));
#13957 = CIRCLE('',#13958,2.499999839417);
#13958 = AXIS2_PLACEMENT_3D('',#13959,#13960,#13961);
#13959 = CARTESIAN_POINT('',(19.999999839417,-53.00000016058,0.));
#13960 = DIRECTION('',(0.,0.,-1.));
#13961 = DIRECTION('',(6.423314275614E-08,-1.,0.));
#13962 = ORIENTED_EDGE('',*,*,#13963,.F.);
#13963 = EDGE_CURVE('',#13964,#13955,#13966,.T.);
#13964 = VERTEX_POINT('',#13965);
#13965 = CARTESIAN_POINT('',(104.5,-55.5,0.));
#13966 = LINE('',#13967,#13968);
#13967 = CARTESIAN_POINT('',(104.5,-55.5,0.));
#13968 = VECTOR('',#13969,1.);
#13969 = DIRECTION('',(-1.,0.,0.));
#13970 = ORIENTED_EDGE('',*,*,#13971,.F.);
#13971 = EDGE_CURVE('',#13914,#13964,#13972,.T.);
#13972 = CIRCLE('',#13973,2.499999839417);
#13973 = AXIS2_PLACEMENT_3D('',#13974,#13975,#13976);
#13974 = CARTESIAN_POINT('',(104.50000016058,-53.00000016058,0.));
#13975 = DIRECTION('',(0.,0.,-1.));
#13976 = DIRECTION('',(1.,6.42331470194E-08,0.));
#13977 = ORIENTED_EDGE('',*,*,#13921,.F.);
#13978 = FACE_BOUND('',#13979,.F.);
#13979 = EDGE_LOOP('',(#13980));
#13980 = ORIENTED_EDGE('',*,*,#13981,.T.);
#13981 = EDGE_CURVE('',#13982,#13982,#13984,.T.);
#13982 = VERTEX_POINT('',#13983);
#13983 = CARTESIAN_POINT('',(20.,-54.35,0.));
#13984 = CIRCLE('',#13985,1.35);
#13985 = AXIS2_PLACEMENT_3D('',#13986,#13987,#13988);
#13986 = CARTESIAN_POINT('',(20.,-53.,0.));
#13987 = DIRECTION('',(-0.,0.,-1.));
#13988 = DIRECTION('',(-0.,-1.,0.));
#13989 = FACE_BOUND('',#13990,.F.);
#13990 = EDGE_LOOP('',(#13991));
#13991 = ORIENTED_EDGE('',*,*,#13992,.T.);
#13992 = EDGE_CURVE('',#13993,#13993,#13995,.T.);
#13993 = VERTEX_POINT('',#13994);
#13994 = CARTESIAN_POINT('',(22.5,-44.375,0.));
#13995 = CIRCLE('',#13996,0.375);
#13996 = AXIS2_PLACEMENT_3D('',#13997,#13998,#13999);
#13997 = CARTESIAN_POINT('',(22.5,-44.,0.));
#13998 = DIRECTION('',(-0.,0.,-1.));
#13999 = DIRECTION('',(-0.,-1.,0.));
#14000 = FACE_BOUND('',#14001,.F.);
#14001 = EDGE_LOOP('',(#14002));
#14002 = ORIENTED_EDGE('',*,*,#14003,.T.);
#14003 = EDGE_CURVE('',#14004,#14004,#14006,.T.);
#14004 = VERTEX_POINT('',#14005);
#14005 = CARTESIAN_POINT('',(22.5,-42.375,0.));
#14006 = CIRCLE('',#14007,0.375);
#14007 = AXIS2_PLACEMENT_3D('',#14008,#14009,#14010);
#14008 = CARTESIAN_POINT('',(22.5,-42.,0.));
#14009 = DIRECTION('',(-0.,0.,-1.));
#14010 = DIRECTION('',(-0.,-1.,0.));
#14011 = FACE_BOUND('',#14012,.F.);
#14012 = EDGE_LOOP('',(#14013));
#14013 = ORIENTED_EDGE('',*,*,#14014,.T.);
#14014 = EDGE_CURVE('',#14015,#14015,#14017,.T.);
#14015 = VERTEX_POINT('',#14016);
#14016 = CARTESIAN_POINT('',(22.5,-40.375,0.));
#14017 = CIRCLE('',#14018,0.375);
#14018 = AXIS2_PLACEMENT_3D('',#14019,#14020,#14021);
#14019 = CARTESIAN_POINT('',(22.5,-40.,0.));
#14020 = DIRECTION('',(-0.,0.,-1.));
#14021 = DIRECTION('',(-0.,-1.,0.));
#14022 = FACE_BOUND('',#14023,.F.);
#14023 = EDGE_LOOP('',(#14024));
#14024 = ORIENTED_EDGE('',*,*,#14025,.T.);
#14025 = EDGE_CURVE('',#14026,#14026,#14028,.T.);
#14026 = VERTEX_POINT('',#14027);
#14027 = CARTESIAN_POINT('',(22.5,-38.375,0.));
#14028 = CIRCLE('',#14029,0.375);
#14029 = AXIS2_PLACEMENT_3D('',#14030,#14031,#14032);
#14030 = CARTESIAN_POINT('',(22.5,-38.,0.));
#14031 = DIRECTION('',(-0.,0.,-1.));
#14032 = DIRECTION('',(-0.,-1.,0.));
#14033 = FACE_BOUND('',#14034,.F.);
#14034 = EDGE_LOOP('',(#14035));
#14035 = ORIENTED_EDGE('',*,*,#14036,.T.);
#14036 = EDGE_CURVE('',#14037,#14037,#14039,.T.);
#14037 = VERTEX_POINT('',#14038);
#14038 = CARTESIAN_POINT('',(104.5,-54.35,0.));
#14039 = CIRCLE('',#14040,1.35);
#14040 = AXIS2_PLACEMENT_3D('',#14041,#14042,#14043);
#14041 = CARTESIAN_POINT('',(104.5,-53.,0.));
#14042 = DIRECTION('',(-0.,0.,-1.));
#14043 = DIRECTION('',(-0.,-1.,0.));
#14044 = FACE_BOUND('',#14045,.F.);
#14045 = EDGE_LOOP('',(#14046));
#14046 = ORIENTED_EDGE('',*,*,#14047,.T.);
#14047 = EDGE_CURVE('',#14048,#14048,#14050,.T.);
#14048 = VERTEX_POINT('',#14049);
#14049 = CARTESIAN_POINT('',(22.5,-36.375,0.));
#14050 = CIRCLE('',#14051,0.375);
#14051 = AXIS2_PLACEMENT_3D('',#14052,#14053,#14054);
#14052 = CARTESIAN_POINT('',(22.5,-36.,0.));
#14053 = DIRECTION('',(-0.,0.,-1.));
#14054 = DIRECTION('',(-0.,-1.,0.));
#14055 = FACE_BOUND('',#14056,.F.);
#14056 = EDGE_LOOP('',(#14057));
#14057 = ORIENTED_EDGE('',*,*,#14058,.T.);
#14058 = EDGE_CURVE('',#14059,#14059,#14061,.T.);
#14059 = VERTEX_POINT('',#14060);
#14060 = CARTESIAN_POINT('',(22.5,-34.375,0.));
#14061 = CIRCLE('',#14062,0.375);
#14062 = AXIS2_PLACEMENT_3D('',#14063,#14064,#14065);
#14063 = CARTESIAN_POINT('',(22.5,-34.,0.));
#14064 = DIRECTION('',(-0.,0.,-1.));
#14065 = DIRECTION('',(-0.,-1.,0.));
#14066 = FACE_BOUND('',#14067,.F.);
#14067 = EDGE_LOOP('',(#14068));
#14068 = ORIENTED_EDGE('',*,*,#14069,.T.);
#14069 = EDGE_CURVE('',#14070,#14070,#14072,.T.);
#14070 = VERTEX_POINT('',#14071);
#14071 = CARTESIAN_POINT('',(30.38,-36.6845,0.));
#14072 = CIRCLE('',#14073,0.4445);
#14073 = AXIS2_PLACEMENT_3D('',#14074,#14075,#14076);
#14074 = CARTESIAN_POINT('',(30.38,-36.24,0.));
#14075 = DIRECTION('',(-0.,0.,-1.));
#14076 = DIRECTION('',(-7.992606701463E-15,-1.,0.));
#14077 = FACE_BOUND('',#14078,.F.);
#14078 = EDGE_LOOP('',(#14079));
#14079 = ORIENTED_EDGE('',*,*,#14080,.T.);
#14080 = EDGE_CURVE('',#14081,#14081,#14083,.T.);
#14081 = VERTEX_POINT('',#14082);
#14082 = CARTESIAN_POINT('',(30.38,-34.1445,0.));
#14083 = CIRCLE('',#14084,0.4445);
#14084 = AXIS2_PLACEMENT_3D('',#14085,#14086,#14087);
#14085 = CARTESIAN_POINT('',(30.38,-33.7,0.));
#14086 = DIRECTION('',(-0.,0.,-1.));
#14087 = DIRECTION('',(-7.992606701464E-15,-1.,0.));
#14088 = FACE_BOUND('',#14089,.F.);
#14089 = EDGE_LOOP('',(#14090));
#14090 = ORIENTED_EDGE('',*,*,#14091,.T.);
#14091 = EDGE_CURVE('',#14092,#14092,#14094,.T.);
#14092 = VERTEX_POINT('',#14093);
#14093 = CARTESIAN_POINT('',(22.5,-32.375,0.));
#14094 = CIRCLE('',#14095,0.375);
#14095 = AXIS2_PLACEMENT_3D('',#14096,#14097,#14098);
#14096 = CARTESIAN_POINT('',(22.5,-32.,0.));
#14097 = DIRECTION('',(-0.,0.,-1.));
#14098 = DIRECTION('',(-0.,-1.,0.));
#14099 = FACE_BOUND('',#14100,.F.);
#14100 = EDGE_LOOP('',(#14101));
#14101 = ORIENTED_EDGE('',*,*,#14102,.T.);
#14102 = EDGE_CURVE('',#14103,#14103,#14105,.T.);
#14103 = VERTEX_POINT('',#14104);
#14104 = CARTESIAN_POINT('',(22.5,-30.375,0.));
#14105 = CIRCLE('',#14106,0.375);
#14106 = AXIS2_PLACEMENT_3D('',#14107,#14108,#14109);
#14107 = CARTESIAN_POINT('',(22.5,-30.,0.));
#14108 = DIRECTION('',(-0.,0.,-1.));
#14109 = DIRECTION('',(-0.,-1.,0.));
#14110 = FACE_BOUND('',#14111,.F.);
#14111 = EDGE_LOOP('',(#14112));
#14112 = ORIENTED_EDGE('',*,*,#14113,.T.);
#14113 = EDGE_CURVE('',#14114,#14114,#14116,.T.);
#14114 = VERTEX_POINT('',#14115);
#14115 = CARTESIAN_POINT('',(30.38,-31.6045,0.));
#14116 = CIRCLE('',#14117,0.4445);
#14117 = AXIS2_PLACEMENT_3D('',#14118,#14119,#14120);
#14118 = CARTESIAN_POINT('',(30.38,-31.16,0.));
#14119 = DIRECTION('',(-0.,0.,-1.));
#14120 = DIRECTION('',(-7.992606701463E-15,-1.,0.));
#14121 = FACE_BOUND('',#14122,.F.);
#14122 = EDGE_LOOP('',(#14123));
#14123 = ORIENTED_EDGE('',*,*,#14124,.T.);
#14124 = EDGE_CURVE('',#14125,#14125,#14127,.T.);
#14125 = VERTEX_POINT('',#14126);
#14126 = CARTESIAN_POINT('',(30.38,-29.0645,0.));
#14127 = CIRCLE('',#14128,0.4445);
#14128 = AXIS2_PLACEMENT_3D('',#14129,#14130,#14131);
#14129 = CARTESIAN_POINT('',(30.38,-28.62,0.));
#14130 = DIRECTION('',(-0.,0.,-1.));
#14131 = DIRECTION('',(-7.992606701464E-15,-1.,0.));
#14132 = FACE_BOUND('',#14133,.F.);
#14133 = EDGE_LOOP('',(#14134));
#14134 = ORIENTED_EDGE('',*,*,#14135,.T.);
#14135 = EDGE_CURVE('',#14136,#14136,#14138,.T.);
#14136 = VERTEX_POINT('',#14137);
#14137 = CARTESIAN_POINT('',(45.62,-36.6845,0.));
#14138 = CIRCLE('',#14139,0.4445);
#14139 = AXIS2_PLACEMENT_3D('',#14140,#14141,#14142);
#14140 = CARTESIAN_POINT('',(45.62,-36.24,0.));
#14141 = DIRECTION('',(-0.,0.,-1.));
#14142 = DIRECTION('',(-1.598521340293E-14,-1.,0.));
#14143 = FACE_BOUND('',#14144,.F.);
#14144 = EDGE_LOOP('',(#14145));
#14145 = ORIENTED_EDGE('',*,*,#14146,.T.);
#14146 = EDGE_CURVE('',#14147,#14147,#14149,.T.);
#14147 = VERTEX_POINT('',#14148);
#14148 = CARTESIAN_POINT('',(45.62,-34.1445,0.));
#14149 = CIRCLE('',#14150,0.4445);
#14150 = AXIS2_PLACEMENT_3D('',#14151,#14152,#14153);
#14151 = CARTESIAN_POINT('',(45.62,-33.7,0.));
#14152 = DIRECTION('',(-0.,0.,-1.));
#14153 = DIRECTION('',(-1.598521340293E-14,-1.,0.));
#14154 = FACE_BOUND('',#14155,.F.);
#14155 = EDGE_LOOP('',(#14156));
#14156 = ORIENTED_EDGE('',*,*,#14157,.T.);
#14157 = EDGE_CURVE('',#14158,#14158,#14160,.T.);
#14158 = VERTEX_POINT('',#14159);
#14159 = CARTESIAN_POINT('',(53.872,-34.581,0.));
#14160 = CIRCLE('',#14161,0.381);
#14161 = AXIS2_PLACEMENT_3D('',#14162,#14163,#14164);
#14162 = CARTESIAN_POINT('',(53.872,-34.2,0.));
#14163 = DIRECTION('',(-0.,0.,-1.));
#14164 = DIRECTION('',(-0.,-1.,0.));
#14165 = FACE_BOUND('',#14166,.F.);
#14166 = EDGE_LOOP('',(#14167));
#14167 = ORIENTED_EDGE('',*,*,#14168,.T.);
#14168 = EDGE_CURVE('',#14169,#14169,#14171,.T.);
#14169 = VERTEX_POINT('',#14170);
#14170 = CARTESIAN_POINT('',(45.62,-31.6045,0.));
#14171 = CIRCLE('',#14172,0.4445);
#14172 = AXIS2_PLACEMENT_3D('',#14173,#14174,#14175);
#14173 = CARTESIAN_POINT('',(45.62,-31.16,0.));
#14174 = DIRECTION('',(-0.,0.,-1.));
#14175 = DIRECTION('',(-1.598521340293E-14,-1.,0.));
#14176 = FACE_BOUND('',#14177,.F.);
#14177 = EDGE_LOOP('',(#14178));
#14178 = ORIENTED_EDGE('',*,*,#14179,.T.);
#14179 = EDGE_CURVE('',#14180,#14180,#14182,.T.);
#14180 = VERTEX_POINT('',#14181);
#14181 = CARTESIAN_POINT('',(45.62,-29.0645,0.));
#14182 = CIRCLE('',#14183,0.4445);
#14183 = AXIS2_PLACEMENT_3D('',#14184,#14185,#14186);
#14184 = CARTESIAN_POINT('',(45.62,-28.62,0.));
#14185 = DIRECTION('',(-0.,0.,-1.));
#14186 = DIRECTION('',(-1.598521340293E-14,-1.,0.));
#14187 = FACE_BOUND('',#14188,.F.);
#14188 = EDGE_LOOP('',(#14189));
#14189 = ORIENTED_EDGE('',*,*,#14190,.T.);
#14190 = EDGE_CURVE('',#14191,#14191,#14193,.T.);
#14191 = VERTEX_POINT('',#14192);
#14192 = CARTESIAN_POINT('',(53.872,-32.041,0.));
#14193 = CIRCLE('',#14194,0.381);
#14194 = AXIS2_PLACEMENT_3D('',#14195,#14196,#14197);
#14195 = CARTESIAN_POINT('',(53.872,-31.66,0.));
#14196 = DIRECTION('',(-0.,0.,-1.));
#14197 = DIRECTION('',(-0.,-1.,0.));
#14198 = FACE_BOUND('',#14199,.F.);
#14199 = EDGE_LOOP('',(#14200));
#14200 = ORIENTED_EDGE('',*,*,#14201,.T.);
#14201 = EDGE_CURVE('',#14202,#14202,#14204,.T.);
#14202 = VERTEX_POINT('',#14203);
#14203 = CARTESIAN_POINT('',(53.872,-29.501,0.));
#14204 = CIRCLE('',#14205,0.381);
#14205 = AXIS2_PLACEMENT_3D('',#14206,#14207,#14208);
#14206 = CARTESIAN_POINT('',(53.872,-29.12,0.));
#14207 = DIRECTION('',(-0.,0.,-1.));
#14208 = DIRECTION('',(-0.,-1.,0.));
#14209 = FACE_BOUND('',#14210,.F.);
#14210 = EDGE_LOOP('',(#14211));
#14211 = ORIENTED_EDGE('',*,*,#14212,.T.);
#14212 = EDGE_CURVE('',#14213,#14213,#14215,.T.);
#14213 = VERTEX_POINT('',#14214);
#14214 = CARTESIAN_POINT('',(30.38,-26.5245,0.));
#14215 = CIRCLE('',#14216,0.4445);
#14216 = AXIS2_PLACEMENT_3D('',#14217,#14218,#14219);
#14217 = CARTESIAN_POINT('',(30.38,-26.08,0.));
#14218 = DIRECTION('',(-0.,0.,-1.));
#14219 = DIRECTION('',(-7.992606701464E-15,-1.,0.));
#14220 = FACE_BOUND('',#14221,.F.);
#14221 = EDGE_LOOP('',(#14222));
#14222 = ORIENTED_EDGE('',*,*,#14223,.T.);
#14223 = EDGE_CURVE('',#14224,#14224,#14226,.T.);
#14224 = VERTEX_POINT('',#14225);
#14225 = CARTESIAN_POINT('',(30.38,-23.9845,0.));
#14226 = CIRCLE('',#14227,0.4445);
#14227 = AXIS2_PLACEMENT_3D('',#14228,#14229,#14230);
#14228 = CARTESIAN_POINT('',(30.38,-23.54,0.));
#14229 = DIRECTION('',(-0.,0.,-1.));
#14230 = DIRECTION('',(-7.992606701464E-15,-1.,0.));
#14231 = FACE_BOUND('',#14232,.F.);
#14232 = EDGE_LOOP('',(#14233));
#14233 = ORIENTED_EDGE('',*,*,#14234,.T.);
#14234 = EDGE_CURVE('',#14235,#14235,#14237,.T.);
#14235 = VERTEX_POINT('',#14236);
#14236 = CARTESIAN_POINT('',(20.,-21.35,0.));
#14237 = CIRCLE('',#14238,1.35);
#14238 = AXIS2_PLACEMENT_3D('',#14239,#14240,#14241);
#14239 = CARTESIAN_POINT('',(20.,-20.,0.));
#14240 = DIRECTION('',(-0.,0.,-1.));
#14241 = DIRECTION('',(-0.,-1.,0.));
#14242 = FACE_BOUND('',#14243,.F.);
#14243 = EDGE_LOOP('',(#14244));
#14244 = ORIENTED_EDGE('',*,*,#14245,.T.);
#14245 = EDGE_CURVE('',#14246,#14246,#14248,.T.);
#14246 = VERTEX_POINT('',#14247);
#14247 = CARTESIAN_POINT('',(30.38,-21.4445,0.));
#14248 = CIRCLE('',#14249,0.4445);
#14249 = AXIS2_PLACEMENT_3D('',#14250,#14251,#14252);
#14250 = CARTESIAN_POINT('',(30.38,-21.,0.));
#14251 = DIRECTION('',(-0.,0.,-1.));
#14252 = DIRECTION('',(-7.992606701464E-15,-1.,0.));
#14253 = FACE_BOUND('',#14254,.F.);
#14254 = EDGE_LOOP('',(#14255));
#14255 = ORIENTED_EDGE('',*,*,#14256,.T.);
#14256 = EDGE_CURVE('',#14257,#14257,#14259,.T.);
#14257 = VERTEX_POINT('',#14258);
#14258 = CARTESIAN_POINT('',(45.62,-26.5245,0.));
#14259 = CIRCLE('',#14260,0.4445);
#14260 = AXIS2_PLACEMENT_3D('',#14261,#14262,#14263);
#14261 = CARTESIAN_POINT('',(45.62,-26.08,0.));
#14262 = DIRECTION('',(-0.,0.,-1.));
#14263 = DIRECTION('',(-1.598521340293E-14,-1.,0.));
#14264 = FACE_BOUND('',#14265,.F.);
#14265 = EDGE_LOOP('',(#14266));
#14266 = ORIENTED_EDGE('',*,*,#14267,.T.);
#14267 = EDGE_CURVE('',#14268,#14268,#14270,.T.);
#14268 = VERTEX_POINT('',#14269);
#14269 = CARTESIAN_POINT('',(45.62,-23.9845,0.));
#14270 = CIRCLE('',#14271,0.4445);
#14271 = AXIS2_PLACEMENT_3D('',#14272,#14273,#14274);
#14272 = CARTESIAN_POINT('',(45.62,-23.54,0.));
#14273 = DIRECTION('',(-0.,0.,-1.));
#14274 = DIRECTION('',(-1.598521340293E-14,-1.,0.));
#14275 = FACE_BOUND('',#14276,.F.);
#14276 = EDGE_LOOP('',(#14277));
#14277 = ORIENTED_EDGE('',*,*,#14278,.T.);
#14278 = EDGE_CURVE('',#14279,#14279,#14281,.T.);
#14279 = VERTEX_POINT('',#14280);
#14280 = CARTESIAN_POINT('',(53.872,-26.961,0.));
#14281 = CIRCLE('',#14282,0.381);
#14282 = AXIS2_PLACEMENT_3D('',#14283,#14284,#14285);
#14283 = CARTESIAN_POINT('',(53.872,-26.58,0.));
#14284 = DIRECTION('',(-0.,0.,-1.));
#14285 = DIRECTION('',(-0.,-1.,0.));
#14286 = FACE_BOUND('',#14287,.F.);
#14287 = EDGE_LOOP('',(#14288));
#14288 = ORIENTED_EDGE('',*,*,#14289,.T.);
#14289 = EDGE_CURVE('',#14290,#14290,#14292,.T.);
#14290 = VERTEX_POINT('',#14291);
#14291 = CARTESIAN_POINT('',(53.872,-24.421,0.));
#14292 = CIRCLE('',#14293,0.381);
#14293 = AXIS2_PLACEMENT_3D('',#14294,#14295,#14296);
#14294 = CARTESIAN_POINT('',(53.872,-24.04,0.));
#14295 = DIRECTION('',(-0.,0.,-1.));
#14296 = DIRECTION('',(-0.,-1.,0.));
#14297 = FACE_BOUND('',#14298,.F.);
#14298 = EDGE_LOOP('',(#14299));
#14299 = ORIENTED_EDGE('',*,*,#14300,.T.);
#14300 = EDGE_CURVE('',#14301,#14301,#14303,.T.);
#14301 = VERTEX_POINT('',#14302);
#14302 = CARTESIAN_POINT('',(45.62,-21.4445,0.));
#14303 = CIRCLE('',#14304,0.4445);
#14304 = AXIS2_PLACEMENT_3D('',#14305,#14306,#14307);
#14305 = CARTESIAN_POINT('',(45.62,-21.,0.));
#14306 = DIRECTION('',(-0.,0.,-1.));
#14307 = DIRECTION('',(-1.598521340293E-14,-1.,0.));
#14308 = FACE_BOUND('',#14309,.F.);
#14309 = EDGE_LOOP('',(#14310));
#14310 = ORIENTED_EDGE('',*,*,#14311,.T.);
#14311 = EDGE_CURVE('',#14312,#14312,#14314,.T.);
#14312 = VERTEX_POINT('',#14313);
#14313 = CARTESIAN_POINT('',(53.872,-21.881,0.));
#14314 = CIRCLE('',#14315,0.381);
#14315 = AXIS2_PLACEMENT_3D('',#14316,#14317,#14318);
#14316 = CARTESIAN_POINT('',(53.872,-21.5,0.));
#14317 = DIRECTION('',(-0.,0.,-1.));
#14318 = DIRECTION('',(-0.,-1.,0.));
#14319 = FACE_BOUND('',#14320,.F.);
#14320 = EDGE_LOOP('',(#14321));
#14321 = ORIENTED_EDGE('',*,*,#14322,.T.);
#14322 = EDGE_CURVE('',#14323,#14323,#14325,.T.);
#14323 = VERTEX_POINT('',#14324);
#14324 = CARTESIAN_POINT('',(104.5,-21.35,0.));
#14325 = CIRCLE('',#14326,1.35);
#14326 = AXIS2_PLACEMENT_3D('',#14327,#14328,#14329);
#14327 = CARTESIAN_POINT('',(104.5,-20.,0.));
#14328 = DIRECTION('',(-0.,0.,-1.));
#14329 = DIRECTION('',(-0.,-1.,0.));
#14330 = PLANE('',#14331);
#14331 = AXIS2_PLACEMENT_3D('',#14332,#14333,#14334);
#14332 = CARTESIAN_POINT('',(0.,0.,0.));
#14333 = DIRECTION('',(0.,0.,1.));
#14334 = DIRECTION('',(1.,0.,-0.));
#14335 = ADVANCED_FACE('',(#14336,#14382,#14393,#14404,#14415,#14426,
    #14437,#14448,#14459,#14470,#14481,#14492,#14503,#14514,#14525,
    #14536,#14547,#14558,#14569,#14580,#14591,#14602,#14613,#14624,
    #14635,#14646,#14657,#14668,#14679,#14690,#14701,#14712,#14723),
  #14734,.T.);
#14336 = FACE_BOUND('',#14337,.T.);
#14337 = EDGE_LOOP('',(#14338,#14339,#14340,#14349,#14357,#14366,#14374,
    #14381));
#14338 = ORIENTED_EDGE('',*,*,#13841,.F.);
#14339 = ORIENTED_EDGE('',*,*,#13883,.F.);
#14340 = ORIENTED_EDGE('',*,*,#14341,.F.);
#14341 = EDGE_CURVE('',#14342,#13876,#14344,.T.);
#14342 = VERTEX_POINT('',#14343);
#14343 = CARTESIAN_POINT('',(17.5,-20.,1.51));
#14344 = CIRCLE('',#14345,2.499999839417);
#14345 = AXIS2_PLACEMENT_3D('',#14346,#14347,#14348);
#14346 = CARTESIAN_POINT('',(19.999999839417,-19.99999983941,1.51));
#14347 = DIRECTION('',(0.,0.,-1.));
#14348 = DIRECTION('',(-1.,-6.423314275614E-08,-0.));
#14349 = ORIENTED_EDGE('',*,*,#14350,.F.);
#14350 = EDGE_CURVE('',#14351,#14342,#14353,.T.);
#14351 = VERTEX_POINT('',#14352);
#14352 = CARTESIAN_POINT('',(17.5,-53.,1.51));
#14353 = LINE('',#14354,#14355);
#14354 = CARTESIAN_POINT('',(17.5,-53.,1.51));
#14355 = VECTOR('',#14356,1.);
#14356 = DIRECTION('',(0.,1.,0.));
#14357 = ORIENTED_EDGE('',*,*,#14358,.F.);
#14358 = EDGE_CURVE('',#14359,#14351,#14361,.T.);
#14359 = VERTEX_POINT('',#14360);
#14360 = CARTESIAN_POINT('',(20.,-55.5,1.51));
#14361 = CIRCLE('',#14362,2.499999839417);
#14362 = AXIS2_PLACEMENT_3D('',#14363,#14364,#14365);
#14363 = CARTESIAN_POINT('',(19.999999839417,-53.00000016058,1.51));
#14364 = DIRECTION('',(0.,0.,-1.));
#14365 = DIRECTION('',(6.423314275614E-08,-1.,0.));
#14366 = ORIENTED_EDGE('',*,*,#14367,.F.);
#14367 = EDGE_CURVE('',#14368,#14359,#14370,.T.);
#14368 = VERTEX_POINT('',#14369);
#14369 = CARTESIAN_POINT('',(104.5,-55.5,1.51));
#14370 = LINE('',#14371,#14372);
#14371 = CARTESIAN_POINT('',(104.5,-55.5,1.51));
#14372 = VECTOR('',#14373,1.);
#14373 = DIRECTION('',(-1.,0.,0.));
#14374 = ORIENTED_EDGE('',*,*,#14375,.F.);
#14375 = EDGE_CURVE('',#13906,#14368,#14376,.T.);
#14376 = CIRCLE('',#14377,2.499999839417);
#14377 = AXIS2_PLACEMENT_3D('',#14378,#14379,#14380);
#14378 = CARTESIAN_POINT('',(104.50000016058,-53.00000016058,1.51));
#14379 = DIRECTION('',(0.,0.,-1.));
#14380 = DIRECTION('',(1.,6.42331470194E-08,0.));
#14381 = ORIENTED_EDGE('',*,*,#13905,.F.);
#14382 = FACE_BOUND('',#14383,.T.);
#14383 = EDGE_LOOP('',(#14384));
#14384 = ORIENTED_EDGE('',*,*,#14385,.T.);
#14385 = EDGE_CURVE('',#14386,#14386,#14388,.T.);
#14386 = VERTEX_POINT('',#14387);
#14387 = CARTESIAN_POINT('',(20.,-54.35,1.51));
#14388 = CIRCLE('',#14389,1.35);
#14389 = AXIS2_PLACEMENT_3D('',#14390,#14391,#14392);
#14390 = CARTESIAN_POINT('',(20.,-53.,1.51));
#14391 = DIRECTION('',(-0.,0.,-1.));
#14392 = DIRECTION('',(-0.,-1.,0.));
#14393 = FACE_BOUND('',#14394,.T.);
#14394 = EDGE_LOOP('',(#14395));
#14395 = ORIENTED_EDGE('',*,*,#14396,.T.);
#14396 = EDGE_CURVE('',#14397,#14397,#14399,.T.);
#14397 = VERTEX_POINT('',#14398);
#14398 = CARTESIAN_POINT('',(22.5,-44.375,1.51));
#14399 = CIRCLE('',#14400,0.375);
#14400 = AXIS2_PLACEMENT_3D('',#14401,#14402,#14403);
#14401 = CARTESIAN_POINT('',(22.5,-44.,1.51));
#14402 = DIRECTION('',(-0.,0.,-1.));
#14403 = DIRECTION('',(-0.,-1.,0.));
#14404 = FACE_BOUND('',#14405,.T.);
#14405 = EDGE_LOOP('',(#14406));
#14406 = ORIENTED_EDGE('',*,*,#14407,.T.);
#14407 = EDGE_CURVE('',#14408,#14408,#14410,.T.);
#14408 = VERTEX_POINT('',#14409);
#14409 = CARTESIAN_POINT('',(22.5,-42.375,1.51));
#14410 = CIRCLE('',#14411,0.375);
#14411 = AXIS2_PLACEMENT_3D('',#14412,#14413,#14414);
#14412 = CARTESIAN_POINT('',(22.5,-42.,1.51));
#14413 = DIRECTION('',(-0.,0.,-1.));
#14414 = DIRECTION('',(-0.,-1.,0.));
#14415 = FACE_BOUND('',#14416,.T.);
#14416 = EDGE_LOOP('',(#14417));
#14417 = ORIENTED_EDGE('',*,*,#14418,.T.);
#14418 = EDGE_CURVE('',#14419,#14419,#14421,.T.);
#14419 = VERTEX_POINT('',#14420);
#14420 = CARTESIAN_POINT('',(22.5,-40.375,1.51));
#14421 = CIRCLE('',#14422,0.375);
#14422 = AXIS2_PLACEMENT_3D('',#14423,#14424,#14425);
#14423 = CARTESIAN_POINT('',(22.5,-40.,1.51));
#14424 = DIRECTION('',(-0.,0.,-1.));
#14425 = DIRECTION('',(-0.,-1.,0.));
#14426 = FACE_BOUND('',#14427,.T.);
#14427 = EDGE_LOOP('',(#14428));
#14428 = ORIENTED_EDGE('',*,*,#14429,.T.);
#14429 = EDGE_CURVE('',#14430,#14430,#14432,.T.);
#14430 = VERTEX_POINT('',#14431);
#14431 = CARTESIAN_POINT('',(22.5,-38.375,1.51));
#14432 = CIRCLE('',#14433,0.375);
#14433 = AXIS2_PLACEMENT_3D('',#14434,#14435,#14436);
#14434 = CARTESIAN_POINT('',(22.5,-38.,1.51));
#14435 = DIRECTION('',(-0.,0.,-1.));
#14436 = DIRECTION('',(-0.,-1.,0.));
#14437 = FACE_BOUND('',#14438,.T.);
#14438 = EDGE_LOOP('',(#14439));
#14439 = ORIENTED_EDGE('',*,*,#14440,.T.);
#14440 = EDGE_CURVE('',#14441,#14441,#14443,.T.);
#14441 = VERTEX_POINT('',#14442);
#14442 = CARTESIAN_POINT('',(104.5,-54.35,1.51));
#14443 = CIRCLE('',#14444,1.35);
#14444 = AXIS2_PLACEMENT_3D('',#14445,#14446,#14447);
#14445 = CARTESIAN_POINT('',(104.5,-53.,1.51));
#14446 = DIRECTION('',(-0.,0.,-1.));
#14447 = DIRECTION('',(-0.,-1.,0.));
#14448 = FACE_BOUND('',#14449,.T.);
#14449 = EDGE_LOOP('',(#14450));
#14450 = ORIENTED_EDGE('',*,*,#14451,.T.);
#14451 = EDGE_CURVE('',#14452,#14452,#14454,.T.);
#14452 = VERTEX_POINT('',#14453);
#14453 = CARTESIAN_POINT('',(22.5,-36.375,1.51));
#14454 = CIRCLE('',#14455,0.375);
#14455 = AXIS2_PLACEMENT_3D('',#14456,#14457,#14458);
#14456 = CARTESIAN_POINT('',(22.5,-36.,1.51));
#14457 = DIRECTION('',(-0.,0.,-1.));
#14458 = DIRECTION('',(-0.,-1.,0.));
#14459 = FACE_BOUND('',#14460,.T.);
#14460 = EDGE_LOOP('',(#14461));
#14461 = ORIENTED_EDGE('',*,*,#14462,.T.);
#14462 = EDGE_CURVE('',#14463,#14463,#14465,.T.);
#14463 = VERTEX_POINT('',#14464);
#14464 = CARTESIAN_POINT('',(22.5,-34.375,1.51));
#14465 = CIRCLE('',#14466,0.375);
#14466 = AXIS2_PLACEMENT_3D('',#14467,#14468,#14469);
#14467 = CARTESIAN_POINT('',(22.5,-34.,1.51));
#14468 = DIRECTION('',(-0.,0.,-1.));
#14469 = DIRECTION('',(-0.,-1.,0.));
#14470 = FACE_BOUND('',#14471,.T.);
#14471 = EDGE_LOOP('',(#14472));
#14472 = ORIENTED_EDGE('',*,*,#14473,.T.);
#14473 = EDGE_CURVE('',#14474,#14474,#14476,.T.);
#14474 = VERTEX_POINT('',#14475);
#14475 = CARTESIAN_POINT('',(30.38,-36.6845,1.51));
#14476 = CIRCLE('',#14477,0.4445);
#14477 = AXIS2_PLACEMENT_3D('',#14478,#14479,#14480);
#14478 = CARTESIAN_POINT('',(30.38,-36.24,1.51));
#14479 = DIRECTION('',(-0.,0.,-1.));
#14480 = DIRECTION('',(-7.992606701463E-15,-1.,0.));
#14481 = FACE_BOUND('',#14482,.T.);
#14482 = EDGE_LOOP('',(#14483));
#14483 = ORIENTED_EDGE('',*,*,#14484,.T.);
#14484 = EDGE_CURVE('',#14485,#14485,#14487,.T.);
#14485 = VERTEX_POINT('',#14486);
#14486 = CARTESIAN_POINT('',(30.38,-34.1445,1.51));
#14487 = CIRCLE('',#14488,0.4445);
#14488 = AXIS2_PLACEMENT_3D('',#14489,#14490,#14491);
#14489 = CARTESIAN_POINT('',(30.38,-33.7,1.51));
#14490 = DIRECTION('',(-0.,0.,-1.));
#14491 = DIRECTION('',(-7.992606701464E-15,-1.,0.));
#14492 = FACE_BOUND('',#14493,.T.);
#14493 = EDGE_LOOP('',(#14494));
#14494 = ORIENTED_EDGE('',*,*,#14495,.T.);
#14495 = EDGE_CURVE('',#14496,#14496,#14498,.T.);
#14496 = VERTEX_POINT('',#14497);
#14497 = CARTESIAN_POINT('',(22.5,-32.375,1.51));
#14498 = CIRCLE('',#14499,0.375);
#14499 = AXIS2_PLACEMENT_3D('',#14500,#14501,#14502);
#14500 = CARTESIAN_POINT('',(22.5,-32.,1.51));
#14501 = DIRECTION('',(-0.,0.,-1.));
#14502 = DIRECTION('',(-0.,-1.,0.));
#14503 = FACE_BOUND('',#14504,.T.);
#14504 = EDGE_LOOP('',(#14505));
#14505 = ORIENTED_EDGE('',*,*,#14506,.T.);
#14506 = EDGE_CURVE('',#14507,#14507,#14509,.T.);
#14507 = VERTEX_POINT('',#14508);
#14508 = CARTESIAN_POINT('',(22.5,-30.375,1.51));
#14509 = CIRCLE('',#14510,0.375);
#14510 = AXIS2_PLACEMENT_3D('',#14511,#14512,#14513);
#14511 = CARTESIAN_POINT('',(22.5,-30.,1.51));
#14512 = DIRECTION('',(-0.,0.,-1.));
#14513 = DIRECTION('',(-0.,-1.,0.));
#14514 = FACE_BOUND('',#14515,.T.);
#14515 = EDGE_LOOP('',(#14516));
#14516 = ORIENTED_EDGE('',*,*,#14517,.T.);
#14517 = EDGE_CURVE('',#14518,#14518,#14520,.T.);
#14518 = VERTEX_POINT('',#14519);
#14519 = CARTESIAN_POINT('',(30.38,-31.6045,1.51));
#14520 = CIRCLE('',#14521,0.4445);
#14521 = AXIS2_PLACEMENT_3D('',#14522,#14523,#14524);
#14522 = CARTESIAN_POINT('',(30.38,-31.16,1.51));
#14523 = DIRECTION('',(-0.,0.,-1.));
#14524 = DIRECTION('',(-7.992606701463E-15,-1.,0.));
#14525 = FACE_BOUND('',#14526,.T.);
#14526 = EDGE_LOOP('',(#14527));
#14527 = ORIENTED_EDGE('',*,*,#14528,.T.);
#14528 = EDGE_CURVE('',#14529,#14529,#14531,.T.);
#14529 = VERTEX_POINT('',#14530);
#14530 = CARTESIAN_POINT('',(30.38,-29.0645,1.51));
#14531 = CIRCLE('',#14532,0.4445);
#14532 = AXIS2_PLACEMENT_3D('',#14533,#14534,#14535);
#14533 = CARTESIAN_POINT('',(30.38,-28.62,1.51));
#14534 = DIRECTION('',(-0.,0.,-1.));
#14535 = DIRECTION('',(-7.992606701464E-15,-1.,0.));
#14536 = FACE_BOUND('',#14537,.T.);
#14537 = EDGE_LOOP('',(#14538));
#14538 = ORIENTED_EDGE('',*,*,#14539,.T.);
#14539 = EDGE_CURVE('',#14540,#14540,#14542,.T.);
#14540 = VERTEX_POINT('',#14541);
#14541 = CARTESIAN_POINT('',(45.62,-36.6845,1.51));
#14542 = CIRCLE('',#14543,0.4445);
#14543 = AXIS2_PLACEMENT_3D('',#14544,#14545,#14546);
#14544 = CARTESIAN_POINT('',(45.62,-36.24,1.51));
#14545 = DIRECTION('',(-0.,0.,-1.));
#14546 = DIRECTION('',(-1.598521340293E-14,-1.,0.));
#14547 = FACE_BOUND('',#14548,.T.);
#14548 = EDGE_LOOP('',(#14549));
#14549 = ORIENTED_EDGE('',*,*,#14550,.T.);
#14550 = EDGE_CURVE('',#14551,#14551,#14553,.T.);
#14551 = VERTEX_POINT('',#14552);
#14552 = CARTESIAN_POINT('',(45.62,-34.1445,1.51));
#14553 = CIRCLE('',#14554,0.4445);
#14554 = AXIS2_PLACEMENT_3D('',#14555,#14556,#14557);
#14555 = CARTESIAN_POINT('',(45.62,-33.7,1.51));
#14556 = DIRECTION('',(-0.,0.,-1.));
#14557 = DIRECTION('',(-1.598521340293E-14,-1.,0.));
#14558 = FACE_BOUND('',#14559,.T.);
#14559 = EDGE_LOOP('',(#14560));
#14560 = ORIENTED_EDGE('',*,*,#14561,.T.);
#14561 = EDGE_CURVE('',#14562,#14562,#14564,.T.);
#14562 = VERTEX_POINT('',#14563);
#14563 = CARTESIAN_POINT('',(53.872,-34.581,1.51));
#14564 = CIRCLE('',#14565,0.381);
#14565 = AXIS2_PLACEMENT_3D('',#14566,#14567,#14568);
#14566 = CARTESIAN_POINT('',(53.872,-34.2,1.51));
#14567 = DIRECTION('',(-0.,0.,-1.));
#14568 = DIRECTION('',(-0.,-1.,0.));
#14569 = FACE_BOUND('',#14570,.T.);
#14570 = EDGE_LOOP('',(#14571));
#14571 = ORIENTED_EDGE('',*,*,#14572,.T.);
#14572 = EDGE_CURVE('',#14573,#14573,#14575,.T.);
#14573 = VERTEX_POINT('',#14574);
#14574 = CARTESIAN_POINT('',(45.62,-31.6045,1.51));
#14575 = CIRCLE('',#14576,0.4445);
#14576 = AXIS2_PLACEMENT_3D('',#14577,#14578,#14579);
#14577 = CARTESIAN_POINT('',(45.62,-31.16,1.51));
#14578 = DIRECTION('',(-0.,0.,-1.));
#14579 = DIRECTION('',(-1.598521340293E-14,-1.,0.));
#14580 = FACE_BOUND('',#14581,.T.);
#14581 = EDGE_LOOP('',(#14582));
#14582 = ORIENTED_EDGE('',*,*,#14583,.T.);
#14583 = EDGE_CURVE('',#14584,#14584,#14586,.T.);
#14584 = VERTEX_POINT('',#14585);
#14585 = CARTESIAN_POINT('',(45.62,-29.0645,1.51));
#14586 = CIRCLE('',#14587,0.4445);
#14587 = AXIS2_PLACEMENT_3D('',#14588,#14589,#14590);
#14588 = CARTESIAN_POINT('',(45.62,-28.62,1.51));
#14589 = DIRECTION('',(-0.,0.,-1.));
#14590 = DIRECTION('',(-1.598521340293E-14,-1.,0.));
#14591 = FACE_BOUND('',#14592,.T.);
#14592 = EDGE_LOOP('',(#14593));
#14593 = ORIENTED_EDGE('',*,*,#14594,.T.);
#14594 = EDGE_CURVE('',#14595,#14595,#14597,.T.);
#14595 = VERTEX_POINT('',#14596);
#14596 = CARTESIAN_POINT('',(53.872,-32.041,1.51));
#14597 = CIRCLE('',#14598,0.381);
#14598 = AXIS2_PLACEMENT_3D('',#14599,#14600,#14601);
#14599 = CARTESIAN_POINT('',(53.872,-31.66,1.51));
#14600 = DIRECTION('',(-0.,0.,-1.));
#14601 = DIRECTION('',(-0.,-1.,0.));
#14602 = FACE_BOUND('',#14603,.T.);
#14603 = EDGE_LOOP('',(#14604));
#14604 = ORIENTED_EDGE('',*,*,#14605,.T.);
#14605 = EDGE_CURVE('',#14606,#14606,#14608,.T.);
#14606 = VERTEX_POINT('',#14607);
#14607 = CARTESIAN_POINT('',(53.872,-29.501,1.51));
#14608 = CIRCLE('',#14609,0.381);
#14609 = AXIS2_PLACEMENT_3D('',#14610,#14611,#14612);
#14610 = CARTESIAN_POINT('',(53.872,-29.12,1.51));
#14611 = DIRECTION('',(-0.,0.,-1.));
#14612 = DIRECTION('',(-0.,-1.,0.));
#14613 = FACE_BOUND('',#14614,.T.);
#14614 = EDGE_LOOP('',(#14615));
#14615 = ORIENTED_EDGE('',*,*,#14616,.T.);
#14616 = EDGE_CURVE('',#14617,#14617,#14619,.T.);
#14617 = VERTEX_POINT('',#14618);
#14618 = CARTESIAN_POINT('',(30.38,-26.5245,1.51));
#14619 = CIRCLE('',#14620,0.4445);
#14620 = AXIS2_PLACEMENT_3D('',#14621,#14622,#14623);
#14621 = CARTESIAN_POINT('',(30.38,-26.08,1.51));
#14622 = DIRECTION('',(-0.,0.,-1.));
#14623 = DIRECTION('',(-7.992606701464E-15,-1.,0.));
#14624 = FACE_BOUND('',#14625,.T.);
#14625 = EDGE_LOOP('',(#14626));
#14626 = ORIENTED_EDGE('',*,*,#14627,.T.);
#14627 = EDGE_CURVE('',#14628,#14628,#14630,.T.);
#14628 = VERTEX_POINT('',#14629);
#14629 = CARTESIAN_POINT('',(30.38,-23.9845,1.51));
#14630 = CIRCLE('',#14631,0.4445);
#14631 = AXIS2_PLACEMENT_3D('',#14632,#14633,#14634);
#14632 = CARTESIAN_POINT('',(30.38,-23.54,1.51));
#14633 = DIRECTION('',(-0.,0.,-1.));
#14634 = DIRECTION('',(-7.992606701464E-15,-1.,0.));
#14635 = FACE_BOUND('',#14636,.T.);
#14636 = EDGE_LOOP('',(#14637));
#14637 = ORIENTED_EDGE('',*,*,#14638,.T.);
#14638 = EDGE_CURVE('',#14639,#14639,#14641,.T.);
#14639 = VERTEX_POINT('',#14640);
#14640 = CARTESIAN_POINT('',(20.,-21.35,1.51));
#14641 = CIRCLE('',#14642,1.35);
#14642 = AXIS2_PLACEMENT_3D('',#14643,#14644,#14645);
#14643 = CARTESIAN_POINT('',(20.,-20.,1.51));
#14644 = DIRECTION('',(-0.,0.,-1.));
#14645 = DIRECTION('',(-0.,-1.,0.));
#14646 = FACE_BOUND('',#14647,.T.);
#14647 = EDGE_LOOP('',(#14648));
#14648 = ORIENTED_EDGE('',*,*,#14649,.T.);
#14649 = EDGE_CURVE('',#14650,#14650,#14652,.T.);
#14650 = VERTEX_POINT('',#14651);
#14651 = CARTESIAN_POINT('',(30.38,-21.4445,1.51));
#14652 = CIRCLE('',#14653,0.4445);
#14653 = AXIS2_PLACEMENT_3D('',#14654,#14655,#14656);
#14654 = CARTESIAN_POINT('',(30.38,-21.,1.51));
#14655 = DIRECTION('',(-0.,0.,-1.));
#14656 = DIRECTION('',(-7.992606701464E-15,-1.,0.));
#14657 = FACE_BOUND('',#14658,.T.);
#14658 = EDGE_LOOP('',(#14659));
#14659 = ORIENTED_EDGE('',*,*,#14660,.T.);
#14660 = EDGE_CURVE('',#14661,#14661,#14663,.T.);
#14661 = VERTEX_POINT('',#14662);
#14662 = CARTESIAN_POINT('',(45.62,-26.5245,1.51));
#14663 = CIRCLE('',#14664,0.4445);
#14664 = AXIS2_PLACEMENT_3D('',#14665,#14666,#14667);
#14665 = CARTESIAN_POINT('',(45.62,-26.08,1.51));
#14666 = DIRECTION('',(-0.,0.,-1.));
#14667 = DIRECTION('',(-1.598521340293E-14,-1.,0.));
#14668 = FACE_BOUND('',#14669,.T.);
#14669 = EDGE_LOOP('',(#14670));
#14670 = ORIENTED_EDGE('',*,*,#14671,.T.);
#14671 = EDGE_CURVE('',#14672,#14672,#14674,.T.);
#14672 = VERTEX_POINT('',#14673);
#14673 = CARTESIAN_POINT('',(45.62,-23.9845,1.51));
#14674 = CIRCLE('',#14675,0.4445);
#14675 = AXIS2_PLACEMENT_3D('',#14676,#14677,#14678);
#14676 = CARTESIAN_POINT('',(45.62,-23.54,1.51));
#14677 = DIRECTION('',(-0.,0.,-1.));
#14678 = DIRECTION('',(-1.598521340293E-14,-1.,0.));
#14679 = FACE_BOUND('',#14680,.T.);
#14680 = EDGE_LOOP('',(#14681));
#14681 = ORIENTED_EDGE('',*,*,#14682,.T.);
#14682 = EDGE_CURVE('',#14683,#14683,#14685,.T.);
#14683 = VERTEX_POINT('',#14684);
#14684 = CARTESIAN_POINT('',(53.872,-26.961,1.51));
#14685 = CIRCLE('',#14686,0.381);
#14686 = AXIS2_PLACEMENT_3D('',#14687,#14688,#14689);
#14687 = CARTESIAN_POINT('',(53.872,-26.58,1.51));
#14688 = DIRECTION('',(-0.,0.,-1.));
#14689 = DIRECTION('',(-0.,-1.,0.));
#14690 = FACE_BOUND('',#14691,.T.);
#14691 = EDGE_LOOP('',(#14692));
#14692 = ORIENTED_EDGE('',*,*,#14693,.T.);
#14693 = EDGE_CURVE('',#14694,#14694,#14696,.T.);
#14694 = VERTEX_POINT('',#14695);
#14695 = CARTESIAN_POINT('',(53.872,-24.421,1.51));
#14696 = CIRCLE('',#14697,0.381);
#14697 = AXIS2_PLACEMENT_3D('',#14698,#14699,#14700);
#14698 = CARTESIAN_POINT('',(53.872,-24.04,1.51));
#14699 = DIRECTION('',(-0.,0.,-1.));
#14700 = DIRECTION('',(-0.,-1.,0.));
#14701 = FACE_BOUND('',#14702,.T.);
#14702 = EDGE_LOOP('',(#14703));
#14703 = ORIENTED_EDGE('',*,*,#14704,.T.);
#14704 = EDGE_CURVE('',#14705,#14705,#14707,.T.);
#14705 = VERTEX_POINT('',#14706);
#14706 = CARTESIAN_POINT('',(45.62,-21.4445,1.51));
#14707 = CIRCLE('',#14708,0.4445);
#14708 = AXIS2_PLACEMENT_3D('',#14709,#14710,#14711);
#14709 = CARTESIAN_POINT('',(45.62,-21.,1.51));
#14710 = DIRECTION('',(-0.,0.,-1.));
#14711 = DIRECTION('',(-1.598521340293E-14,-1.,0.));
#14712 = FACE_BOUND('',#14713,.T.);
#14713 = EDGE_LOOP('',(#14714));
#14714 = ORIENTED_EDGE('',*,*,#14715,.T.);
#14715 = EDGE_CURVE('',#14716,#14716,#14718,.T.);
#14716 = VERTEX_POINT('',#14717);
#14717 = CARTESIAN_POINT('',(53.872,-21.881,1.51));
#14718 = CIRCLE('',#14719,0.381);
#14719 = AXIS2_PLACEMENT_3D('',#14720,#14721,#14722);
#14720 = CARTESIAN_POINT('',(53.872,-21.5,1.51));
#14721 = DIRECTION('',(-0.,0.,-1.));
#14722 = DIRECTION('',(-0.,-1.,0.));
#14723 = FACE_BOUND('',#14724,.T.);
#14724 = EDGE_LOOP('',(#14725));
#14725 = ORIENTED_EDGE('',*,*,#14726,.T.);
#14726 = EDGE_CURVE('',#14727,#14727,#14729,.T.);
#14727 = VERTEX_POINT('',#14728);
#14728 = CARTESIAN_POINT('',(104.5,-21.35,1.51));
#14729 = CIRCLE('',#14730,1.35);
#14730 = AXIS2_PLACEMENT_3D('',#14731,#14732,#14733);
#14731 = CARTESIAN_POINT('',(104.5,-20.,1.51));
#14732 = DIRECTION('',(-0.,0.,-1.));
#14733 = DIRECTION('',(-0.,-1.,0.));
#14734 = PLANE('',#14735);
#14735 = AXIS2_PLACEMENT_3D('',#14736,#14737,#14738);
#14736 = CARTESIAN_POINT('',(0.,0.,1.51));
#14737 = DIRECTION('',(0.,0.,1.));
#14738 = DIRECTION('',(1.,0.,-0.));
#14739 = ADVANCED_FACE('',(#14740),#14751,.T.);
#14740 = FACE_BOUND('',#14741,.T.);
#14741 = EDGE_LOOP('',(#14742,#14748,#14749,#14750));
#14742 = ORIENTED_EDGE('',*,*,#14743,.T.);
#14743 = EDGE_CURVE('',#13938,#14342,#14744,.T.);
#14744 = LINE('',#14745,#14746);
#14745 = CARTESIAN_POINT('',(17.5,-20.,0.));
#14746 = VECTOR('',#14747,1.);
#14747 = DIRECTION('',(0.,0.,1.));
#14748 = ORIENTED_EDGE('',*,*,#14341,.T.);
#14749 = ORIENTED_EDGE('',*,*,#13873,.F.);
#14750 = ORIENTED_EDGE('',*,*,#13937,.F.);
#14751 = CYLINDRICAL_SURFACE('',#14752,2.499999839417);
#14752 = AXIS2_PLACEMENT_3D('',#14753,#14754,#14755);
#14753 = CARTESIAN_POINT('',(19.999999839417,-19.99999983941,0.));
#14754 = DIRECTION('',(0.,0.,-1.));
#14755 = DIRECTION('',(-1.,-6.423314275614E-08,-0.));
#14756 = ADVANCED_FACE('',(#14757),#14768,.T.);
#14757 = FACE_BOUND('',#14758,.T.);
#14758 = EDGE_LOOP('',(#14759,#14760,#14761,#14767));
#14759 = ORIENTED_EDGE('',*,*,#13913,.T.);
#14760 = ORIENTED_EDGE('',*,*,#14375,.T.);
#14761 = ORIENTED_EDGE('',*,*,#14762,.F.);
#14762 = EDGE_CURVE('',#13964,#14368,#14763,.T.);
#14763 = LINE('',#14764,#14765);
#14764 = CARTESIAN_POINT('',(104.5,-55.5,0.));
#14765 = VECTOR('',#14766,1.);
#14766 = DIRECTION('',(0.,0.,1.));
#14767 = ORIENTED_EDGE('',*,*,#13971,.F.);
#14768 = CYLINDRICAL_SURFACE('',#14769,2.499999839417);
#14769 = AXIS2_PLACEMENT_3D('',#14770,#14771,#14772);
#14770 = CARTESIAN_POINT('',(104.50000016058,-53.00000016058,0.));
#14771 = DIRECTION('',(0.,0.,-1.));
#14772 = DIRECTION('',(1.,6.42331470194E-08,0.));
#14773 = ADVANCED_FACE('',(#14774),#14785,.T.);
#14774 = FACE_BOUND('',#14775,.T.);
#14775 = EDGE_LOOP('',(#14776,#14782,#14783,#14784));
#14776 = ORIENTED_EDGE('',*,*,#14777,.T.);
#14777 = EDGE_CURVE('',#13947,#14351,#14778,.T.);
#14778 = LINE('',#14779,#14780);
#14779 = CARTESIAN_POINT('',(17.5,-53.,0.));
#14780 = VECTOR('',#14781,1.);
#14781 = DIRECTION('',(0.,0.,1.));
#14782 = ORIENTED_EDGE('',*,*,#14350,.T.);
#14783 = ORIENTED_EDGE('',*,*,#14743,.F.);
#14784 = ORIENTED_EDGE('',*,*,#13946,.F.);
#14785 = PLANE('',#14786);
#14786 = AXIS2_PLACEMENT_3D('',#14787,#14788,#14789);
#14787 = CARTESIAN_POINT('',(17.5,-53.,0.));
#14788 = DIRECTION('',(-1.,0.,0.));
#14789 = DIRECTION('',(0.,1.,0.));
#14790 = ADVANCED_FACE('',(#14791),#14802,.T.);
#14791 = FACE_BOUND('',#14792,.T.);
#14792 = EDGE_LOOP('',(#14793,#14794,#14795,#14801));
#14793 = ORIENTED_EDGE('',*,*,#14762,.T.);
#14794 = ORIENTED_EDGE('',*,*,#14367,.T.);
#14795 = ORIENTED_EDGE('',*,*,#14796,.F.);
#14796 = EDGE_CURVE('',#13955,#14359,#14797,.T.);
#14797 = LINE('',#14798,#14799);
#14798 = CARTESIAN_POINT('',(20.,-55.5,0.));
#14799 = VECTOR('',#14800,1.);
#14800 = DIRECTION('',(0.,0.,1.));
#14801 = ORIENTED_EDGE('',*,*,#13963,.F.);
#14802 = PLANE('',#14803);
#14803 = AXIS2_PLACEMENT_3D('',#14804,#14805,#14806);
#14804 = CARTESIAN_POINT('',(104.5,-55.5,0.));
#14805 = DIRECTION('',(0.,-1.,0.));
#14806 = DIRECTION('',(-1.,0.,0.));
#14807 = ADVANCED_FACE('',(#14808),#14814,.T.);
#14808 = FACE_BOUND('',#14809,.T.);
#14809 = EDGE_LOOP('',(#14810,#14811,#14812,#14813));
#14810 = ORIENTED_EDGE('',*,*,#14796,.T.);
#14811 = ORIENTED_EDGE('',*,*,#14358,.T.);
#14812 = ORIENTED_EDGE('',*,*,#14777,.F.);
#14813 = ORIENTED_EDGE('',*,*,#13954,.F.);
#14814 = CYLINDRICAL_SURFACE('',#14815,2.499999839417);
#14815 = AXIS2_PLACEMENT_3D('',#14816,#14817,#14818);
#14816 = CARTESIAN_POINT('',(19.999999839417,-53.00000016058,0.));
#14817 = DIRECTION('',(0.,0.,-1.));
#14818 = DIRECTION('',(6.423314275614E-08,-1.,0.));
#14819 = ADVANCED_FACE('',(#14820),#14831,.F.);
#14820 = FACE_BOUND('',#14821,.T.);
#14821 = EDGE_LOOP('',(#14822,#14823,#14829,#14830));
#14822 = ORIENTED_EDGE('',*,*,#13981,.T.);
#14823 = ORIENTED_EDGE('',*,*,#14824,.T.);
#14824 = EDGE_CURVE('',#13982,#14386,#14825,.T.);
#14825 = LINE('',#14826,#14827);
#14826 = CARTESIAN_POINT('',(20.,-54.35,-4.6E-02));
#14827 = VECTOR('',#14828,1.);
#14828 = DIRECTION('',(0.,0.,1.));
#14829 = ORIENTED_EDGE('',*,*,#14385,.F.);
#14830 = ORIENTED_EDGE('',*,*,#14824,.F.);
#14831 = CYLINDRICAL_SURFACE('',#14832,1.35);
#14832 = AXIS2_PLACEMENT_3D('',#14833,#14834,#14835);
#14833 = CARTESIAN_POINT('',(20.,-53.,-4.6E-02));
#14834 = DIRECTION('',(-0.,-0.,-1.));
#14835 = DIRECTION('',(-0.,-1.,0.));
#14836 = ADVANCED_FACE('',(#14837),#14848,.F.);
#14837 = FACE_BOUND('',#14838,.T.);
#14838 = EDGE_LOOP('',(#14839,#14840,#14846,#14847));
#14839 = ORIENTED_EDGE('',*,*,#13992,.T.);
#14840 = ORIENTED_EDGE('',*,*,#14841,.T.);
#14841 = EDGE_CURVE('',#13993,#14397,#14842,.T.);
#14842 = LINE('',#14843,#14844);
#14843 = CARTESIAN_POINT('',(22.5,-44.375,-4.6E-02));
#14844 = VECTOR('',#14845,1.);
#14845 = DIRECTION('',(0.,0.,1.));
#14846 = ORIENTED_EDGE('',*,*,#14396,.F.);
#14847 = ORIENTED_EDGE('',*,*,#14841,.F.);
#14848 = CYLINDRICAL_SURFACE('',#14849,0.375);
#14849 = AXIS2_PLACEMENT_3D('',#14850,#14851,#14852);
#14850 = CARTESIAN_POINT('',(22.5,-44.,-4.6E-02));
#14851 = DIRECTION('',(-0.,-0.,-1.));
#14852 = DIRECTION('',(-0.,-1.,0.));
#14853 = ADVANCED_FACE('',(#14854),#14865,.F.);
#14854 = FACE_BOUND('',#14855,.T.);
#14855 = EDGE_LOOP('',(#14856,#14857,#14863,#14864));
#14856 = ORIENTED_EDGE('',*,*,#14003,.T.);
#14857 = ORIENTED_EDGE('',*,*,#14858,.T.);
#14858 = EDGE_CURVE('',#14004,#14408,#14859,.T.);
#14859 = LINE('',#14860,#14861);
#14860 = CARTESIAN_POINT('',(22.5,-42.375,-4.6E-02));
#14861 = VECTOR('',#14862,1.);
#14862 = DIRECTION('',(0.,0.,1.));
#14863 = ORIENTED_EDGE('',*,*,#14407,.F.);
#14864 = ORIENTED_EDGE('',*,*,#14858,.F.);
#14865 = CYLINDRICAL_SURFACE('',#14866,0.375);
#14866 = AXIS2_PLACEMENT_3D('',#14867,#14868,#14869);
#14867 = CARTESIAN_POINT('',(22.5,-42.,-4.6E-02));
#14868 = DIRECTION('',(-0.,-0.,-1.));
#14869 = DIRECTION('',(-0.,-1.,0.));
#14870 = ADVANCED_FACE('',(#14871),#14882,.F.);
#14871 = FACE_BOUND('',#14872,.T.);
#14872 = EDGE_LOOP('',(#14873,#14874,#14880,#14881));
#14873 = ORIENTED_EDGE('',*,*,#14014,.T.);
#14874 = ORIENTED_EDGE('',*,*,#14875,.T.);
#14875 = EDGE_CURVE('',#14015,#14419,#14876,.T.);
#14876 = LINE('',#14877,#14878);
#14877 = CARTESIAN_POINT('',(22.5,-40.375,-4.6E-02));
#14878 = VECTOR('',#14879,1.);
#14879 = DIRECTION('',(0.,0.,1.));
#14880 = ORIENTED_EDGE('',*,*,#14418,.F.);
#14881 = ORIENTED_EDGE('',*,*,#14875,.F.);
#14882 = CYLINDRICAL_SURFACE('',#14883,0.375);
#14883 = AXIS2_PLACEMENT_3D('',#14884,#14885,#14886);
#14884 = CARTESIAN_POINT('',(22.5,-40.,-4.6E-02));
#14885 = DIRECTION('',(-0.,-0.,-1.));
#14886 = DIRECTION('',(-0.,-1.,0.));
#14887 = ADVANCED_FACE('',(#14888),#14899,.F.);
#14888 = FACE_BOUND('',#14889,.T.);
#14889 = EDGE_LOOP('',(#14890,#14891,#14897,#14898));
#14890 = ORIENTED_EDGE('',*,*,#14025,.T.);
#14891 = ORIENTED_EDGE('',*,*,#14892,.T.);
#14892 = EDGE_CURVE('',#14026,#14430,#14893,.T.);
#14893 = LINE('',#14894,#14895);
#14894 = CARTESIAN_POINT('',(22.5,-38.375,-4.6E-02));
#14895 = VECTOR('',#14896,1.);
#14896 = DIRECTION('',(0.,0.,1.));
#14897 = ORIENTED_EDGE('',*,*,#14429,.F.);
#14898 = ORIENTED_EDGE('',*,*,#14892,.F.);
#14899 = CYLINDRICAL_SURFACE('',#14900,0.375);
#14900 = AXIS2_PLACEMENT_3D('',#14901,#14902,#14903);
#14901 = CARTESIAN_POINT('',(22.5,-38.,-4.6E-02));
#14902 = DIRECTION('',(-0.,-0.,-1.));
#14903 = DIRECTION('',(-0.,-1.,0.));
#14904 = ADVANCED_FACE('',(#14905),#14916,.F.);
#14905 = FACE_BOUND('',#14906,.T.);
#14906 = EDGE_LOOP('',(#14907,#14908,#14914,#14915));
#14907 = ORIENTED_EDGE('',*,*,#14036,.T.);
#14908 = ORIENTED_EDGE('',*,*,#14909,.T.);
#14909 = EDGE_CURVE('',#14037,#14441,#14910,.T.);
#14910 = LINE('',#14911,#14912);
#14911 = CARTESIAN_POINT('',(104.5,-54.35,-4.6E-02));
#14912 = VECTOR('',#14913,1.);
#14913 = DIRECTION('',(0.,0.,1.));
#14914 = ORIENTED_EDGE('',*,*,#14440,.F.);
#14915 = ORIENTED_EDGE('',*,*,#14909,.F.);
#14916 = CYLINDRICAL_SURFACE('',#14917,1.35);
#14917 = AXIS2_PLACEMENT_3D('',#14918,#14919,#14920);
#14918 = CARTESIAN_POINT('',(104.5,-53.,-4.6E-02));
#14919 = DIRECTION('',(-0.,-0.,-1.));
#14920 = DIRECTION('',(-0.,-1.,0.));
#14921 = ADVANCED_FACE('',(#14922),#14933,.F.);
#14922 = FACE_BOUND('',#14923,.T.);
#14923 = EDGE_LOOP('',(#14924,#14925,#14931,#14932));
#14924 = ORIENTED_EDGE('',*,*,#14047,.T.);
#14925 = ORIENTED_EDGE('',*,*,#14926,.T.);
#14926 = EDGE_CURVE('',#14048,#14452,#14927,.T.);
#14927 = LINE('',#14928,#14929);
#14928 = CARTESIAN_POINT('',(22.5,-36.375,-4.6E-02));
#14929 = VECTOR('',#14930,1.);
#14930 = DIRECTION('',(0.,0.,1.));
#14931 = ORIENTED_EDGE('',*,*,#14451,.F.);
#14932 = ORIENTED_EDGE('',*,*,#14926,.F.);
#14933 = CYLINDRICAL_SURFACE('',#14934,0.375);
#14934 = AXIS2_PLACEMENT_3D('',#14935,#14936,#14937);
#14935 = CARTESIAN_POINT('',(22.5,-36.,-4.6E-02));
#14936 = DIRECTION('',(-0.,-0.,-1.));
#14937 = DIRECTION('',(-0.,-1.,0.));
#14938 = ADVANCED_FACE('',(#14939),#14950,.F.);
#14939 = FACE_BOUND('',#14940,.T.);
#14940 = EDGE_LOOP('',(#14941,#14942,#14948,#14949));
#14941 = ORIENTED_EDGE('',*,*,#14058,.T.);
#14942 = ORIENTED_EDGE('',*,*,#14943,.T.);
#14943 = EDGE_CURVE('',#14059,#14463,#14944,.T.);
#14944 = LINE('',#14945,#14946);
#14945 = CARTESIAN_POINT('',(22.5,-34.375,-4.6E-02));
#14946 = VECTOR('',#14947,1.);
#14947 = DIRECTION('',(0.,0.,1.));
#14948 = ORIENTED_EDGE('',*,*,#14462,.F.);
#14949 = ORIENTED_EDGE('',*,*,#14943,.F.);
#14950 = CYLINDRICAL_SURFACE('',#14951,0.375);
#14951 = AXIS2_PLACEMENT_3D('',#14952,#14953,#14954);
#14952 = CARTESIAN_POINT('',(22.5,-34.,-4.6E-02));
#14953 = DIRECTION('',(-0.,-0.,-1.));
#14954 = DIRECTION('',(-0.,-1.,0.));
#14955 = ADVANCED_FACE('',(#14956),#14967,.F.);
#14956 = FACE_BOUND('',#14957,.T.);
#14957 = EDGE_LOOP('',(#14958,#14959,#14965,#14966));
#14958 = ORIENTED_EDGE('',*,*,#14069,.T.);
#14959 = ORIENTED_EDGE('',*,*,#14960,.T.);
#14960 = EDGE_CURVE('',#14070,#14474,#14961,.T.);
#14961 = LINE('',#14962,#14963);
#14962 = CARTESIAN_POINT('',(30.38,-36.6845,-4.6E-02));
#14963 = VECTOR('',#14964,1.);
#14964 = DIRECTION('',(0.,0.,1.));
#14965 = ORIENTED_EDGE('',*,*,#14473,.F.);
#14966 = ORIENTED_EDGE('',*,*,#14960,.F.);
#14967 = CYLINDRICAL_SURFACE('',#14968,0.4445);
#14968 = AXIS2_PLACEMENT_3D('',#14969,#14970,#14971);
#14969 = CARTESIAN_POINT('',(30.38,-36.24,-4.6E-02));
#14970 = DIRECTION('',(-0.,-0.,-1.));
#14971 = DIRECTION('',(-7.992606701463E-15,-1.,0.));
#14972 = ADVANCED_FACE('',(#14973),#14984,.F.);
#14973 = FACE_BOUND('',#14974,.T.);
#14974 = EDGE_LOOP('',(#14975,#14976,#14982,#14983));
#14975 = ORIENTED_EDGE('',*,*,#14080,.T.);
#14976 = ORIENTED_EDGE('',*,*,#14977,.T.);
#14977 = EDGE_CURVE('',#14081,#14485,#14978,.T.);
#14978 = LINE('',#14979,#14980);
#14979 = CARTESIAN_POINT('',(30.38,-34.1445,-4.6E-02));
#14980 = VECTOR('',#14981,1.);
#14981 = DIRECTION('',(0.,0.,1.));
#14982 = ORIENTED_EDGE('',*,*,#14484,.F.);
#14983 = ORIENTED_EDGE('',*,*,#14977,.F.);
#14984 = CYLINDRICAL_SURFACE('',#14985,0.4445);
#14985 = AXIS2_PLACEMENT_3D('',#14986,#14987,#14988);
#14986 = CARTESIAN_POINT('',(30.38,-33.7,-4.6E-02));
#14987 = DIRECTION('',(-0.,-0.,-1.));
#14988 = DIRECTION('',(-7.992606701464E-15,-1.,0.));
#14989 = ADVANCED_FACE('',(#14990),#15001,.F.);
#14990 = FACE_BOUND('',#14991,.T.);
#14991 = EDGE_LOOP('',(#14992,#14993,#14999,#15000));
#14992 = ORIENTED_EDGE('',*,*,#14091,.T.);
#14993 = ORIENTED_EDGE('',*,*,#14994,.T.);
#14994 = EDGE_CURVE('',#14092,#14496,#14995,.T.);
#14995 = LINE('',#14996,#14997);
#14996 = CARTESIAN_POINT('',(22.5,-32.375,-4.6E-02));
#14997 = VECTOR('',#14998,1.);
#14998 = DIRECTION('',(0.,0.,1.));
#14999 = ORIENTED_EDGE('',*,*,#14495,.F.);
#15000 = ORIENTED_EDGE('',*,*,#14994,.F.);
#15001 = CYLINDRICAL_SURFACE('',#15002,0.375);
#15002 = AXIS2_PLACEMENT_3D('',#15003,#15004,#15005);
#15003 = CARTESIAN_POINT('',(22.5,-32.,-4.6E-02));
#15004 = DIRECTION('',(-0.,-0.,-1.));
#15005 = DIRECTION('',(-0.,-1.,0.));
#15006 = ADVANCED_FACE('',(#15007),#15018,.F.);
#15007 = FACE_BOUND('',#15008,.T.);
#15008 = EDGE_LOOP('',(#15009,#15010,#15016,#15017));
#15009 = ORIENTED_EDGE('',*,*,#14102,.T.);
#15010 = ORIENTED_EDGE('',*,*,#15011,.T.);
#15011 = EDGE_CURVE('',#14103,#14507,#15012,.T.);
#15012 = LINE('',#15013,#15014);
#15013 = CARTESIAN_POINT('',(22.5,-30.375,-4.6E-02));
#15014 = VECTOR('',#15015,1.);
#15015 = DIRECTION('',(0.,0.,1.));
#15016 = ORIENTED_EDGE('',*,*,#14506,.F.);
#15017 = ORIENTED_EDGE('',*,*,#15011,.F.);
#15018 = CYLINDRICAL_SURFACE('',#15019,0.375);
#15019 = AXIS2_PLACEMENT_3D('',#15020,#15021,#15022);
#15020 = CARTESIAN_POINT('',(22.5,-30.,-4.6E-02));
#15021 = DIRECTION('',(-0.,-0.,-1.));
#15022 = DIRECTION('',(-0.,-1.,0.));
#15023 = ADVANCED_FACE('',(#15024),#15035,.F.);
#15024 = FACE_BOUND('',#15025,.T.);
#15025 = EDGE_LOOP('',(#15026,#15027,#15033,#15034));
#15026 = ORIENTED_EDGE('',*,*,#14113,.T.);
#15027 = ORIENTED_EDGE('',*,*,#15028,.T.);
#15028 = EDGE_CURVE('',#14114,#14518,#15029,.T.);
#15029 = LINE('',#15030,#15031);
#15030 = CARTESIAN_POINT('',(30.38,-31.6045,-4.6E-02));
#15031 = VECTOR('',#15032,1.);
#15032 = DIRECTION('',(0.,0.,1.));
#15033 = ORIENTED_EDGE('',*,*,#14517,.F.);
#15034 = ORIENTED_EDGE('',*,*,#15028,.F.);
#15035 = CYLINDRICAL_SURFACE('',#15036,0.4445);
#15036 = AXIS2_PLACEMENT_3D('',#15037,#15038,#15039);
#15037 = CARTESIAN_POINT('',(30.38,-31.16,-4.6E-02));
#15038 = DIRECTION('',(-0.,-0.,-1.));
#15039 = DIRECTION('',(-7.992606701463E-15,-1.,0.));
#15040 = ADVANCED_FACE('',(#15041),#15052,.F.);
#15041 = FACE_BOUND('',#15042,.T.);
#15042 = EDGE_LOOP('',(#15043,#15044,#15050,#15051));
#15043 = ORIENTED_EDGE('',*,*,#14124,.T.);
#15044 = ORIENTED_EDGE('',*,*,#15045,.T.);
#15045 = EDGE_CURVE('',#14125,#14529,#15046,.T.);
#15046 = LINE('',#15047,#15048);
#15047 = CARTESIAN_POINT('',(30.38,-29.0645,-4.6E-02));
#15048 = VECTOR('',#15049,1.);
#15049 = DIRECTION('',(0.,0.,1.));
#15050 = ORIENTED_EDGE('',*,*,#14528,.F.);
#15051 = ORIENTED_EDGE('',*,*,#15045,.F.);
#15052 = CYLINDRICAL_SURFACE('',#15053,0.4445);
#15053 = AXIS2_PLACEMENT_3D('',#15054,#15055,#15056);
#15054 = CARTESIAN_POINT('',(30.38,-28.62,-4.6E-02));
#15055 = DIRECTION('',(-0.,-0.,-1.));
#15056 = DIRECTION('',(-7.992606701464E-15,-1.,0.));
#15057 = ADVANCED_FACE('',(#15058),#15069,.F.);
#15058 = FACE_BOUND('',#15059,.T.);
#15059 = EDGE_LOOP('',(#15060,#15061,#15067,#15068));
#15060 = ORIENTED_EDGE('',*,*,#14135,.T.);
#15061 = ORIENTED_EDGE('',*,*,#15062,.T.);
#15062 = EDGE_CURVE('',#14136,#14540,#15063,.T.);
#15063 = LINE('',#15064,#15065);
#15064 = CARTESIAN_POINT('',(45.62,-36.6845,-4.6E-02));
#15065 = VECTOR('',#15066,1.);
#15066 = DIRECTION('',(0.,0.,1.));
#15067 = ORIENTED_EDGE('',*,*,#14539,.F.);
#15068 = ORIENTED_EDGE('',*,*,#15062,.F.);
#15069 = CYLINDRICAL_SURFACE('',#15070,0.4445);
#15070 = AXIS2_PLACEMENT_3D('',#15071,#15072,#15073);
#15071 = CARTESIAN_POINT('',(45.62,-36.24,-4.6E-02));
#15072 = DIRECTION('',(-0.,-0.,-1.));
#15073 = DIRECTION('',(-1.598521340293E-14,-1.,0.));
#15074 = ADVANCED_FACE('',(#15075),#15086,.F.);
#15075 = FACE_BOUND('',#15076,.T.);
#15076 = EDGE_LOOP('',(#15077,#15078,#15084,#15085));
#15077 = ORIENTED_EDGE('',*,*,#14146,.T.);
#15078 = ORIENTED_EDGE('',*,*,#15079,.T.);
#15079 = EDGE_CURVE('',#14147,#14551,#15080,.T.);
#15080 = LINE('',#15081,#15082);
#15081 = CARTESIAN_POINT('',(45.62,-34.1445,-4.6E-02));
#15082 = VECTOR('',#15083,1.);
#15083 = DIRECTION('',(0.,0.,1.));
#15084 = ORIENTED_EDGE('',*,*,#14550,.F.);
#15085 = ORIENTED_EDGE('',*,*,#15079,.F.);
#15086 = CYLINDRICAL_SURFACE('',#15087,0.4445);
#15087 = AXIS2_PLACEMENT_3D('',#15088,#15089,#15090);
#15088 = CARTESIAN_POINT('',(45.62,-33.7,-4.6E-02));
#15089 = DIRECTION('',(-0.,-0.,-1.));
#15090 = DIRECTION('',(-1.598521340293E-14,-1.,0.));
#15091 = ADVANCED_FACE('',(#15092),#15103,.F.);
#15092 = FACE_BOUND('',#15093,.T.);
#15093 = EDGE_LOOP('',(#15094,#15095,#15101,#15102));
#15094 = ORIENTED_EDGE('',*,*,#14157,.T.);
#15095 = ORIENTED_EDGE('',*,*,#15096,.T.);
#15096 = EDGE_CURVE('',#14158,#14562,#15097,.T.);
#15097 = LINE('',#15098,#15099);
#15098 = CARTESIAN_POINT('',(53.872,-34.581,-4.6E-02));
#15099 = VECTOR('',#15100,1.);
#15100 = DIRECTION('',(0.,0.,1.));
#15101 = ORIENTED_EDGE('',*,*,#14561,.F.);
#15102 = ORIENTED_EDGE('',*,*,#15096,.F.);
#15103 = CYLINDRICAL_SURFACE('',#15104,0.381);
#15104 = AXIS2_PLACEMENT_3D('',#15105,#15106,#15107);
#15105 = CARTESIAN_POINT('',(53.872,-34.2,-4.6E-02));
#15106 = DIRECTION('',(-0.,-0.,-1.));
#15107 = DIRECTION('',(-0.,-1.,0.));
#15108 = ADVANCED_FACE('',(#15109),#15120,.F.);
#15109 = FACE_BOUND('',#15110,.T.);
#15110 = EDGE_LOOP('',(#15111,#15112,#15118,#15119));
#15111 = ORIENTED_EDGE('',*,*,#14168,.T.);
#15112 = ORIENTED_EDGE('',*,*,#15113,.T.);
#15113 = EDGE_CURVE('',#14169,#14573,#15114,.T.);
#15114 = LINE('',#15115,#15116);
#15115 = CARTESIAN_POINT('',(45.62,-31.6045,-4.6E-02));
#15116 = VECTOR('',#15117,1.);
#15117 = DIRECTION('',(0.,0.,1.));
#15118 = ORIENTED_EDGE('',*,*,#14572,.F.);
#15119 = ORIENTED_EDGE('',*,*,#15113,.F.);
#15120 = CYLINDRICAL_SURFACE('',#15121,0.4445);
#15121 = AXIS2_PLACEMENT_3D('',#15122,#15123,#15124);
#15122 = CARTESIAN_POINT('',(45.62,-31.16,-4.6E-02));
#15123 = DIRECTION('',(-0.,-0.,-1.));
#15124 = DIRECTION('',(-1.598521340293E-14,-1.,0.));
#15125 = ADVANCED_FACE('',(#15126),#15137,.F.);
#15126 = FACE_BOUND('',#15127,.T.);
#15127 = EDGE_LOOP('',(#15128,#15129,#15135,#15136));
#15128 = ORIENTED_EDGE('',*,*,#14179,.T.);
#15129 = ORIENTED_EDGE('',*,*,#15130,.T.);
#15130 = EDGE_CURVE('',#14180,#14584,#15131,.T.);
#15131 = LINE('',#15132,#15133);
#15132 = CARTESIAN_POINT('',(45.62,-29.0645,-4.6E-02));
#15133 = VECTOR('',#15134,1.);
#15134 = DIRECTION('',(0.,0.,1.));
#15135 = ORIENTED_EDGE('',*,*,#14583,.F.);
#15136 = ORIENTED_EDGE('',*,*,#15130,.F.);
#15137 = CYLINDRICAL_SURFACE('',#15138,0.4445);
#15138 = AXIS2_PLACEMENT_3D('',#15139,#15140,#15141);
#15139 = CARTESIAN_POINT('',(45.62,-28.62,-4.6E-02));
#15140 = DIRECTION('',(-0.,-0.,-1.));
#15141 = DIRECTION('',(-1.598521340293E-14,-1.,0.));
#15142 = ADVANCED_FACE('',(#15143),#15154,.F.);
#15143 = FACE_BOUND('',#15144,.T.);
#15144 = EDGE_LOOP('',(#15145,#15146,#15152,#15153));
#15145 = ORIENTED_EDGE('',*,*,#14190,.T.);
#15146 = ORIENTED_EDGE('',*,*,#15147,.T.);
#15147 = EDGE_CURVE('',#14191,#14595,#15148,.T.);
#15148 = LINE('',#15149,#15150);
#15149 = CARTESIAN_POINT('',(53.872,-32.041,-4.6E-02));
#15150 = VECTOR('',#15151,1.);
#15151 = DIRECTION('',(0.,0.,1.));
#15152 = ORIENTED_EDGE('',*,*,#14594,.F.);
#15153 = ORIENTED_EDGE('',*,*,#15147,.F.);
#15154 = CYLINDRICAL_SURFACE('',#15155,0.381);
#15155 = AXIS2_PLACEMENT_3D('',#15156,#15157,#15158);
#15156 = CARTESIAN_POINT('',(53.872,-31.66,-4.6E-02));
#15157 = DIRECTION('',(-0.,-0.,-1.));
#15158 = DIRECTION('',(-0.,-1.,0.));
#15159 = ADVANCED_FACE('',(#15160),#15171,.F.);
#15160 = FACE_BOUND('',#15161,.T.);
#15161 = EDGE_LOOP('',(#15162,#15163,#15169,#15170));
#15162 = ORIENTED_EDGE('',*,*,#14201,.T.);
#15163 = ORIENTED_EDGE('',*,*,#15164,.T.);
#15164 = EDGE_CURVE('',#14202,#14606,#15165,.T.);
#15165 = LINE('',#15166,#15167);
#15166 = CARTESIAN_POINT('',(53.872,-29.501,-4.6E-02));
#15167 = VECTOR('',#15168,1.);
#15168 = DIRECTION('',(0.,0.,1.));
#15169 = ORIENTED_EDGE('',*,*,#14605,.F.);
#15170 = ORIENTED_EDGE('',*,*,#15164,.F.);
#15171 = CYLINDRICAL_SURFACE('',#15172,0.381);
#15172 = AXIS2_PLACEMENT_3D('',#15173,#15174,#15175);
#15173 = CARTESIAN_POINT('',(53.872,-29.12,-4.6E-02));
#15174 = DIRECTION('',(-0.,-0.,-1.));
#15175 = DIRECTION('',(-0.,-1.,0.));
#15176 = ADVANCED_FACE('',(#15177),#15188,.F.);
#15177 = FACE_BOUND('',#15178,.T.);
#15178 = EDGE_LOOP('',(#15179,#15180,#15186,#15187));
#15179 = ORIENTED_EDGE('',*,*,#14212,.T.);
#15180 = ORIENTED_EDGE('',*,*,#15181,.T.);
#15181 = EDGE_CURVE('',#14213,#14617,#15182,.T.);
#15182 = LINE('',#15183,#15184);
#15183 = CARTESIAN_POINT('',(30.38,-26.5245,-4.6E-02));
#15184 = VECTOR('',#15185,1.);
#15185 = DIRECTION('',(0.,0.,1.));
#15186 = ORIENTED_EDGE('',*,*,#14616,.F.);
#15187 = ORIENTED_EDGE('',*,*,#15181,.F.);
#15188 = CYLINDRICAL_SURFACE('',#15189,0.4445);
#15189 = AXIS2_PLACEMENT_3D('',#15190,#15191,#15192);
#15190 = CARTESIAN_POINT('',(30.38,-26.08,-4.6E-02));
#15191 = DIRECTION('',(-0.,-0.,-1.));
#15192 = DIRECTION('',(-7.992606701464E-15,-1.,0.));
#15193 = ADVANCED_FACE('',(#15194),#15205,.F.);
#15194 = FACE_BOUND('',#15195,.T.);
#15195 = EDGE_LOOP('',(#15196,#15197,#15203,#15204));
#15196 = ORIENTED_EDGE('',*,*,#14223,.T.);
#15197 = ORIENTED_EDGE('',*,*,#15198,.T.);
#15198 = EDGE_CURVE('',#14224,#14628,#15199,.T.);
#15199 = LINE('',#15200,#15201);
#15200 = CARTESIAN_POINT('',(30.38,-23.9845,-4.6E-02));
#15201 = VECTOR('',#15202,1.);
#15202 = DIRECTION('',(0.,0.,1.));
#15203 = ORIENTED_EDGE('',*,*,#14627,.F.);
#15204 = ORIENTED_EDGE('',*,*,#15198,.F.);
#15205 = CYLINDRICAL_SURFACE('',#15206,0.4445);
#15206 = AXIS2_PLACEMENT_3D('',#15207,#15208,#15209);
#15207 = CARTESIAN_POINT('',(30.38,-23.54,-4.6E-02));
#15208 = DIRECTION('',(-0.,-0.,-1.));
#15209 = DIRECTION('',(-7.992606701464E-15,-1.,0.));
#15210 = ADVANCED_FACE('',(#15211),#15222,.F.);
#15211 = FACE_BOUND('',#15212,.T.);
#15212 = EDGE_LOOP('',(#15213,#15214,#15220,#15221));
#15213 = ORIENTED_EDGE('',*,*,#14234,.T.);
#15214 = ORIENTED_EDGE('',*,*,#15215,.T.);
#15215 = EDGE_CURVE('',#14235,#14639,#15216,.T.);
#15216 = LINE('',#15217,#15218);
#15217 = CARTESIAN_POINT('',(20.,-21.35,-4.6E-02));
#15218 = VECTOR('',#15219,1.);
#15219 = DIRECTION('',(0.,0.,1.));
#15220 = ORIENTED_EDGE('',*,*,#14638,.F.);
#15221 = ORIENTED_EDGE('',*,*,#15215,.F.);
#15222 = CYLINDRICAL_SURFACE('',#15223,1.35);
#15223 = AXIS2_PLACEMENT_3D('',#15224,#15225,#15226);
#15224 = CARTESIAN_POINT('',(20.,-20.,-4.6E-02));
#15225 = DIRECTION('',(-0.,-0.,-1.));
#15226 = DIRECTION('',(-0.,-1.,0.));
#15227 = ADVANCED_FACE('',(#15228),#15239,.F.);
#15228 = FACE_BOUND('',#15229,.T.);
#15229 = EDGE_LOOP('',(#15230,#15231,#15237,#15238));
#15230 = ORIENTED_EDGE('',*,*,#14245,.T.);
#15231 = ORIENTED_EDGE('',*,*,#15232,.T.);
#15232 = EDGE_CURVE('',#14246,#14650,#15233,.T.);
#15233 = LINE('',#15234,#15235);
#15234 = CARTESIAN_POINT('',(30.38,-21.4445,-4.6E-02));
#15235 = VECTOR('',#15236,1.);
#15236 = DIRECTION('',(0.,0.,1.));
#15237 = ORIENTED_EDGE('',*,*,#14649,.F.);
#15238 = ORIENTED_EDGE('',*,*,#15232,.F.);
#15239 = CYLINDRICAL_SURFACE('',#15240,0.4445);
#15240 = AXIS2_PLACEMENT_3D('',#15241,#15242,#15243);
#15241 = CARTESIAN_POINT('',(30.38,-21.,-4.6E-02));
#15242 = DIRECTION('',(-0.,-0.,-1.));
#15243 = DIRECTION('',(-7.992606701464E-15,-1.,0.));
#15244 = ADVANCED_FACE('',(#15245),#15256,.F.);
#15245 = FACE_BOUND('',#15246,.T.);
#15246 = EDGE_LOOP('',(#15247,#15248,#15254,#15255));
#15247 = ORIENTED_EDGE('',*,*,#14256,.T.);
#15248 = ORIENTED_EDGE('',*,*,#15249,.T.);
#15249 = EDGE_CURVE('',#14257,#14661,#15250,.T.);
#15250 = LINE('',#15251,#15252);
#15251 = CARTESIAN_POINT('',(45.62,-26.5245,-4.6E-02));
#15252 = VECTOR('',#15253,1.);
#15253 = DIRECTION('',(0.,0.,1.));
#15254 = ORIENTED_EDGE('',*,*,#14660,.F.);
#15255 = ORIENTED_EDGE('',*,*,#15249,.F.);
#15256 = CYLINDRICAL_SURFACE('',#15257,0.4445);
#15257 = AXIS2_PLACEMENT_3D('',#15258,#15259,#15260);
#15258 = CARTESIAN_POINT('',(45.62,-26.08,-4.6E-02));
#15259 = DIRECTION('',(-0.,-0.,-1.));
#15260 = DIRECTION('',(-1.598521340293E-14,-1.,0.));
#15261 = ADVANCED_FACE('',(#15262),#15273,.F.);
#15262 = FACE_BOUND('',#15263,.T.);
#15263 = EDGE_LOOP('',(#15264,#15265,#15271,#15272));
#15264 = ORIENTED_EDGE('',*,*,#14267,.T.);
#15265 = ORIENTED_EDGE('',*,*,#15266,.T.);
#15266 = EDGE_CURVE('',#14268,#14672,#15267,.T.);
#15267 = LINE('',#15268,#15269);
#15268 = CARTESIAN_POINT('',(45.62,-23.9845,-4.6E-02));
#15269 = VECTOR('',#15270,1.);
#15270 = DIRECTION('',(0.,0.,1.));
#15271 = ORIENTED_EDGE('',*,*,#14671,.F.);
#15272 = ORIENTED_EDGE('',*,*,#15266,.F.);
#15273 = CYLINDRICAL_SURFACE('',#15274,0.4445);
#15274 = AXIS2_PLACEMENT_3D('',#15275,#15276,#15277);
#15275 = CARTESIAN_POINT('',(45.62,-23.54,-4.6E-02));
#15276 = DIRECTION('',(-0.,-0.,-1.));
#15277 = DIRECTION('',(-1.598521340293E-14,-1.,0.));
#15278 = ADVANCED_FACE('',(#15279),#15290,.F.);
#15279 = FACE_BOUND('',#15280,.T.);
#15280 = EDGE_LOOP('',(#15281,#15282,#15288,#15289));
#15281 = ORIENTED_EDGE('',*,*,#14278,.T.);
#15282 = ORIENTED_EDGE('',*,*,#15283,.T.);
#15283 = EDGE_CURVE('',#14279,#14683,#15284,.T.);
#15284 = LINE('',#15285,#15286);
#15285 = CARTESIAN_POINT('',(53.872,-26.961,-4.6E-02));
#15286 = VECTOR('',#15287,1.);
#15287 = DIRECTION('',(0.,0.,1.));
#15288 = ORIENTED_EDGE('',*,*,#14682,.F.);
#15289 = ORIENTED_EDGE('',*,*,#15283,.F.);
#15290 = CYLINDRICAL_SURFACE('',#15291,0.381);
#15291 = AXIS2_PLACEMENT_3D('',#15292,#15293,#15294);
#15292 = CARTESIAN_POINT('',(53.872,-26.58,-4.6E-02));
#15293 = DIRECTION('',(-0.,-0.,-1.));
#15294 = DIRECTION('',(-0.,-1.,0.));
#15295 = ADVANCED_FACE('',(#15296),#15307,.F.);
#15296 = FACE_BOUND('',#15297,.T.);
#15297 = EDGE_LOOP('',(#15298,#15299,#15305,#15306));
#15298 = ORIENTED_EDGE('',*,*,#14289,.T.);
#15299 = ORIENTED_EDGE('',*,*,#15300,.T.);
#15300 = EDGE_CURVE('',#14290,#14694,#15301,.T.);
#15301 = LINE('',#15302,#15303);
#15302 = CARTESIAN_POINT('',(53.872,-24.421,-4.6E-02));
#15303 = VECTOR('',#15304,1.);
#15304 = DIRECTION('',(0.,0.,1.));
#15305 = ORIENTED_EDGE('',*,*,#14693,.F.);
#15306 = ORIENTED_EDGE('',*,*,#15300,.F.);
#15307 = CYLINDRICAL_SURFACE('',#15308,0.381);
#15308 = AXIS2_PLACEMENT_3D('',#15309,#15310,#15311);
#15309 = CARTESIAN_POINT('',(53.872,-24.04,-4.6E-02));
#15310 = DIRECTION('',(-0.,-0.,-1.));
#15311 = DIRECTION('',(-0.,-1.,0.));
#15312 = ADVANCED_FACE('',(#15313),#15324,.F.);
#15313 = FACE_BOUND('',#15314,.T.);
#15314 = EDGE_LOOP('',(#15315,#15316,#15322,#15323));
#15315 = ORIENTED_EDGE('',*,*,#14300,.T.);
#15316 = ORIENTED_EDGE('',*,*,#15317,.T.);
#15317 = EDGE_CURVE('',#14301,#14705,#15318,.T.);
#15318 = LINE('',#15319,#15320);
#15319 = CARTESIAN_POINT('',(45.62,-21.4445,-4.6E-02));
#15320 = VECTOR('',#15321,1.);
#15321 = DIRECTION('',(0.,0.,1.));
#15322 = ORIENTED_EDGE('',*,*,#14704,.F.);
#15323 = ORIENTED_EDGE('',*,*,#15317,.F.);
#15324 = CYLINDRICAL_SURFACE('',#15325,0.4445);
#15325 = AXIS2_PLACEMENT_3D('',#15326,#15327,#15328);
#15326 = CARTESIAN_POINT('',(45.62,-21.,-4.6E-02));
#15327 = DIRECTION('',(-0.,-0.,-1.));
#15328 = DIRECTION('',(-1.598521340293E-14,-1.,0.));
#15329 = ADVANCED_FACE('',(#15330),#15341,.F.);
#15330 = FACE_BOUND('',#15331,.T.);
#15331 = EDGE_LOOP('',(#15332,#15333,#15339,#15340));
#15332 = ORIENTED_EDGE('',*,*,#14311,.T.);
#15333 = ORIENTED_EDGE('',*,*,#15334,.T.);
#15334 = EDGE_CURVE('',#14312,#14716,#15335,.T.);
#15335 = LINE('',#15336,#15337);
#15336 = CARTESIAN_POINT('',(53.872,-21.881,-4.6E-02));
#15337 = VECTOR('',#15338,1.);
#15338 = DIRECTION('',(0.,0.,1.));
#15339 = ORIENTED_EDGE('',*,*,#14715,.F.);
#15340 = ORIENTED_EDGE('',*,*,#15334,.F.);
#15341 = CYLINDRICAL_SURFACE('',#15342,0.381);
#15342 = AXIS2_PLACEMENT_3D('',#15343,#15344,#15345);
#15343 = CARTESIAN_POINT('',(53.872,-21.5,-4.6E-02));
#15344 = DIRECTION('',(-0.,-0.,-1.));
#15345 = DIRECTION('',(-0.,-1.,0.));
#15346 = ADVANCED_FACE('',(#15347),#15358,.F.);
#15347 = FACE_BOUND('',#15348,.T.);
#15348 = EDGE_LOOP('',(#15349,#15350,#15356,#15357));
#15349 = ORIENTED_EDGE('',*,*,#14322,.T.);
#15350 = ORIENTED_EDGE('',*,*,#15351,.T.);
#15351 = EDGE_CURVE('',#14323,#14727,#15352,.T.);
#15352 = LINE('',#15353,#15354);
#15353 = CARTESIAN_POINT('',(104.5,-21.35,-4.6E-02));
#15354 = VECTOR('',#15355,1.);
#15355 = DIRECTION('',(0.,0.,1.));
#15356 = ORIENTED_EDGE('',*,*,#14726,.F.);
#15357 = ORIENTED_EDGE('',*,*,#15351,.F.);
#15358 = CYLINDRICAL_SURFACE('',#15359,1.35);
#15359 = AXIS2_PLACEMENT_3D('',#15360,#15361,#15362);
#15360 = CARTESIAN_POINT('',(104.5,-20.,-4.6E-02));
#15361 = DIRECTION('',(-0.,-0.,-1.));
#15362 = DIRECTION('',(-0.,-1.,0.));
#15363 = ( GEOMETRIC_REPRESENTATION_CONTEXT(3) 
GLOBAL_UNCERTAINTY_ASSIGNED_CONTEXT((#15367)) 
GLOBAL_UNIT_ASSIGNED_CONTEXT((#15364,#15365,#15366)) 
REPRESENTATION_CONTEXT('Context #1',
  '3D Context with UNIT and UNCERTAINTY') );
#15364 = ( LENGTH_UNIT() NAMED_UNIT(*) SI_UNIT(.MILLI.,.METRE.) );
#15365 = ( NAMED_UNIT(*) PLANE_ANGLE_UNIT() SI_UNIT($,.RADIAN.) );
#15366 = ( NAMED_UNIT(*) SI_UNIT($,.STERADIAN.) SOLID_ANGLE_UNIT() );
#15367 = UNCERTAINTY_MEASURE_WITH_UNIT(LENGTH_MEASURE(1.E-07),#15364,
  'distance_accuracy_value','confusion accuracy');
#15368 = CONTEXT_DEPENDENT_SHAPE_REPRESENTATION(#15369,#15371);
#15369 = ( REPRESENTATION_RELATIONSHIP('','',#13824,#10) 
REPRESENTATION_RELATIONSHIP_WITH_TRANSFORMATION(#15370) 
SHAPE_REPRESENTATION_RELATIONSHIP() );
#15370 = ITEM_DEFINED_TRANSFORMATION('','',#11,#31);
#15371 = PRODUCT_DEFINITION_SHAPE('Placement','Placement of an item',
  #15372);
#15372 = NEXT_ASSEMBLY_USAGE_OCCURRENCE('7','=>[0:1:1:8]','',#5,#13819,$
  );
#15373 = PRODUCT_RELATED_PRODUCT_CATEGORY('part',$,(#13821));
#15374 = MECHANICAL_DESIGN_GEOMETRIC_PRESENTATION_REPRESENTATION('',(
    #15375,#15383,#15390,#15397,#15404,#15411,#15418,#15425,#15432,
    #15439,#15446,#15453,#15460,#15467,#15474,#15481,#15488,#15495,
    #15502,#15509,#15516,#15523,#15530,#15537,#15544,#15551,#15558,
    #15565,#15572,#15579,#15586,#15593,#15600,#15607,#15614,#15621,
    #15628,#15635,#15642,#15649,#15656,#15663,#15670,#15677,#15684,
    #15691,#15698,#15705,#15712,#15719,#15726,#15733,#15740,#15747,
    #15754,#15761,#15768,#15775,#15782,#15789,#15796,#15803,#15810,
    #15817,#15824,#15831,#15838,#15845,#15852,#15859,#15866,#15873,
    #15880,#15887,#15894,#15901,#15908,#15915,#15922,#15929,#15937,
    #15944,#15951,#15958,#15965,#15972,#15979,#15986,#15993,#16000,
    #16007,#16014,#16021,#16028,#16035,#16042,#16049,#16056,#16063,
    #16070,#16077,#16084,#16091,#16098,#16105,#16112,#16119,#16126,
    #16133,#16140,#16147,#16154,#16161,#16168,#16175,#16182,#16189,
    #16196,#16203,#16210,#16217,#16224,#16231,#16238,#16245,#16252,
    #16259,#16266,#16273,#16280,#16287,#16294,#16301,#16308,#16315,
    #16322,#16329,#16336,#16343,#16350,#16357,#16364,#16371,#16378,
    #16385,#16392,#16399,#16406,#16413,#16420,#16427,#16434,#16441,
    #16448,#16455,#16462,#16469,#16476,#16483,#16490,#16497,#16504,
    #16511,#16518,#16525,#16532,#16539,#16546,#16553,#16560,#16567,
    #16574,#16581,#16588,#16595,#16602,#16609,#16616,#16623,#16630,
    #16637,#16644,#16651,#16658,#16665,#16672,#16679,#16686,#16693,
    #16700,#16707,#16714,#16721,#16728,#16735,#16742,#16749,#16756,
    #16763,#16770,#16777,#16784,#16791,#16798,#16805,#16812,#16819,
    #16826,#16833,#16840,#16847,#16854,#16861,#16868,#16875,#16882,
    #16889,#16896,#16903,#16910,#16917,#16924,#16931,#16938,#16945,
    #16952,#16959,#16966,#16973,#16980,#16987,#16994,#17001,#17008,
    #17015,#17022,#17029,#17036,#17043,#17050,#17057,#17064,#17071,
    #17078,#17085,#17092,#17099,#17106,#17113,#17120,#17127,#17134,
    #17141,#17148,#17155,#17162,#17169,#17176,#17183,#17190,#17197),
  #12780);
#15375 = STYLED_ITEM('color',(#15376),#5054);
#15376 = PRESENTATION_STYLE_ASSIGNMENT((#15377));
#15377 = SURFACE_STYLE_USAGE(.BOTH.,#15378);
#15378 = SURFACE_SIDE_STYLE('',(#15379));
#15379 = SURFACE_STYLE_FILL_AREA(#15380);
#15380 = FILL_AREA_STYLE('',(#15381));
#15381 = FILL_AREA_STYLE_COLOUR('',#15382);
#15382 = COLOUR_RGB('',0.894117649055,0.890196087049,0.811764731185);
#15383 = STYLED_ITEM('color',(#15384),#5094);
#15384 = PRESENTATION_STYLE_ASSIGNMENT((#15385));
#15385 = SURFACE_STYLE_USAGE(.BOTH.,#15386);
#15386 = SURFACE_SIDE_STYLE('',(#15387));
#15387 = SURFACE_STYLE_FILL_AREA(#15388);
#15388 = FILL_AREA_STYLE('',(#15389));
#15389 = FILL_AREA_STYLE_COLOUR('',#15382);
#15390 = STYLED_ITEM('color',(#15391),#5158);
#15391 = PRESENTATION_STYLE_ASSIGNMENT((#15392));
#15392 = SURFACE_STYLE_USAGE(.BOTH.,#15393);
#15393 = SURFACE_SIDE_STYLE('',(#15394));
#15394 = SURFACE_STYLE_FILL_AREA(#15395);
#15395 = FILL_AREA_STYLE('',(#15396));
#15396 = FILL_AREA_STYLE_COLOUR('',#15382);
#15397 = STYLED_ITEM('color',(#15398),#5438);
#15398 = PRESENTATION_STYLE_ASSIGNMENT((#15399));
#15399 = SURFACE_STYLE_USAGE(.BOTH.,#15400);
#15400 = SURFACE_SIDE_STYLE('',(#15401));
#15401 = SURFACE_STYLE_FILL_AREA(#15402);
#15402 = FILL_AREA_STYLE('',(#15403));
#15403 = FILL_AREA_STYLE_COLOUR('',#15382);
#15404 = STYLED_ITEM('color',(#15405),#5478);
#15405 = PRESENTATION_STYLE_ASSIGNMENT((#15406));
#15406 = SURFACE_STYLE_USAGE(.BOTH.,#15407);
#15407 = SURFACE_SIDE_STYLE('',(#15408));
#15408 = SURFACE_STYLE_FILL_AREA(#15409);
#15409 = FILL_AREA_STYLE('',(#15410));
#15410 = FILL_AREA_STYLE_COLOUR('',#15382);
#15411 = STYLED_ITEM('color',(#15412),#5881);
#15412 = PRESENTATION_STYLE_ASSIGNMENT((#15413));
#15413 = SURFACE_STYLE_USAGE(.BOTH.,#15414);
#15414 = SURFACE_SIDE_STYLE('',(#15415));
#15415 = SURFACE_STYLE_FILL_AREA(#15416);
#15416 = FILL_AREA_STYLE('',(#15417));
#15417 = FILL_AREA_STYLE_COLOUR('',#15382);
#15418 = STYLED_ITEM('color',(#15419),#5921);
#15419 = PRESENTATION_STYLE_ASSIGNMENT((#15420));
#15420 = SURFACE_STYLE_USAGE(.BOTH.,#15421);
#15421 = SURFACE_SIDE_STYLE('',(#15422));
#15422 = SURFACE_STYLE_FILL_AREA(#15423);
#15423 = FILL_AREA_STYLE('',(#15424));
#15424 = FILL_AREA_STYLE_COLOUR('',#15382);
#15425 = STYLED_ITEM('color',(#15426),#5945);
#15426 = PRESENTATION_STYLE_ASSIGNMENT((#15427));
#15427 = SURFACE_STYLE_USAGE(.BOTH.,#15428);
#15428 = SURFACE_SIDE_STYLE('',(#15429));
#15429 = SURFACE_STYLE_FILL_AREA(#15430);
#15430 = FILL_AREA_STYLE('',(#15431));
#15431 = FILL_AREA_STYLE_COLOUR('',#15382);
#15432 = STYLED_ITEM('color',(#15433),#5970);
#15433 = PRESENTATION_STYLE_ASSIGNMENT((#15434));
#15434 = SURFACE_STYLE_USAGE(.BOTH.,#15435);
#15435 = SURFACE_SIDE_STYLE('',(#15436));
#15436 = SURFACE_STYLE_FILL_AREA(#15437);
#15437 = FILL_AREA_STYLE('',(#15438));
#15438 = FILL_AREA_STYLE_COLOUR('',#15382);
#15439 = STYLED_ITEM('color',(#15440),#5994);
#15440 = PRESENTATION_STYLE_ASSIGNMENT((#15441));
#15441 = SURFACE_STYLE_USAGE(.BOTH.,#15442);
#15442 = SURFACE_SIDE_STYLE('',(#15443));
#15443 = SURFACE_STYLE_FILL_AREA(#15444);
#15444 = FILL_AREA_STYLE('',(#15445));
#15445 = FILL_AREA_STYLE_COLOUR('',#15382);
#15446 = STYLED_ITEM('color',(#15447),#6043);
#15447 = PRESENTATION_STYLE_ASSIGNMENT((#15448));
#15448 = SURFACE_STYLE_USAGE(.BOTH.,#15449);
#15449 = SURFACE_SIDE_STYLE('',(#15450));
#15450 = SURFACE_STYLE_FILL_AREA(#15451);
#15451 = FILL_AREA_STYLE('',(#15452));
#15452 = FILL_AREA_STYLE_COLOUR('',#15382);
#15453 = STYLED_ITEM('color',(#15454),#6065);
#15454 = PRESENTATION_STYLE_ASSIGNMENT((#15455));
#15455 = SURFACE_STYLE_USAGE(.BOTH.,#15456);
#15456 = SURFACE_SIDE_STYLE('',(#15457));
#15457 = SURFACE_STYLE_FILL_AREA(#15458);
#15458 = FILL_AREA_STYLE('',(#15459));
#15459 = FILL_AREA_STYLE_COLOUR('',#15382);
#15460 = STYLED_ITEM('color',(#15461),#6098);
#15461 = PRESENTATION_STYLE_ASSIGNMENT((#15462));
#15462 = SURFACE_STYLE_USAGE(.BOTH.,#15463);
#15463 = SURFACE_SIDE_STYLE('',(#15464));
#15464 = SURFACE_STYLE_FILL_AREA(#15465);
#15465 = FILL_AREA_STYLE('',(#15466));
#15466 = FILL_AREA_STYLE_COLOUR('',#15382);
#15467 = STYLED_ITEM('color',(#15468),#6122);
#15468 = PRESENTATION_STYLE_ASSIGNMENT((#15469));
#15469 = SURFACE_STYLE_USAGE(.BOTH.,#15470);
#15470 = SURFACE_SIDE_STYLE('',(#15471));
#15471 = SURFACE_STYLE_FILL_AREA(#15472);
#15472 = FILL_AREA_STYLE('',(#15473));
#15473 = FILL_AREA_STYLE_COLOUR('',#15382);
#15474 = STYLED_ITEM('color',(#15475),#6153);
#15475 = PRESENTATION_STYLE_ASSIGNMENT((#15476));
#15476 = SURFACE_STYLE_USAGE(.BOTH.,#15477);
#15477 = SURFACE_SIDE_STYLE('',(#15478));
#15478 = SURFACE_STYLE_FILL_AREA(#15479);
#15479 = FILL_AREA_STYLE('',(#15480));
#15480 = FILL_AREA_STYLE_COLOUR('',#15382);
#15481 = STYLED_ITEM('color',(#15482),#6170);
#15482 = PRESENTATION_STYLE_ASSIGNMENT((#15483));
#15483 = SURFACE_STYLE_USAGE(.BOTH.,#15484);
#15484 = SURFACE_SIDE_STYLE('',(#15485));
#15485 = SURFACE_STYLE_FILL_AREA(#15486);
#15486 = FILL_AREA_STYLE('',(#15487));
#15487 = FILL_AREA_STYLE_COLOUR('',#15382);
#15488 = STYLED_ITEM('color',(#15489),#6203);
#15489 = PRESENTATION_STYLE_ASSIGNMENT((#15490));
#15490 = SURFACE_STYLE_USAGE(.BOTH.,#15491);
#15491 = SURFACE_SIDE_STYLE('',(#15492));
#15492 = SURFACE_STYLE_FILL_AREA(#15493);
#15493 = FILL_AREA_STYLE('',(#15494));
#15494 = FILL_AREA_STYLE_COLOUR('',#15382);
#15495 = STYLED_ITEM('color',(#15496),#6227);
#15496 = PRESENTATION_STYLE_ASSIGNMENT((#15497));
#15497 = SURFACE_STYLE_USAGE(.BOTH.,#15498);
#15498 = SURFACE_SIDE_STYLE('',(#15499));
#15499 = SURFACE_STYLE_FILL_AREA(#15500);
#15500 = FILL_AREA_STYLE('',(#15501));
#15501 = FILL_AREA_STYLE_COLOUR('',#15382);
#15502 = STYLED_ITEM('color',(#15503),#6258);
#15503 = PRESENTATION_STYLE_ASSIGNMENT((#15504));
#15504 = SURFACE_STYLE_USAGE(.BOTH.,#15505);
#15505 = SURFACE_SIDE_STYLE('',(#15506));
#15506 = SURFACE_STYLE_FILL_AREA(#15507);
#15507 = FILL_AREA_STYLE('',(#15508));
#15508 = FILL_AREA_STYLE_COLOUR('',#15382);
#15509 = STYLED_ITEM('color',(#15510),#6275);
#15510 = PRESENTATION_STYLE_ASSIGNMENT((#15511));
#15511 = SURFACE_STYLE_USAGE(.BOTH.,#15512);
#15512 = SURFACE_SIDE_STYLE('',(#15513));
#15513 = SURFACE_STYLE_FILL_AREA(#15514);
#15514 = FILL_AREA_STYLE('',(#15515));
#15515 = FILL_AREA_STYLE_COLOUR('',#15382);
#15516 = STYLED_ITEM('color',(#15517),#6308);
#15517 = PRESENTATION_STYLE_ASSIGNMENT((#15518));
#15518 = SURFACE_STYLE_USAGE(.BOTH.,#15519);
#15519 = SURFACE_SIDE_STYLE('',(#15520));
#15520 = SURFACE_STYLE_FILL_AREA(#15521);
#15521 = FILL_AREA_STYLE('',(#15522));
#15522 = FILL_AREA_STYLE_COLOUR('',#15382);
#15523 = STYLED_ITEM('color',(#15524),#6332);
#15524 = PRESENTATION_STYLE_ASSIGNMENT((#15525));
#15525 = SURFACE_STYLE_USAGE(.BOTH.,#15526);
#15526 = SURFACE_SIDE_STYLE('',(#15527));
#15527 = SURFACE_STYLE_FILL_AREA(#15528);
#15528 = FILL_AREA_STYLE('',(#15529));
#15529 = FILL_AREA_STYLE_COLOUR('',#15382);
#15530 = STYLED_ITEM('color',(#15531),#6363);
#15531 = PRESENTATION_STYLE_ASSIGNMENT((#15532));
#15532 = SURFACE_STYLE_USAGE(.BOTH.,#15533);
#15533 = SURFACE_SIDE_STYLE('',(#15534));
#15534 = SURFACE_STYLE_FILL_AREA(#15535);
#15535 = FILL_AREA_STYLE('',(#15536));
#15536 = FILL_AREA_STYLE_COLOUR('',#15382);
#15537 = STYLED_ITEM('color',(#15538),#6380);
#15538 = PRESENTATION_STYLE_ASSIGNMENT((#15539));
#15539 = SURFACE_STYLE_USAGE(.BOTH.,#15540);
#15540 = SURFACE_SIDE_STYLE('',(#15541));
#15541 = SURFACE_STYLE_FILL_AREA(#15542);
#15542 = FILL_AREA_STYLE('',(#15543));
#15543 = FILL_AREA_STYLE_COLOUR('',#15382);
#15544 = STYLED_ITEM('color',(#15545),#6413);
#15545 = PRESENTATION_STYLE_ASSIGNMENT((#15546));
#15546 = SURFACE_STYLE_USAGE(.BOTH.,#15547);
#15547 = SURFACE_SIDE_STYLE('',(#15548));
#15548 = SURFACE_STYLE_FILL_AREA(#15549);
#15549 = FILL_AREA_STYLE('',(#15550));
#15550 = FILL_AREA_STYLE_COLOUR('',#15382);
#15551 = STYLED_ITEM('color',(#15552),#6437);
#15552 = PRESENTATION_STYLE_ASSIGNMENT((#15553));
#15553 = SURFACE_STYLE_USAGE(.BOTH.,#15554);
#15554 = SURFACE_SIDE_STYLE('',(#15555));
#15555 = SURFACE_STYLE_FILL_AREA(#15556);
#15556 = FILL_AREA_STYLE('',(#15557));
#15557 = FILL_AREA_STYLE_COLOUR('',#15382);
#15558 = STYLED_ITEM('color',(#15559),#6468);
#15559 = PRESENTATION_STYLE_ASSIGNMENT((#15560));
#15560 = SURFACE_STYLE_USAGE(.BOTH.,#15561);
#15561 = SURFACE_SIDE_STYLE('',(#15562));
#15562 = SURFACE_STYLE_FILL_AREA(#15563);
#15563 = FILL_AREA_STYLE('',(#15564));
#15564 = FILL_AREA_STYLE_COLOUR('',#15382);
#15565 = STYLED_ITEM('color',(#15566),#6485);
#15566 = PRESENTATION_STYLE_ASSIGNMENT((#15567));
#15567 = SURFACE_STYLE_USAGE(.BOTH.,#15568);
#15568 = SURFACE_SIDE_STYLE('',(#15569));
#15569 = SURFACE_STYLE_FILL_AREA(#15570);
#15570 = FILL_AREA_STYLE('',(#15571));
#15571 = FILL_AREA_STYLE_COLOUR('',#15382);
#15572 = STYLED_ITEM('color',(#15573),#6518);
#15573 = PRESENTATION_STYLE_ASSIGNMENT((#15574));
#15574 = SURFACE_STYLE_USAGE(.BOTH.,#15575);
#15575 = SURFACE_SIDE_STYLE('',(#15576));
#15576 = SURFACE_STYLE_FILL_AREA(#15577);
#15577 = FILL_AREA_STYLE('',(#15578));
#15578 = FILL_AREA_STYLE_COLOUR('',#15382);
#15579 = STYLED_ITEM('color',(#15580),#6542);
#15580 = PRESENTATION_STYLE_ASSIGNMENT((#15581));
#15581 = SURFACE_STYLE_USAGE(.BOTH.,#15582);
#15582 = SURFACE_SIDE_STYLE('',(#15583));
#15583 = SURFACE_STYLE_FILL_AREA(#15584);
#15584 = FILL_AREA_STYLE('',(#15585));
#15585 = FILL_AREA_STYLE_COLOUR('',#15382);
#15586 = STYLED_ITEM('color',(#15587),#6573);
#15587 = PRESENTATION_STYLE_ASSIGNMENT((#15588));
#15588 = SURFACE_STYLE_USAGE(.BOTH.,#15589);
#15589 = SURFACE_SIDE_STYLE('',(#15590));
#15590 = SURFACE_STYLE_FILL_AREA(#15591);
#15591 = FILL_AREA_STYLE('',(#15592));
#15592 = FILL_AREA_STYLE_COLOUR('',#15382);
#15593 = STYLED_ITEM('color',(#15594),#6590);
#15594 = PRESENTATION_STYLE_ASSIGNMENT((#15595));
#15595 = SURFACE_STYLE_USAGE(.BOTH.,#15596);
#15596 = SURFACE_SIDE_STYLE('',(#15597));
#15597 = SURFACE_STYLE_FILL_AREA(#15598);
#15598 = FILL_AREA_STYLE('',(#15599));
#15599 = FILL_AREA_STYLE_COLOUR('',#15382);
#15600 = STYLED_ITEM('color',(#15601),#6623);
#15601 = PRESENTATION_STYLE_ASSIGNMENT((#15602));
#15602 = SURFACE_STYLE_USAGE(.BOTH.,#15603);
#15603 = SURFACE_SIDE_STYLE('',(#15604));
#15604 = SURFACE_STYLE_FILL_AREA(#15605);
#15605 = FILL_AREA_STYLE('',(#15606));
#15606 = FILL_AREA_STYLE_COLOUR('',#15382);
#15607 = STYLED_ITEM('color',(#15608),#6647);
#15608 = PRESENTATION_STYLE_ASSIGNMENT((#15609));
#15609 = SURFACE_STYLE_USAGE(.BOTH.,#15610);
#15610 = SURFACE_SIDE_STYLE('',(#15611));
#15611 = SURFACE_STYLE_FILL_AREA(#15612);
#15612 = FILL_AREA_STYLE('',(#15613));
#15613 = FILL_AREA_STYLE_COLOUR('',#15382);
#15614 = STYLED_ITEM('color',(#15615),#6678);
#15615 = PRESENTATION_STYLE_ASSIGNMENT((#15616));
#15616 = SURFACE_STYLE_USAGE(.BOTH.,#15617);
#15617 = SURFACE_SIDE_STYLE('',(#15618));
#15618 = SURFACE_STYLE_FILL_AREA(#15619);
#15619 = FILL_AREA_STYLE('',(#15620));
#15620 = FILL_AREA_STYLE_COLOUR('',#15382);
#15621 = STYLED_ITEM('color',(#15622),#6695);
#15622 = PRESENTATION_STYLE_ASSIGNMENT((#15623));
#15623 = SURFACE_STYLE_USAGE(.BOTH.,#15624);
#15624 = SURFACE_SIDE_STYLE('',(#15625));
#15625 = SURFACE_STYLE_FILL_AREA(#15626);
#15626 = FILL_AREA_STYLE('',(#15627));
#15627 = FILL_AREA_STYLE_COLOUR('',#15382);
#15628 = STYLED_ITEM('color',(#15629),#6728);
#15629 = PRESENTATION_STYLE_ASSIGNMENT((#15630));
#15630 = SURFACE_STYLE_USAGE(.BOTH.,#15631);
#15631 = SURFACE_SIDE_STYLE('',(#15632));
#15632 = SURFACE_STYLE_FILL_AREA(#15633);
#15633 = FILL_AREA_STYLE('',(#15634));
#15634 = FILL_AREA_STYLE_COLOUR('',#15382);
#15635 = STYLED_ITEM('color',(#15636),#6752);
#15636 = PRESENTATION_STYLE_ASSIGNMENT((#15637));
#15637 = SURFACE_STYLE_USAGE(.BOTH.,#15638);
#15638 = SURFACE_SIDE_STYLE('',(#15639));
#15639 = SURFACE_STYLE_FILL_AREA(#15640);
#15640 = FILL_AREA_STYLE('',(#15641));
#15641 = FILL_AREA_STYLE_COLOUR('',#15382);
#15642 = STYLED_ITEM('color',(#15643),#6783);
#15643 = PRESENTATION_STYLE_ASSIGNMENT((#15644));
#15644 = SURFACE_STYLE_USAGE(.BOTH.,#15645);
#15645 = SURFACE_SIDE_STYLE('',(#15646));
#15646 = SURFACE_STYLE_FILL_AREA(#15647);
#15647 = FILL_AREA_STYLE('',(#15648));
#15648 = FILL_AREA_STYLE_COLOUR('',#15382);
#15649 = STYLED_ITEM('color',(#15650),#6800);
#15650 = PRESENTATION_STYLE_ASSIGNMENT((#15651));
#15651 = SURFACE_STYLE_USAGE(.BOTH.,#15652);
#15652 = SURFACE_SIDE_STYLE('',(#15653));
#15653 = SURFACE_STYLE_FILL_AREA(#15654);
#15654 = FILL_AREA_STYLE('',(#15655));
#15655 = FILL_AREA_STYLE_COLOUR('',#15382);
#15656 = STYLED_ITEM('color',(#15657),#6833);
#15657 = PRESENTATION_STYLE_ASSIGNMENT((#15658));
#15658 = SURFACE_STYLE_USAGE(.BOTH.,#15659);
#15659 = SURFACE_SIDE_STYLE('',(#15660));
#15660 = SURFACE_STYLE_FILL_AREA(#15661);
#15661 = FILL_AREA_STYLE('',(#15662));
#15662 = FILL_AREA_STYLE_COLOUR('',#15382);
#15663 = STYLED_ITEM('color',(#15664),#6850);
#15664 = PRESENTATION_STYLE_ASSIGNMENT((#15665));
#15665 = SURFACE_STYLE_USAGE(.BOTH.,#15666);
#15666 = SURFACE_SIDE_STYLE('',(#15667));
#15667 = SURFACE_STYLE_FILL_AREA(#15668);
#15668 = FILL_AREA_STYLE('',(#15669));
#15669 = FILL_AREA_STYLE_COLOUR('',#15382);
#15670 = STYLED_ITEM('color',(#15671),#6893);
#15671 = PRESENTATION_STYLE_ASSIGNMENT((#15672));
#15672 = SURFACE_STYLE_USAGE(.BOTH.,#15673);
#15673 = SURFACE_SIDE_STYLE('',(#15674));
#15674 = SURFACE_STYLE_FILL_AREA(#15675);
#15675 = FILL_AREA_STYLE('',(#15676));
#15676 = FILL_AREA_STYLE_COLOUR('',#15382);
#15677 = STYLED_ITEM('color',(#15678),#6910);
#15678 = PRESENTATION_STYLE_ASSIGNMENT((#15679));
#15679 = SURFACE_STYLE_USAGE(.BOTH.,#15680);
#15680 = SURFACE_SIDE_STYLE('',(#15681));
#15681 = SURFACE_STYLE_FILL_AREA(#15682);
#15682 = FILL_AREA_STYLE('',(#15683));
#15683 = FILL_AREA_STYLE_COLOUR('',#15382);
#15684 = STYLED_ITEM('color',(#15685),#6956);
#15685 = PRESENTATION_STYLE_ASSIGNMENT((#15686));
#15686 = SURFACE_STYLE_USAGE(.BOTH.,#15687);
#15687 = SURFACE_SIDE_STYLE('',(#15688));
#15688 = SURFACE_STYLE_FILL_AREA(#15689);
#15689 = FILL_AREA_STYLE('',(#15690));
#15690 = FILL_AREA_STYLE_COLOUR('',#15382);
#15691 = STYLED_ITEM('color',(#15692),#6973);
#15692 = PRESENTATION_STYLE_ASSIGNMENT((#15693));
#15693 = SURFACE_STYLE_USAGE(.BOTH.,#15694);
#15694 = SURFACE_SIDE_STYLE('',(#15695));
#15695 = SURFACE_STYLE_FILL_AREA(#15696);
#15696 = FILL_AREA_STYLE('',(#15697));
#15697 = FILL_AREA_STYLE_COLOUR('',#15382);
#15698 = STYLED_ITEM('color',(#15699),#6990);
#15699 = PRESENTATION_STYLE_ASSIGNMENT((#15700));
#15700 = SURFACE_STYLE_USAGE(.BOTH.,#15701);
#15701 = SURFACE_SIDE_STYLE('',(#15702));
#15702 = SURFACE_STYLE_FILL_AREA(#15703);
#15703 = FILL_AREA_STYLE('',(#15704));
#15704 = FILL_AREA_STYLE_COLOUR('',#15382);
#15705 = STYLED_ITEM('color',(#15706),#7007);
#15706 = PRESENTATION_STYLE_ASSIGNMENT((#15707));
#15707 = SURFACE_STYLE_USAGE(.BOTH.,#15708);
#15708 = SURFACE_SIDE_STYLE('',(#15709));
#15709 = SURFACE_STYLE_FILL_AREA(#15710);
#15710 = FILL_AREA_STYLE('',(#15711));
#15711 = FILL_AREA_STYLE_COLOUR('',#15382);
#15712 = STYLED_ITEM('color',(#15713),#7024);
#15713 = PRESENTATION_STYLE_ASSIGNMENT((#15714));
#15714 = SURFACE_STYLE_USAGE(.BOTH.,#15715);
#15715 = SURFACE_SIDE_STYLE('',(#15716));
#15716 = SURFACE_STYLE_FILL_AREA(#15717);
#15717 = FILL_AREA_STYLE('',(#15718));
#15718 = FILL_AREA_STYLE_COLOUR('',#15382);
#15719 = STYLED_ITEM('color',(#15720),#7041);
#15720 = PRESENTATION_STYLE_ASSIGNMENT((#15721));
#15721 = SURFACE_STYLE_USAGE(.BOTH.,#15722);
#15722 = SURFACE_SIDE_STYLE('',(#15723));
#15723 = SURFACE_STYLE_FILL_AREA(#15724);
#15724 = FILL_AREA_STYLE('',(#15725));
#15725 = FILL_AREA_STYLE_COLOUR('',#15382);
#15726 = STYLED_ITEM('color',(#15727),#7058);
#15727 = PRESENTATION_STYLE_ASSIGNMENT((#15728));
#15728 = SURFACE_STYLE_USAGE(.BOTH.,#15729);
#15729 = SURFACE_SIDE_STYLE('',(#15730));
#15730 = SURFACE_STYLE_FILL_AREA(#15731);
#15731 = FILL_AREA_STYLE('',(#15732));
#15732 = FILL_AREA_STYLE_COLOUR('',#15382);
#15733 = STYLED_ITEM('color',(#15734),#7075);
#15734 = PRESENTATION_STYLE_ASSIGNMENT((#15735));
#15735 = SURFACE_STYLE_USAGE(.BOTH.,#15736);
#15736 = SURFACE_SIDE_STYLE('',(#15737));
#15737 = SURFACE_STYLE_FILL_AREA(#15738);
#15738 = FILL_AREA_STYLE('',(#15739));
#15739 = FILL_AREA_STYLE_COLOUR('',#15382);
#15740 = STYLED_ITEM('color',(#15741),#7138);
#15741 = PRESENTATION_STYLE_ASSIGNMENT((#15742));
#15742 = SURFACE_STYLE_USAGE(.BOTH.,#15743);
#15743 = SURFACE_SIDE_STYLE('',(#15744));
#15744 = SURFACE_STYLE_FILL_AREA(#15745);
#15745 = FILL_AREA_STYLE('',(#15746));
#15746 = FILL_AREA_STYLE_COLOUR('',#15382);
#15747 = STYLED_ITEM('color',(#15748),#7162);
#15748 = PRESENTATION_STYLE_ASSIGNMENT((#15749));
#15749 = SURFACE_STYLE_USAGE(.BOTH.,#15750);
#15750 = SURFACE_SIDE_STYLE('',(#15751));
#15751 = SURFACE_STYLE_FILL_AREA(#15752);
#15752 = FILL_AREA_STYLE('',(#15753));
#15753 = FILL_AREA_STYLE_COLOUR('',#15382);
#15754 = STYLED_ITEM('color',(#15755),#7209);
#15755 = PRESENTATION_STYLE_ASSIGNMENT((#15756));
#15756 = SURFACE_STYLE_USAGE(.BOTH.,#15757);
#15757 = SURFACE_SIDE_STYLE('',(#15758));
#15758 = SURFACE_STYLE_FILL_AREA(#15759);
#15759 = FILL_AREA_STYLE('',(#15760));
#15760 = FILL_AREA_STYLE_COLOUR('',#15382);
#15761 = STYLED_ITEM('color',(#15762),#7233);
#15762 = PRESENTATION_STYLE_ASSIGNMENT((#15763));
#15763 = SURFACE_STYLE_USAGE(.BOTH.,#15764);
#15764 = SURFACE_SIDE_STYLE('',(#15765));
#15765 = SURFACE_STYLE_FILL_AREA(#15766);
#15766 = FILL_AREA_STYLE('',(#15767));
#15767 = FILL_AREA_STYLE_COLOUR('',#15382);
#15768 = STYLED_ITEM('color',(#15769),#7257);
#15769 = PRESENTATION_STYLE_ASSIGNMENT((#15770));
#15770 = SURFACE_STYLE_USAGE(.BOTH.,#15771);
#15771 = SURFACE_SIDE_STYLE('',(#15772));
#15772 = SURFACE_STYLE_FILL_AREA(#15773);
#15773 = FILL_AREA_STYLE('',(#15774));
#15774 = FILL_AREA_STYLE_COLOUR('',#15382);
#15775 = STYLED_ITEM('color',(#15776),#7274);
#15776 = PRESENTATION_STYLE_ASSIGNMENT((#15777));
#15777 = SURFACE_STYLE_USAGE(.BOTH.,#15778);
#15778 = SURFACE_SIDE_STYLE('',(#15779));
#15779 = SURFACE_STYLE_FILL_AREA(#15780);
#15780 = FILL_AREA_STYLE('',(#15781));
#15781 = FILL_AREA_STYLE_COLOUR('',#15382);
#15782 = STYLED_ITEM('color',(#15783),#7291);
#15783 = PRESENTATION_STYLE_ASSIGNMENT((#15784));
#15784 = SURFACE_STYLE_USAGE(.BOTH.,#15785);
#15785 = SURFACE_SIDE_STYLE('',(#15786));
#15786 = SURFACE_STYLE_FILL_AREA(#15787);
#15787 = FILL_AREA_STYLE('',(#15788));
#15788 = FILL_AREA_STYLE_COLOUR('',#15382);
#15789 = STYLED_ITEM('color',(#15790),#7315);
#15790 = PRESENTATION_STYLE_ASSIGNMENT((#15791));
#15791 = SURFACE_STYLE_USAGE(.BOTH.,#15792);
#15792 = SURFACE_SIDE_STYLE('',(#15793));
#15793 = SURFACE_STYLE_FILL_AREA(#15794);
#15794 = FILL_AREA_STYLE('',(#15795));
#15795 = FILL_AREA_STYLE_COLOUR('',#15382);
#15796 = STYLED_ITEM('color',(#15797),#7339);
#15797 = PRESENTATION_STYLE_ASSIGNMENT((#15798));
#15798 = SURFACE_STYLE_USAGE(.BOTH.,#15799);
#15799 = SURFACE_SIDE_STYLE('',(#15800));
#15800 = SURFACE_STYLE_FILL_AREA(#15801);
#15801 = FILL_AREA_STYLE('',(#15802));
#15802 = FILL_AREA_STYLE_COLOUR('',#15382);
#15803 = STYLED_ITEM('color',(#15804),#7356);
#15804 = PRESENTATION_STYLE_ASSIGNMENT((#15805));
#15805 = SURFACE_STYLE_USAGE(.BOTH.,#15806);
#15806 = SURFACE_SIDE_STYLE('',(#15807));
#15807 = SURFACE_STYLE_FILL_AREA(#15808);
#15808 = FILL_AREA_STYLE('',(#15809));
#15809 = FILL_AREA_STYLE_COLOUR('',#15382);
#15810 = STYLED_ITEM('color',(#15811),#7387);
#15811 = PRESENTATION_STYLE_ASSIGNMENT((#15812));
#15812 = SURFACE_STYLE_USAGE(.BOTH.,#15813);
#15813 = SURFACE_SIDE_STYLE('',(#15814));
#15814 = SURFACE_STYLE_FILL_AREA(#15815);
#15815 = FILL_AREA_STYLE('',(#15816));
#15816 = FILL_AREA_STYLE_COLOUR('',#15382);
#15817 = STYLED_ITEM('color',(#15818),#7411);
#15818 = PRESENTATION_STYLE_ASSIGNMENT((#15819));
#15819 = SURFACE_STYLE_USAGE(.BOTH.,#15820);
#15820 = SURFACE_SIDE_STYLE('',(#15821));
#15821 = SURFACE_STYLE_FILL_AREA(#15822);
#15822 = FILL_AREA_STYLE('',(#15823));
#15823 = FILL_AREA_STYLE_COLOUR('',#15382);
#15824 = STYLED_ITEM('color',(#15825),#7435);
#15825 = PRESENTATION_STYLE_ASSIGNMENT((#15826));
#15826 = SURFACE_STYLE_USAGE(.BOTH.,#15827);
#15827 = SURFACE_SIDE_STYLE('',(#15828));
#15828 = SURFACE_STYLE_FILL_AREA(#15829);
#15829 = FILL_AREA_STYLE('',(#15830));
#15830 = FILL_AREA_STYLE_COLOUR('',#15382);
#15831 = STYLED_ITEM('color',(#15832),#7452);
#15832 = PRESENTATION_STYLE_ASSIGNMENT((#15833));
#15833 = SURFACE_STYLE_USAGE(.BOTH.,#15834);
#15834 = SURFACE_SIDE_STYLE('',(#15835));
#15835 = SURFACE_STYLE_FILL_AREA(#15836);
#15836 = FILL_AREA_STYLE('',(#15837));
#15837 = FILL_AREA_STYLE_COLOUR('',#15382);
#15838 = STYLED_ITEM('color',(#15839),#7487);
#15839 = PRESENTATION_STYLE_ASSIGNMENT((#15840));
#15840 = SURFACE_STYLE_USAGE(.BOTH.,#15841);
#15841 = SURFACE_SIDE_STYLE('',(#15842));
#15842 = SURFACE_STYLE_FILL_AREA(#15843);
#15843 = FILL_AREA_STYLE('',(#15844));
#15844 = FILL_AREA_STYLE_COLOUR('',#15382);
#15845 = STYLED_ITEM('color',(#15846),#7527);
#15846 = PRESENTATION_STYLE_ASSIGNMENT((#15847));
#15847 = SURFACE_STYLE_USAGE(.BOTH.,#15848);
#15848 = SURFACE_SIDE_STYLE('',(#15849));
#15849 = SURFACE_STYLE_FILL_AREA(#15850);
#15850 = FILL_AREA_STYLE('',(#15851));
#15851 = FILL_AREA_STYLE_COLOUR('',#15382);
#15852 = STYLED_ITEM('color',(#15853),#7551);
#15853 = PRESENTATION_STYLE_ASSIGNMENT((#15854));
#15854 = SURFACE_STYLE_USAGE(.BOTH.,#15855);
#15855 = SURFACE_SIDE_STYLE('',(#15856));
#15856 = SURFACE_STYLE_FILL_AREA(#15857);
#15857 = FILL_AREA_STYLE('',(#15858));
#15858 = FILL_AREA_STYLE_COLOUR('',#15382);
#15859 = STYLED_ITEM('color',(#15860),#7592);
#15860 = PRESENTATION_STYLE_ASSIGNMENT((#15861));
#15861 = SURFACE_STYLE_USAGE(.BOTH.,#15862);
#15862 = SURFACE_SIDE_STYLE('',(#15863));
#15863 = SURFACE_STYLE_FILL_AREA(#15864);
#15864 = FILL_AREA_STYLE('',(#15865));
#15865 = FILL_AREA_STYLE_COLOUR('',#15382);
#15866 = STYLED_ITEM('color',(#15867),#7833);
#15867 = PRESENTATION_STYLE_ASSIGNMENT((#15868));
#15868 = SURFACE_STYLE_USAGE(.BOTH.,#15869);
#15869 = SURFACE_SIDE_STYLE('',(#15870));
#15870 = SURFACE_STYLE_FILL_AREA(#15871);
#15871 = FILL_AREA_STYLE('',(#15872));
#15872 = FILL_AREA_STYLE_COLOUR('',#15382);
#15873 = STYLED_ITEM('color',(#15874),#7879);
#15874 = PRESENTATION_STYLE_ASSIGNMENT((#15875));
#15875 = SURFACE_STYLE_USAGE(.BOTH.,#15876);
#15876 = SURFACE_SIDE_STYLE('',(#15877));
#15877 = SURFACE_STYLE_FILL_AREA(#15878);
#15878 = FILL_AREA_STYLE('',(#15879));
#15879 = FILL_AREA_STYLE_COLOUR('',#15382);
#15880 = STYLED_ITEM('color',(#15881),#7925);
#15881 = PRESENTATION_STYLE_ASSIGNMENT((#15882));
#15882 = SURFACE_STYLE_USAGE(.BOTH.,#15883);
#15883 = SURFACE_SIDE_STYLE('',(#15884));
#15884 = SURFACE_STYLE_FILL_AREA(#15885);
#15885 = FILL_AREA_STYLE('',(#15886));
#15886 = FILL_AREA_STYLE_COLOUR('',#15382);
#15887 = STYLED_ITEM('color',(#15888),#7971);
#15888 = PRESENTATION_STYLE_ASSIGNMENT((#15889));
#15889 = SURFACE_STYLE_USAGE(.BOTH.,#15890);
#15890 = SURFACE_SIDE_STYLE('',(#15891));
#15891 = SURFACE_STYLE_FILL_AREA(#15892);
#15892 = FILL_AREA_STYLE('',(#15893));
#15893 = FILL_AREA_STYLE_COLOUR('',#15382);
#15894 = STYLED_ITEM('color',(#15895),#8017);
#15895 = PRESENTATION_STYLE_ASSIGNMENT((#15896));
#15896 = SURFACE_STYLE_USAGE(.BOTH.,#15897);
#15897 = SURFACE_SIDE_STYLE('',(#15898));
#15898 = SURFACE_STYLE_FILL_AREA(#15899);
#15899 = FILL_AREA_STYLE('',(#15900));
#15900 = FILL_AREA_STYLE_COLOUR('',#15382);
#15901 = STYLED_ITEM('color',(#15902),#8063);
#15902 = PRESENTATION_STYLE_ASSIGNMENT((#15903));
#15903 = SURFACE_STYLE_USAGE(.BOTH.,#15904);
#15904 = SURFACE_SIDE_STYLE('',(#15905));
#15905 = SURFACE_STYLE_FILL_AREA(#15906);
#15906 = FILL_AREA_STYLE('',(#15907));
#15907 = FILL_AREA_STYLE_COLOUR('',#15382);
#15908 = STYLED_ITEM('color',(#15909),#8109);
#15909 = PRESENTATION_STYLE_ASSIGNMENT((#15910));
#15910 = SURFACE_STYLE_USAGE(.BOTH.,#15911);
#15911 = SURFACE_SIDE_STYLE('',(#15912));
#15912 = SURFACE_STYLE_FILL_AREA(#15913);
#15913 = FILL_AREA_STYLE('',(#15914));
#15914 = FILL_AREA_STYLE_COLOUR('',#15382);
#15915 = STYLED_ITEM('color',(#15916),#8155);
#15916 = PRESENTATION_STYLE_ASSIGNMENT((#15917));
#15917 = SURFACE_STYLE_USAGE(.BOTH.,#15918);
#15918 = SURFACE_SIDE_STYLE('',(#15919));
#15919 = SURFACE_STYLE_FILL_AREA(#15920);
#15920 = FILL_AREA_STYLE('',(#15921));
#15921 = FILL_AREA_STYLE_COLOUR('',#15382);
#15922 = STYLED_ITEM('color',(#15923),#8172);
#15923 = PRESENTATION_STYLE_ASSIGNMENT((#15924));
#15924 = SURFACE_STYLE_USAGE(.BOTH.,#15925);
#15925 = SURFACE_SIDE_STYLE('',(#15926));
#15926 = SURFACE_STYLE_FILL_AREA(#15927);
#15927 = FILL_AREA_STYLE('',(#15928));
#15928 = FILL_AREA_STYLE_COLOUR('',#15382);
#15929 = STYLED_ITEM('color',(#15930),#8184);
#15930 = PRESENTATION_STYLE_ASSIGNMENT((#15931));
#15931 = SURFACE_STYLE_USAGE(.BOTH.,#15932);
#15932 = SURFACE_SIDE_STYLE('',(#15933));
#15933 = SURFACE_STYLE_FILL_AREA(#15934);
#15934 = FILL_AREA_STYLE('',(#15935));
#15935 = FILL_AREA_STYLE_COLOUR('',#15936);
#15936 = COLOUR_RGB('',0.823529417451,0.819607860991,0.780392170416);
#15937 = STYLED_ITEM('color',(#15938),#8247);
#15938 = PRESENTATION_STYLE_ASSIGNMENT((#15939));
#15939 = SURFACE_STYLE_USAGE(.BOTH.,#15940);
#15940 = SURFACE_SIDE_STYLE('',(#15941));
#15941 = SURFACE_STYLE_FILL_AREA(#15942);
#15942 = FILL_AREA_STYLE('',(#15943));
#15943 = FILL_AREA_STYLE_COLOUR('',#15936);
#15944 = STYLED_ITEM('color',(#15945),#8271);
#15945 = PRESENTATION_STYLE_ASSIGNMENT((#15946));
#15946 = SURFACE_STYLE_USAGE(.BOTH.,#15947);
#15947 = SURFACE_SIDE_STYLE('',(#15948));
#15948 = SURFACE_STYLE_FILL_AREA(#15949);
#15949 = FILL_AREA_STYLE('',(#15950));
#15950 = FILL_AREA_STYLE_COLOUR('',#15936);
#15951 = STYLED_ITEM('color',(#15952),#8327);
#15952 = PRESENTATION_STYLE_ASSIGNMENT((#15953));
#15953 = SURFACE_STYLE_USAGE(.BOTH.,#15954);
#15954 = SURFACE_SIDE_STYLE('',(#15955));
#15955 = SURFACE_STYLE_FILL_AREA(#15956);
#15956 = FILL_AREA_STYLE('',(#15957));
#15957 = FILL_AREA_STYLE_COLOUR('',#15936);
#15958 = STYLED_ITEM('color',(#15959),#8344);
#15959 = PRESENTATION_STYLE_ASSIGNMENT((#15960));
#15960 = SURFACE_STYLE_USAGE(.BOTH.,#15961);
#15961 = SURFACE_SIDE_STYLE('',(#15962));
#15962 = SURFACE_STYLE_FILL_AREA(#15963);
#15963 = FILL_AREA_STYLE('',(#15964));
#15964 = FILL_AREA_STYLE_COLOUR('',#15382);
#15965 = STYLED_ITEM('color',(#15966),#8356);
#15966 = PRESENTATION_STYLE_ASSIGNMENT((#15967));
#15967 = SURFACE_STYLE_USAGE(.BOTH.,#15968);
#15968 = SURFACE_SIDE_STYLE('',(#15969));
#15969 = SURFACE_STYLE_FILL_AREA(#15970);
#15970 = FILL_AREA_STYLE('',(#15971));
#15971 = FILL_AREA_STYLE_COLOUR('',#15382);
#15972 = STYLED_ITEM('color',(#15973),#8801);
#15973 = PRESENTATION_STYLE_ASSIGNMENT((#15974));
#15974 = SURFACE_STYLE_USAGE(.BOTH.,#15975);
#15975 = SURFACE_SIDE_STYLE('',(#15976));
#15976 = SURFACE_STYLE_FILL_AREA(#15977);
#15977 = FILL_AREA_STYLE('',(#15978));
#15978 = FILL_AREA_STYLE_COLOUR('',#15382);
#15979 = STYLED_ITEM('color',(#15980),#8825);
#15980 = PRESENTATION_STYLE_ASSIGNMENT((#15981));
#15981 = SURFACE_STYLE_USAGE(.BOTH.,#15982);
#15982 = SURFACE_SIDE_STYLE('',(#15983));
#15983 = SURFACE_STYLE_FILL_AREA(#15984);
#15984 = FILL_AREA_STYLE('',(#15985));
#15985 = FILL_AREA_STYLE_COLOUR('',#15382);
#15986 = STYLED_ITEM('color',(#15987),#8849);
#15987 = PRESENTATION_STYLE_ASSIGNMENT((#15988));
#15988 = SURFACE_STYLE_USAGE(.BOTH.,#15989);
#15989 = SURFACE_SIDE_STYLE('',(#15990));
#15990 = SURFACE_STYLE_FILL_AREA(#15991);
#15991 = FILL_AREA_STYLE('',(#15992));
#15992 = FILL_AREA_STYLE_COLOUR('',#15382);
#15993 = STYLED_ITEM('color',(#15994),#8866);
#15994 = PRESENTATION_STYLE_ASSIGNMENT((#15995));
#15995 = SURFACE_STYLE_USAGE(.BOTH.,#15996);
#15996 = SURFACE_SIDE_STYLE('',(#15997));
#15997 = SURFACE_STYLE_FILL_AREA(#15998);
#15998 = FILL_AREA_STYLE('',(#15999));
#15999 = FILL_AREA_STYLE_COLOUR('',#15382);
#16000 = STYLED_ITEM('color',(#16001),#8890);
#16001 = PRESENTATION_STYLE_ASSIGNMENT((#16002));
#16002 = SURFACE_STYLE_USAGE(.BOTH.,#16003);
#16003 = SURFACE_SIDE_STYLE('',(#16004));
#16004 = SURFACE_STYLE_FILL_AREA(#16005);
#16005 = FILL_AREA_STYLE('',(#16006));
#16006 = FILL_AREA_STYLE_COLOUR('',#15382);
#16007 = STYLED_ITEM('color',(#16008),#8914);
#16008 = PRESENTATION_STYLE_ASSIGNMENT((#16009));
#16009 = SURFACE_STYLE_USAGE(.BOTH.,#16010);
#16010 = SURFACE_SIDE_STYLE('',(#16011));
#16011 = SURFACE_STYLE_FILL_AREA(#16012);
#16012 = FILL_AREA_STYLE('',(#16013));
#16013 = FILL_AREA_STYLE_COLOUR('',#15382);
#16014 = STYLED_ITEM('color',(#16015),#8931);
#16015 = PRESENTATION_STYLE_ASSIGNMENT((#16016));
#16016 = SURFACE_STYLE_USAGE(.BOTH.,#16017);
#16017 = SURFACE_SIDE_STYLE('',(#16018));
#16018 = SURFACE_STYLE_FILL_AREA(#16019);
#16019 = FILL_AREA_STYLE('',(#16020));
#16020 = FILL_AREA_STYLE_COLOUR('',#15382);
#16021 = STYLED_ITEM('color',(#16022),#8955);
#16022 = PRESENTATION_STYLE_ASSIGNMENT((#16023));
#16023 = SURFACE_STYLE_USAGE(.BOTH.,#16024);
#16024 = SURFACE_SIDE_STYLE('',(#16025));
#16025 = SURFACE_STYLE_FILL_AREA(#16026);
#16026 = FILL_AREA_STYLE('',(#16027));
#16027 = FILL_AREA_STYLE_COLOUR('',#15382);
#16028 = STYLED_ITEM('color',(#16029),#8979);
#16029 = PRESENTATION_STYLE_ASSIGNMENT((#16030));
#16030 = SURFACE_STYLE_USAGE(.BOTH.,#16031);
#16031 = SURFACE_SIDE_STYLE('',(#16032));
#16032 = SURFACE_STYLE_FILL_AREA(#16033);
#16033 = FILL_AREA_STYLE('',(#16034));
#16034 = FILL_AREA_STYLE_COLOUR('',#15382);
#16035 = STYLED_ITEM('color',(#16036),#8996);
#16036 = PRESENTATION_STYLE_ASSIGNMENT((#16037));
#16037 = SURFACE_STYLE_USAGE(.BOTH.,#16038);
#16038 = SURFACE_SIDE_STYLE('',(#16039));
#16039 = SURFACE_STYLE_FILL_AREA(#16040);
#16040 = FILL_AREA_STYLE('',(#16041));
#16041 = FILL_AREA_STYLE_COLOUR('',#15382);
#16042 = STYLED_ITEM('color',(#16043),#9020);
#16043 = PRESENTATION_STYLE_ASSIGNMENT((#16044));
#16044 = SURFACE_STYLE_USAGE(.BOTH.,#16045);
#16045 = SURFACE_SIDE_STYLE('',(#16046));
#16046 = SURFACE_STYLE_FILL_AREA(#16047);
#16047 = FILL_AREA_STYLE('',(#16048));
#16048 = FILL_AREA_STYLE_COLOUR('',#15382);
#16049 = STYLED_ITEM('color',(#16050),#9044);
#16050 = PRESENTATION_STYLE_ASSIGNMENT((#16051));
#16051 = SURFACE_STYLE_USAGE(.BOTH.,#16052);
#16052 = SURFACE_SIDE_STYLE('',(#16053));
#16053 = SURFACE_STYLE_FILL_AREA(#16054);
#16054 = FILL_AREA_STYLE('',(#16055));
#16055 = FILL_AREA_STYLE_COLOUR('',#15382);
#16056 = STYLED_ITEM('color',(#16057),#9061);
#16057 = PRESENTATION_STYLE_ASSIGNMENT((#16058));
#16058 = SURFACE_STYLE_USAGE(.BOTH.,#16059);
#16059 = SURFACE_SIDE_STYLE('',(#16060));
#16060 = SURFACE_STYLE_FILL_AREA(#16061);
#16061 = FILL_AREA_STYLE('',(#16062));
#16062 = FILL_AREA_STYLE_COLOUR('',#15382);
#16063 = STYLED_ITEM('color',(#16064),#9085);
#16064 = PRESENTATION_STYLE_ASSIGNMENT((#16065));
#16065 = SURFACE_STYLE_USAGE(.BOTH.,#16066);
#16066 = SURFACE_SIDE_STYLE('',(#16067));
#16067 = SURFACE_STYLE_FILL_AREA(#16068);
#16068 = FILL_AREA_STYLE('',(#16069));
#16069 = FILL_AREA_STYLE_COLOUR('',#15382);
#16070 = STYLED_ITEM('color',(#16071),#9109);
#16071 = PRESENTATION_STYLE_ASSIGNMENT((#16072));
#16072 = SURFACE_STYLE_USAGE(.BOTH.,#16073);
#16073 = SURFACE_SIDE_STYLE('',(#16074));
#16074 = SURFACE_STYLE_FILL_AREA(#16075);
#16075 = FILL_AREA_STYLE('',(#16076));
#16076 = FILL_AREA_STYLE_COLOUR('',#15382);
#16077 = STYLED_ITEM('color',(#16078),#9126);
#16078 = PRESENTATION_STYLE_ASSIGNMENT((#16079));
#16079 = SURFACE_STYLE_USAGE(.BOTH.,#16080);
#16080 = SURFACE_SIDE_STYLE('',(#16081));
#16081 = SURFACE_STYLE_FILL_AREA(#16082);
#16082 = FILL_AREA_STYLE('',(#16083));
#16083 = FILL_AREA_STYLE_COLOUR('',#15382);
#16084 = STYLED_ITEM('color',(#16085),#9150);
#16085 = PRESENTATION_STYLE_ASSIGNMENT((#16086));
#16086 = SURFACE_STYLE_USAGE(.BOTH.,#16087);
#16087 = SURFACE_SIDE_STYLE('',(#16088));
#16088 = SURFACE_STYLE_FILL_AREA(#16089);
#16089 = FILL_AREA_STYLE('',(#16090));
#16090 = FILL_AREA_STYLE_COLOUR('',#15382);
#16091 = STYLED_ITEM('color',(#16092),#9174);
#16092 = PRESENTATION_STYLE_ASSIGNMENT((#16093));
#16093 = SURFACE_STYLE_USAGE(.BOTH.,#16094);
#16094 = SURFACE_SIDE_STYLE('',(#16095));
#16095 = SURFACE_STYLE_FILL_AREA(#16096);
#16096 = FILL_AREA_STYLE('',(#16097));
#16097 = FILL_AREA_STYLE_COLOUR('',#15382);
#16098 = STYLED_ITEM('color',(#16099),#9191);
#16099 = PRESENTATION_STYLE_ASSIGNMENT((#16100));
#16100 = SURFACE_STYLE_USAGE(.BOTH.,#16101);
#16101 = SURFACE_SIDE_STYLE('',(#16102));
#16102 = SURFACE_STYLE_FILL_AREA(#16103);
#16103 = FILL_AREA_STYLE('',(#16104));
#16104 = FILL_AREA_STYLE_COLOUR('',#15382);
#16105 = STYLED_ITEM('color',(#16106),#9215);
#16106 = PRESENTATION_STYLE_ASSIGNMENT((#16107));
#16107 = SURFACE_STYLE_USAGE(.BOTH.,#16108);
#16108 = SURFACE_SIDE_STYLE('',(#16109));
#16109 = SURFACE_STYLE_FILL_AREA(#16110);
#16110 = FILL_AREA_STYLE('',(#16111));
#16111 = FILL_AREA_STYLE_COLOUR('',#15382);
#16112 = STYLED_ITEM('color',(#16113),#9239);
#16113 = PRESENTATION_STYLE_ASSIGNMENT((#16114));
#16114 = SURFACE_STYLE_USAGE(.BOTH.,#16115);
#16115 = SURFACE_SIDE_STYLE('',(#16116));
#16116 = SURFACE_STYLE_FILL_AREA(#16117);
#16117 = FILL_AREA_STYLE('',(#16118));
#16118 = FILL_AREA_STYLE_COLOUR('',#15382);
#16119 = STYLED_ITEM('color',(#16120),#9256);
#16120 = PRESENTATION_STYLE_ASSIGNMENT((#16121));
#16121 = SURFACE_STYLE_USAGE(.BOTH.,#16122);
#16122 = SURFACE_SIDE_STYLE('',(#16123));
#16123 = SURFACE_STYLE_FILL_AREA(#16124);
#16124 = FILL_AREA_STYLE('',(#16125));
#16125 = FILL_AREA_STYLE_COLOUR('',#15936);
#16126 = STYLED_ITEM('color',(#16127),#9319);
#16127 = PRESENTATION_STYLE_ASSIGNMENT((#16128));
#16128 = SURFACE_STYLE_USAGE(.BOTH.,#16129);
#16129 = SURFACE_SIDE_STYLE('',(#16130));
#16130 = SURFACE_STYLE_FILL_AREA(#16131);
#16131 = FILL_AREA_STYLE('',(#16132));
#16132 = FILL_AREA_STYLE_COLOUR('',#15936);
#16133 = STYLED_ITEM('color',(#16134),#9343);
#16134 = PRESENTATION_STYLE_ASSIGNMENT((#16135));
#16135 = SURFACE_STYLE_USAGE(.BOTH.,#16136);
#16136 = SURFACE_SIDE_STYLE('',(#16137));
#16137 = SURFACE_STYLE_FILL_AREA(#16138);
#16138 = FILL_AREA_STYLE('',(#16139));
#16139 = FILL_AREA_STYLE_COLOUR('',#15936);
#16140 = STYLED_ITEM('color',(#16141),#9399);
#16141 = PRESENTATION_STYLE_ASSIGNMENT((#16142));
#16142 = SURFACE_STYLE_USAGE(.BOTH.,#16143);
#16143 = SURFACE_SIDE_STYLE('',(#16144));
#16144 = SURFACE_STYLE_FILL_AREA(#16145);
#16145 = FILL_AREA_STYLE('',(#16146));
#16146 = FILL_AREA_STYLE_COLOUR('',#15936);
#16147 = STYLED_ITEM('color',(#16148),#9416);
#16148 = PRESENTATION_STYLE_ASSIGNMENT((#16149));
#16149 = SURFACE_STYLE_USAGE(.BOTH.,#16150);
#16150 = SURFACE_SIDE_STYLE('',(#16151));
#16151 = SURFACE_STYLE_FILL_AREA(#16152);
#16152 = FILL_AREA_STYLE('',(#16153));
#16153 = FILL_AREA_STYLE_COLOUR('',#15936);
#16154 = STYLED_ITEM('color',(#16155),#9447);
#16155 = PRESENTATION_STYLE_ASSIGNMENT((#16156));
#16156 = SURFACE_STYLE_USAGE(.BOTH.,#16157);
#16157 = SURFACE_SIDE_STYLE('',(#16158));
#16158 = SURFACE_STYLE_FILL_AREA(#16159);
#16159 = FILL_AREA_STYLE('',(#16160));
#16160 = FILL_AREA_STYLE_COLOUR('',#15936);
#16161 = STYLED_ITEM('color',(#16162),#9471);
#16162 = PRESENTATION_STYLE_ASSIGNMENT((#16163));
#16163 = SURFACE_STYLE_USAGE(.BOTH.,#16164);
#16164 = SURFACE_SIDE_STYLE('',(#16165));
#16165 = SURFACE_STYLE_FILL_AREA(#16166);
#16166 = FILL_AREA_STYLE('',(#16167));
#16167 = FILL_AREA_STYLE_COLOUR('',#15936);
#16168 = STYLED_ITEM('color',(#16169),#9495);
#16169 = PRESENTATION_STYLE_ASSIGNMENT((#16170));
#16170 = SURFACE_STYLE_USAGE(.BOTH.,#16171);
#16171 = SURFACE_SIDE_STYLE('',(#16172));
#16172 = SURFACE_STYLE_FILL_AREA(#16173);
#16173 = FILL_AREA_STYLE('',(#16174));
#16174 = FILL_AREA_STYLE_COLOUR('',#15936);
#16175 = STYLED_ITEM('color',(#16176),#9512);
#16176 = PRESENTATION_STYLE_ASSIGNMENT((#16177));
#16177 = SURFACE_STYLE_USAGE(.BOTH.,#16178);
#16178 = SURFACE_SIDE_STYLE('',(#16179));
#16179 = SURFACE_STYLE_FILL_AREA(#16180);
#16180 = FILL_AREA_STYLE('',(#16181));
#16181 = FILL_AREA_STYLE_COLOUR('',#15936);
#16182 = STYLED_ITEM('color',(#16183),#9543);
#16183 = PRESENTATION_STYLE_ASSIGNMENT((#16184));
#16184 = SURFACE_STYLE_USAGE(.BOTH.,#16185);
#16185 = SURFACE_SIDE_STYLE('',(#16186));
#16186 = SURFACE_STYLE_FILL_AREA(#16187);
#16187 = FILL_AREA_STYLE('',(#16188));
#16188 = FILL_AREA_STYLE_COLOUR('',#15936);
#16189 = STYLED_ITEM('color',(#16190),#9567);
#16190 = PRESENTATION_STYLE_ASSIGNMENT((#16191));
#16191 = SURFACE_STYLE_USAGE(.BOTH.,#16192);
#16192 = SURFACE_SIDE_STYLE('',(#16193));
#16193 = SURFACE_STYLE_FILL_AREA(#16194);
#16194 = FILL_AREA_STYLE('',(#16195));
#16195 = FILL_AREA_STYLE_COLOUR('',#15936);
#16196 = STYLED_ITEM('color',(#16197),#9591);
#16197 = PRESENTATION_STYLE_ASSIGNMENT((#16198));
#16198 = SURFACE_STYLE_USAGE(.BOTH.,#16199);
#16199 = SURFACE_SIDE_STYLE('',(#16200));
#16200 = SURFACE_STYLE_FILL_AREA(#16201);
#16201 = FILL_AREA_STYLE('',(#16202));
#16202 = FILL_AREA_STYLE_COLOUR('',#15936);
#16203 = STYLED_ITEM('color',(#16204),#9608);
#16204 = PRESENTATION_STYLE_ASSIGNMENT((#16205));
#16205 = SURFACE_STYLE_USAGE(.BOTH.,#16206);
#16206 = SURFACE_SIDE_STYLE('',(#16207));
#16207 = SURFACE_STYLE_FILL_AREA(#16208);
#16208 = FILL_AREA_STYLE('',(#16209));
#16209 = FILL_AREA_STYLE_COLOUR('',#15936);
#16210 = STYLED_ITEM('color',(#16211),#9639);
#16211 = PRESENTATION_STYLE_ASSIGNMENT((#16212));
#16212 = SURFACE_STYLE_USAGE(.BOTH.,#16213);
#16213 = SURFACE_SIDE_STYLE('',(#16214));
#16214 = SURFACE_STYLE_FILL_AREA(#16215);
#16215 = FILL_AREA_STYLE('',(#16216));
#16216 = FILL_AREA_STYLE_COLOUR('',#15936);
#16217 = STYLED_ITEM('color',(#16218),#9663);
#16218 = PRESENTATION_STYLE_ASSIGNMENT((#16219));
#16219 = SURFACE_STYLE_USAGE(.BOTH.,#16220);
#16220 = SURFACE_SIDE_STYLE('',(#16221));
#16221 = SURFACE_STYLE_FILL_AREA(#16222);
#16222 = FILL_AREA_STYLE('',(#16223));
#16223 = FILL_AREA_STYLE_COLOUR('',#15936);
#16224 = STYLED_ITEM('color',(#16225),#9687);
#16225 = PRESENTATION_STYLE_ASSIGNMENT((#16226));
#16226 = SURFACE_STYLE_USAGE(.BOTH.,#16227);
#16227 = SURFACE_SIDE_STYLE('',(#16228));
#16228 = SURFACE_STYLE_FILL_AREA(#16229);
#16229 = FILL_AREA_STYLE('',(#16230));
#16230 = FILL_AREA_STYLE_COLOUR('',#15936);
#16231 = STYLED_ITEM('color',(#16232),#9704);
#16232 = PRESENTATION_STYLE_ASSIGNMENT((#16233));
#16233 = SURFACE_STYLE_USAGE(.BOTH.,#16234);
#16234 = SURFACE_SIDE_STYLE('',(#16235));
#16235 = SURFACE_STYLE_FILL_AREA(#16236);
#16236 = FILL_AREA_STYLE('',(#16237));
#16237 = FILL_AREA_STYLE_COLOUR('',#15936);
#16238 = STYLED_ITEM('color',(#16239),#9735);
#16239 = PRESENTATION_STYLE_ASSIGNMENT((#16240));
#16240 = SURFACE_STYLE_USAGE(.BOTH.,#16241);
#16241 = SURFACE_SIDE_STYLE('',(#16242));
#16242 = SURFACE_STYLE_FILL_AREA(#16243);
#16243 = FILL_AREA_STYLE('',(#16244));
#16244 = FILL_AREA_STYLE_COLOUR('',#15936);
#16245 = STYLED_ITEM('color',(#16246),#9759);
#16246 = PRESENTATION_STYLE_ASSIGNMENT((#16247));
#16247 = SURFACE_STYLE_USAGE(.BOTH.,#16248);
#16248 = SURFACE_SIDE_STYLE('',(#16249));
#16249 = SURFACE_STYLE_FILL_AREA(#16250);
#16250 = FILL_AREA_STYLE('',(#16251));
#16251 = FILL_AREA_STYLE_COLOUR('',#15936);
#16252 = STYLED_ITEM('color',(#16253),#9783);
#16253 = PRESENTATION_STYLE_ASSIGNMENT((#16254));
#16254 = SURFACE_STYLE_USAGE(.BOTH.,#16255);
#16255 = SURFACE_SIDE_STYLE('',(#16256));
#16256 = SURFACE_STYLE_FILL_AREA(#16257);
#16257 = FILL_AREA_STYLE('',(#16258));
#16258 = FILL_AREA_STYLE_COLOUR('',#15936);
#16259 = STYLED_ITEM('color',(#16260),#9800);
#16260 = PRESENTATION_STYLE_ASSIGNMENT((#16261));
#16261 = SURFACE_STYLE_USAGE(.BOTH.,#16262);
#16262 = SURFACE_SIDE_STYLE('',(#16263));
#16263 = SURFACE_STYLE_FILL_AREA(#16264);
#16264 = FILL_AREA_STYLE('',(#16265));
#16265 = FILL_AREA_STYLE_COLOUR('',#15936);
#16266 = STYLED_ITEM('color',(#16267),#9831);
#16267 = PRESENTATION_STYLE_ASSIGNMENT((#16268));
#16268 = SURFACE_STYLE_USAGE(.BOTH.,#16269);
#16269 = SURFACE_SIDE_STYLE('',(#16270));
#16270 = SURFACE_STYLE_FILL_AREA(#16271);
#16271 = FILL_AREA_STYLE('',(#16272));
#16272 = FILL_AREA_STYLE_COLOUR('',#15936);
#16273 = STYLED_ITEM('color',(#16274),#9855);
#16274 = PRESENTATION_STYLE_ASSIGNMENT((#16275));
#16275 = SURFACE_STYLE_USAGE(.BOTH.,#16276);
#16276 = SURFACE_SIDE_STYLE('',(#16277));
#16277 = SURFACE_STYLE_FILL_AREA(#16278);
#16278 = FILL_AREA_STYLE('',(#16279));
#16279 = FILL_AREA_STYLE_COLOUR('',#15936);
#16280 = STYLED_ITEM('color',(#16281),#9879);
#16281 = PRESENTATION_STYLE_ASSIGNMENT((#16282));
#16282 = SURFACE_STYLE_USAGE(.BOTH.,#16283);
#16283 = SURFACE_SIDE_STYLE('',(#16284));
#16284 = SURFACE_STYLE_FILL_AREA(#16285);
#16285 = FILL_AREA_STYLE('',(#16286));
#16286 = FILL_AREA_STYLE_COLOUR('',#15936);
#16287 = STYLED_ITEM('color',(#16288),#9896);
#16288 = PRESENTATION_STYLE_ASSIGNMENT((#16289));
#16289 = SURFACE_STYLE_USAGE(.BOTH.,#16290);
#16290 = SURFACE_SIDE_STYLE('',(#16291));
#16291 = SURFACE_STYLE_FILL_AREA(#16292);
#16292 = FILL_AREA_STYLE('',(#16293));
#16293 = FILL_AREA_STYLE_COLOUR('',#15936);
#16294 = STYLED_ITEM('color',(#16295),#9927);
#16295 = PRESENTATION_STYLE_ASSIGNMENT((#16296));
#16296 = SURFACE_STYLE_USAGE(.BOTH.,#16297);
#16297 = SURFACE_SIDE_STYLE('',(#16298));
#16298 = SURFACE_STYLE_FILL_AREA(#16299);
#16299 = FILL_AREA_STYLE('',(#16300));
#16300 = FILL_AREA_STYLE_COLOUR('',#15936);
#16301 = STYLED_ITEM('color',(#16302),#9951);
#16302 = PRESENTATION_STYLE_ASSIGNMENT((#16303));
#16303 = SURFACE_STYLE_USAGE(.BOTH.,#16304);
#16304 = SURFACE_SIDE_STYLE('',(#16305));
#16305 = SURFACE_STYLE_FILL_AREA(#16306);
#16306 = FILL_AREA_STYLE('',(#16307));
#16307 = FILL_AREA_STYLE_COLOUR('',#15936);
#16308 = STYLED_ITEM('color',(#16309),#9975);
#16309 = PRESENTATION_STYLE_ASSIGNMENT((#16310));
#16310 = SURFACE_STYLE_USAGE(.BOTH.,#16311);
#16311 = SURFACE_SIDE_STYLE('',(#16312));
#16312 = SURFACE_STYLE_FILL_AREA(#16313);
#16313 = FILL_AREA_STYLE('',(#16314));
#16314 = FILL_AREA_STYLE_COLOUR('',#15936);
#16315 = STYLED_ITEM('color',(#16316),#9992);
#16316 = PRESENTATION_STYLE_ASSIGNMENT((#16317));
#16317 = SURFACE_STYLE_USAGE(.BOTH.,#16318);
#16318 = SURFACE_SIDE_STYLE('',(#16319));
#16319 = SURFACE_STYLE_FILL_AREA(#16320);
#16320 = FILL_AREA_STYLE('',(#16321));
#16321 = FILL_AREA_STYLE_COLOUR('',#15936);
#16322 = STYLED_ITEM('color',(#16323),#10039);
#16323 = PRESENTATION_STYLE_ASSIGNMENT((#16324));
#16324 = SURFACE_STYLE_USAGE(.BOTH.,#16325);
#16325 = SURFACE_SIDE_STYLE('',(#16326));
#16326 = SURFACE_STYLE_FILL_AREA(#16327);
#16327 = FILL_AREA_STYLE('',(#16328));
#16328 = FILL_AREA_STYLE_COLOUR('',#15936);
#16329 = STYLED_ITEM('color',(#16330),#10070);
#16330 = PRESENTATION_STYLE_ASSIGNMENT((#16331));
#16331 = SURFACE_STYLE_USAGE(.BOTH.,#16332);
#16332 = SURFACE_SIDE_STYLE('',(#16333));
#16333 = SURFACE_STYLE_FILL_AREA(#16334);
#16334 = FILL_AREA_STYLE('',(#16335));
#16335 = FILL_AREA_STYLE_COLOUR('',#15936);
#16336 = STYLED_ITEM('color',(#16337),#10082);
#16337 = PRESENTATION_STYLE_ASSIGNMENT((#16338));
#16338 = SURFACE_STYLE_USAGE(.BOTH.,#16339);
#16339 = SURFACE_SIDE_STYLE('',(#16340));
#16340 = SURFACE_STYLE_FILL_AREA(#16341);
#16341 = FILL_AREA_STYLE('',(#16342));
#16342 = FILL_AREA_STYLE_COLOUR('',#15936);
#16343 = STYLED_ITEM('color',(#16344),#10099);
#16344 = PRESENTATION_STYLE_ASSIGNMENT((#16345));
#16345 = SURFACE_STYLE_USAGE(.BOTH.,#16346);
#16346 = SURFACE_SIDE_STYLE('',(#16347));
#16347 = SURFACE_STYLE_FILL_AREA(#16348);
#16348 = FILL_AREA_STYLE('',(#16349));
#16349 = FILL_AREA_STYLE_COLOUR('',#15936);
#16350 = STYLED_ITEM('color',(#16351),#10125);
#16351 = PRESENTATION_STYLE_ASSIGNMENT((#16352));
#16352 = SURFACE_STYLE_USAGE(.BOTH.,#16353);
#16353 = SURFACE_SIDE_STYLE('',(#16354));
#16354 = SURFACE_STYLE_FILL_AREA(#16355);
#16355 = FILL_AREA_STYLE('',(#16356));
#16356 = FILL_AREA_STYLE_COLOUR('',#15936);
#16357 = STYLED_ITEM('color',(#16358),#10158);
#16358 = PRESENTATION_STYLE_ASSIGNMENT((#16359));
#16359 = SURFACE_STYLE_USAGE(.BOTH.,#16360);
#16360 = SURFACE_SIDE_STYLE('',(#16361));
#16361 = SURFACE_STYLE_FILL_AREA(#16362);
#16362 = FILL_AREA_STYLE('',(#16363));
#16363 = FILL_AREA_STYLE_COLOUR('',#15382);
#16364 = STYLED_ITEM('color',(#16365),#10170);
#16365 = PRESENTATION_STYLE_ASSIGNMENT((#16366));
#16366 = SURFACE_STYLE_USAGE(.BOTH.,#16367);
#16367 = SURFACE_SIDE_STYLE('',(#16368));
#16368 = SURFACE_STYLE_FILL_AREA(#16369);
#16369 = FILL_AREA_STYLE('',(#16370));
#16370 = FILL_AREA_STYLE_COLOUR('',#15382);
#16371 = STYLED_ITEM('color',(#16372),#10182);
#16372 = PRESENTATION_STYLE_ASSIGNMENT((#16373));
#16373 = SURFACE_STYLE_USAGE(.BOTH.,#16374);
#16374 = SURFACE_SIDE_STYLE('',(#16375));
#16375 = SURFACE_STYLE_FILL_AREA(#16376);
#16376 = FILL_AREA_STYLE('',(#16377));
#16377 = FILL_AREA_STYLE_COLOUR('',#15382);
#16378 = STYLED_ITEM('color',(#16379),#10194);
#16379 = PRESENTATION_STYLE_ASSIGNMENT((#16380));
#16380 = SURFACE_STYLE_USAGE(.BOTH.,#16381);
#16381 = SURFACE_SIDE_STYLE('',(#16382));
#16382 = SURFACE_STYLE_FILL_AREA(#16383);
#16383 = FILL_AREA_STYLE('',(#16384));
#16384 = FILL_AREA_STYLE_COLOUR('',#15382);
#16385 = STYLED_ITEM('color',(#16386),#10206);
#16386 = PRESENTATION_STYLE_ASSIGNMENT((#16387));
#16387 = SURFACE_STYLE_USAGE(.BOTH.,#16388);
#16388 = SURFACE_SIDE_STYLE('',(#16389));
#16389 = SURFACE_STYLE_FILL_AREA(#16390);
#16390 = FILL_AREA_STYLE('',(#16391));
#16391 = FILL_AREA_STYLE_COLOUR('',#15382);
#16392 = STYLED_ITEM('color',(#16393),#10218);
#16393 = PRESENTATION_STYLE_ASSIGNMENT((#16394));
#16394 = SURFACE_STYLE_USAGE(.BOTH.,#16395);
#16395 = SURFACE_SIDE_STYLE('',(#16396));
#16396 = SURFACE_STYLE_FILL_AREA(#16397);
#16397 = FILL_AREA_STYLE('',(#16398));
#16398 = FILL_AREA_STYLE_COLOUR('',#15382);
#16399 = STYLED_ITEM('color',(#16400),#10230);
#16400 = PRESENTATION_STYLE_ASSIGNMENT((#16401));
#16401 = SURFACE_STYLE_USAGE(.BOTH.,#16402);
#16402 = SURFACE_SIDE_STYLE('',(#16403));
#16403 = SURFACE_STYLE_FILL_AREA(#16404);
#16404 = FILL_AREA_STYLE('',(#16405));
#16405 = FILL_AREA_STYLE_COLOUR('',#15382);
#16406 = STYLED_ITEM('color',(#16407),#10242);
#16407 = PRESENTATION_STYLE_ASSIGNMENT((#16408));
#16408 = SURFACE_STYLE_USAGE(.BOTH.,#16409);
#16409 = SURFACE_SIDE_STYLE('',(#16410));
#16410 = SURFACE_STYLE_FILL_AREA(#16411);
#16411 = FILL_AREA_STYLE('',(#16412));
#16412 = FILL_AREA_STYLE_COLOUR('',#15936);
#16413 = STYLED_ITEM('color',(#16414),#10273);
#16414 = PRESENTATION_STYLE_ASSIGNMENT((#16415));
#16415 = SURFACE_STYLE_USAGE(.BOTH.,#16416);
#16416 = SURFACE_SIDE_STYLE('',(#16417));
#16417 = SURFACE_STYLE_FILL_AREA(#16418);
#16418 = FILL_AREA_STYLE('',(#16419));
#16419 = FILL_AREA_STYLE_COLOUR('',#15936);
#16420 = STYLED_ITEM('color',(#16421),#10297);
#16421 = PRESENTATION_STYLE_ASSIGNMENT((#16422));
#16422 = SURFACE_STYLE_USAGE(.BOTH.,#16423);
#16423 = SURFACE_SIDE_STYLE('',(#16424));
#16424 = SURFACE_STYLE_FILL_AREA(#16425);
#16425 = FILL_AREA_STYLE('',(#16426));
#16426 = FILL_AREA_STYLE_COLOUR('',#15936);
#16427 = STYLED_ITEM('color',(#16428),#10321);
#16428 = PRESENTATION_STYLE_ASSIGNMENT((#16429));
#16429 = SURFACE_STYLE_USAGE(.BOTH.,#16430);
#16430 = SURFACE_SIDE_STYLE('',(#16431));
#16431 = SURFACE_STYLE_FILL_AREA(#16432);
#16432 = FILL_AREA_STYLE('',(#16433));
#16433 = FILL_AREA_STYLE_COLOUR('',#15936);
#16434 = STYLED_ITEM('color',(#16435),#10338);
#16435 = PRESENTATION_STYLE_ASSIGNMENT((#16436));
#16436 = SURFACE_STYLE_USAGE(.BOTH.,#16437);
#16437 = SURFACE_SIDE_STYLE('',(#16438));
#16438 = SURFACE_STYLE_FILL_AREA(#16439);
#16439 = FILL_AREA_STYLE('',(#16440));
#16440 = FILL_AREA_STYLE_COLOUR('',#15936);
#16441 = STYLED_ITEM('color',(#16442),#10369);
#16442 = PRESENTATION_STYLE_ASSIGNMENT((#16443));
#16443 = SURFACE_STYLE_USAGE(.BOTH.,#16444);
#16444 = SURFACE_SIDE_STYLE('',(#16445));
#16445 = SURFACE_STYLE_FILL_AREA(#16446);
#16446 = FILL_AREA_STYLE('',(#16447));
#16447 = FILL_AREA_STYLE_COLOUR('',#15936);
#16448 = STYLED_ITEM('color',(#16449),#10393);
#16449 = PRESENTATION_STYLE_ASSIGNMENT((#16450));
#16450 = SURFACE_STYLE_USAGE(.BOTH.,#16451);
#16451 = SURFACE_SIDE_STYLE('',(#16452));
#16452 = SURFACE_STYLE_FILL_AREA(#16453);
#16453 = FILL_AREA_STYLE('',(#16454));
#16454 = FILL_AREA_STYLE_COLOUR('',#15936);
#16455 = STYLED_ITEM('color',(#16456),#10417);
#16456 = PRESENTATION_STYLE_ASSIGNMENT((#16457));
#16457 = SURFACE_STYLE_USAGE(.BOTH.,#16458);
#16458 = SURFACE_SIDE_STYLE('',(#16459));
#16459 = SURFACE_STYLE_FILL_AREA(#16460);
#16460 = FILL_AREA_STYLE('',(#16461));
#16461 = FILL_AREA_STYLE_COLOUR('',#15936);
#16462 = STYLED_ITEM('color',(#16463),#10434);
#16463 = PRESENTATION_STYLE_ASSIGNMENT((#16464));
#16464 = SURFACE_STYLE_USAGE(.BOTH.,#16465);
#16465 = SURFACE_SIDE_STYLE('',(#16466));
#16466 = SURFACE_STYLE_FILL_AREA(#16467);
#16467 = FILL_AREA_STYLE('',(#16468));
#16468 = FILL_AREA_STYLE_COLOUR('',#15936);
#16469 = STYLED_ITEM('color',(#16470),#10465);
#16470 = PRESENTATION_STYLE_ASSIGNMENT((#16471));
#16471 = SURFACE_STYLE_USAGE(.BOTH.,#16472);
#16472 = SURFACE_SIDE_STYLE('',(#16473));
#16473 = SURFACE_STYLE_FILL_AREA(#16474);
#16474 = FILL_AREA_STYLE('',(#16475));
#16475 = FILL_AREA_STYLE_COLOUR('',#15936);
#16476 = STYLED_ITEM('color',(#16477),#10489);
#16477 = PRESENTATION_STYLE_ASSIGNMENT((#16478));
#16478 = SURFACE_STYLE_USAGE(.BOTH.,#16479);
#16479 = SURFACE_SIDE_STYLE('',(#16480));
#16480 = SURFACE_STYLE_FILL_AREA(#16481);
#16481 = FILL_AREA_STYLE('',(#16482));
#16482 = FILL_AREA_STYLE_COLOUR('',#15936);
#16483 = STYLED_ITEM('color',(#16484),#10513);
#16484 = PRESENTATION_STYLE_ASSIGNMENT((#16485));
#16485 = SURFACE_STYLE_USAGE(.BOTH.,#16486);
#16486 = SURFACE_SIDE_STYLE('',(#16487));
#16487 = SURFACE_STYLE_FILL_AREA(#16488);
#16488 = FILL_AREA_STYLE('',(#16489));
#16489 = FILL_AREA_STYLE_COLOUR('',#15936);
#16490 = STYLED_ITEM('color',(#16491),#10530);
#16491 = PRESENTATION_STYLE_ASSIGNMENT((#16492));
#16492 = SURFACE_STYLE_USAGE(.BOTH.,#16493);
#16493 = SURFACE_SIDE_STYLE('',(#16494));
#16494 = SURFACE_STYLE_FILL_AREA(#16495);
#16495 = FILL_AREA_STYLE('',(#16496));
#16496 = FILL_AREA_STYLE_COLOUR('',#15936);
#16497 = STYLED_ITEM('color',(#16498),#10561);
#16498 = PRESENTATION_STYLE_ASSIGNMENT((#16499));
#16499 = SURFACE_STYLE_USAGE(.BOTH.,#16500);
#16500 = SURFACE_SIDE_STYLE('',(#16501));
#16501 = SURFACE_STYLE_FILL_AREA(#16502);
#16502 = FILL_AREA_STYLE('',(#16503));
#16503 = FILL_AREA_STYLE_COLOUR('',#15936);
#16504 = STYLED_ITEM('color',(#16505),#10585);
#16505 = PRESENTATION_STYLE_ASSIGNMENT((#16506));
#16506 = SURFACE_STYLE_USAGE(.BOTH.,#16507);
#16507 = SURFACE_SIDE_STYLE('',(#16508));
#16508 = SURFACE_STYLE_FILL_AREA(#16509);
#16509 = FILL_AREA_STYLE('',(#16510));
#16510 = FILL_AREA_STYLE_COLOUR('',#15936);
#16511 = STYLED_ITEM('color',(#16512),#10609);
#16512 = PRESENTATION_STYLE_ASSIGNMENT((#16513));
#16513 = SURFACE_STYLE_USAGE(.BOTH.,#16514);
#16514 = SURFACE_SIDE_STYLE('',(#16515));
#16515 = SURFACE_STYLE_FILL_AREA(#16516);
#16516 = FILL_AREA_STYLE('',(#16517));
#16517 = FILL_AREA_STYLE_COLOUR('',#15936);
#16518 = STYLED_ITEM('color',(#16519),#10626);
#16519 = PRESENTATION_STYLE_ASSIGNMENT((#16520));
#16520 = SURFACE_STYLE_USAGE(.BOTH.,#16521);
#16521 = SURFACE_SIDE_STYLE('',(#16522));
#16522 = SURFACE_STYLE_FILL_AREA(#16523);
#16523 = FILL_AREA_STYLE('',(#16524));
#16524 = FILL_AREA_STYLE_COLOUR('',#15936);
#16525 = STYLED_ITEM('color',(#16526),#10657);
#16526 = PRESENTATION_STYLE_ASSIGNMENT((#16527));
#16527 = SURFACE_STYLE_USAGE(.BOTH.,#16528);
#16528 = SURFACE_SIDE_STYLE('',(#16529));
#16529 = SURFACE_STYLE_FILL_AREA(#16530);
#16530 = FILL_AREA_STYLE('',(#16531));
#16531 = FILL_AREA_STYLE_COLOUR('',#15936);
#16532 = STYLED_ITEM('color',(#16533),#10681);
#16533 = PRESENTATION_STYLE_ASSIGNMENT((#16534));
#16534 = SURFACE_STYLE_USAGE(.BOTH.,#16535);
#16535 = SURFACE_SIDE_STYLE('',(#16536));
#16536 = SURFACE_STYLE_FILL_AREA(#16537);
#16537 = FILL_AREA_STYLE('',(#16538));
#16538 = FILL_AREA_STYLE_COLOUR('',#15936);
#16539 = STYLED_ITEM('color',(#16540),#10705);
#16540 = PRESENTATION_STYLE_ASSIGNMENT((#16541));
#16541 = SURFACE_STYLE_USAGE(.BOTH.,#16542);
#16542 = SURFACE_SIDE_STYLE('',(#16543));
#16543 = SURFACE_STYLE_FILL_AREA(#16544);
#16544 = FILL_AREA_STYLE('',(#16545));
#16545 = FILL_AREA_STYLE_COLOUR('',#15936);
#16546 = STYLED_ITEM('color',(#16547),#10722);
#16547 = PRESENTATION_STYLE_ASSIGNMENT((#16548));
#16548 = SURFACE_STYLE_USAGE(.BOTH.,#16549);
#16549 = SURFACE_SIDE_STYLE('',(#16550));
#16550 = SURFACE_STYLE_FILL_AREA(#16551);
#16551 = FILL_AREA_STYLE('',(#16552));
#16552 = FILL_AREA_STYLE_COLOUR('',#15936);
#16553 = STYLED_ITEM('color',(#16554),#10753);
#16554 = PRESENTATION_STYLE_ASSIGNMENT((#16555));
#16555 = SURFACE_STYLE_USAGE(.BOTH.,#16556);
#16556 = SURFACE_SIDE_STYLE('',(#16557));
#16557 = SURFACE_STYLE_FILL_AREA(#16558);
#16558 = FILL_AREA_STYLE('',(#16559));
#16559 = FILL_AREA_STYLE_COLOUR('',#15936);
#16560 = STYLED_ITEM('color',(#16561),#10777);
#16561 = PRESENTATION_STYLE_ASSIGNMENT((#16562));
#16562 = SURFACE_STYLE_USAGE(.BOTH.,#16563);
#16563 = SURFACE_SIDE_STYLE('',(#16564));
#16564 = SURFACE_STYLE_FILL_AREA(#16565);
#16565 = FILL_AREA_STYLE('',(#16566));
#16566 = FILL_AREA_STYLE_COLOUR('',#15936);
#16567 = STYLED_ITEM('color',(#16568),#10801);
#16568 = PRESENTATION_STYLE_ASSIGNMENT((#16569));
#16569 = SURFACE_STYLE_USAGE(.BOTH.,#16570);
#16570 = SURFACE_SIDE_STYLE('',(#16571));
#16571 = SURFACE_STYLE_FILL_AREA(#16572);
#16572 = FILL_AREA_STYLE('',(#16573));
#16573 = FILL_AREA_STYLE_COLOUR('',#15936);
#16574 = STYLED_ITEM('color',(#16575),#10818);
#16575 = PRESENTATION_STYLE_ASSIGNMENT((#16576));
#16576 = SURFACE_STYLE_USAGE(.BOTH.,#16577);
#16577 = SURFACE_SIDE_STYLE('',(#16578));
#16578 = SURFACE_STYLE_FILL_AREA(#16579);
#16579 = FILL_AREA_STYLE('',(#16580));
#16580 = FILL_AREA_STYLE_COLOUR('',#15936);
#16581 = STYLED_ITEM('color',(#16582),#10849);
#16582 = PRESENTATION_STYLE_ASSIGNMENT((#16583));
#16583 = SURFACE_STYLE_USAGE(.BOTH.,#16584);
#16584 = SURFACE_SIDE_STYLE('',(#16585));
#16585 = SURFACE_STYLE_FILL_AREA(#16586);
#16586 = FILL_AREA_STYLE('',(#16587));
#16587 = FILL_AREA_STYLE_COLOUR('',#15936);
#16588 = STYLED_ITEM('color',(#16589),#10873);
#16589 = PRESENTATION_STYLE_ASSIGNMENT((#16590));
#16590 = SURFACE_STYLE_USAGE(.BOTH.,#16591);
#16591 = SURFACE_SIDE_STYLE('',(#16592));
#16592 = SURFACE_STYLE_FILL_AREA(#16593);
#16593 = FILL_AREA_STYLE('',(#16594));
#16594 = FILL_AREA_STYLE_COLOUR('',#15936);
#16595 = STYLED_ITEM('color',(#16596),#10897);
#16596 = PRESENTATION_STYLE_ASSIGNMENT((#16597));
#16597 = SURFACE_STYLE_USAGE(.BOTH.,#16598);
#16598 = SURFACE_SIDE_STYLE('',(#16599));
#16599 = SURFACE_STYLE_FILL_AREA(#16600);
#16600 = FILL_AREA_STYLE('',(#16601));
#16601 = FILL_AREA_STYLE_COLOUR('',#15936);
#16602 = STYLED_ITEM('color',(#16603),#10914);
#16603 = PRESENTATION_STYLE_ASSIGNMENT((#16604));
#16604 = SURFACE_STYLE_USAGE(.BOTH.,#16605);
#16605 = SURFACE_SIDE_STYLE('',(#16606));
#16606 = SURFACE_STYLE_FILL_AREA(#16607);
#16607 = FILL_AREA_STYLE('',(#16608));
#16608 = FILL_AREA_STYLE_COLOUR('',#15936);
#16609 = STYLED_ITEM('color',(#16610),#10945);
#16610 = PRESENTATION_STYLE_ASSIGNMENT((#16611));
#16611 = SURFACE_STYLE_USAGE(.BOTH.,#16612);
#16612 = SURFACE_SIDE_STYLE('',(#16613));
#16613 = SURFACE_STYLE_FILL_AREA(#16614);
#16614 = FILL_AREA_STYLE('',(#16615));
#16615 = FILL_AREA_STYLE_COLOUR('',#15936);
#16616 = STYLED_ITEM('color',(#16617),#10969);
#16617 = PRESENTATION_STYLE_ASSIGNMENT((#16618));
#16618 = SURFACE_STYLE_USAGE(.BOTH.,#16619);
#16619 = SURFACE_SIDE_STYLE('',(#16620));
#16620 = SURFACE_STYLE_FILL_AREA(#16621);
#16621 = FILL_AREA_STYLE('',(#16622));
#16622 = FILL_AREA_STYLE_COLOUR('',#15936);
#16623 = STYLED_ITEM('color',(#16624),#10993);
#16624 = PRESENTATION_STYLE_ASSIGNMENT((#16625));
#16625 = SURFACE_STYLE_USAGE(.BOTH.,#16626);
#16626 = SURFACE_SIDE_STYLE('',(#16627));
#16627 = SURFACE_STYLE_FILL_AREA(#16628);
#16628 = FILL_AREA_STYLE('',(#16629));
#16629 = FILL_AREA_STYLE_COLOUR('',#15936);
#16630 = STYLED_ITEM('color',(#16631),#11010);
#16631 = PRESENTATION_STYLE_ASSIGNMENT((#16632));
#16632 = SURFACE_STYLE_USAGE(.BOTH.,#16633);
#16633 = SURFACE_SIDE_STYLE('',(#16634));
#16634 = SURFACE_STYLE_FILL_AREA(#16635);
#16635 = FILL_AREA_STYLE('',(#16636));
#16636 = FILL_AREA_STYLE_COLOUR('',#15936);
#16637 = STYLED_ITEM('color',(#16638),#11057);
#16638 = PRESENTATION_STYLE_ASSIGNMENT((#16639));
#16639 = SURFACE_STYLE_USAGE(.BOTH.,#16640);
#16640 = SURFACE_SIDE_STYLE('',(#16641));
#16641 = SURFACE_STYLE_FILL_AREA(#16642);
#16642 = FILL_AREA_STYLE('',(#16643));
#16643 = FILL_AREA_STYLE_COLOUR('',#15936);
#16644 = STYLED_ITEM('color',(#16645),#11088);
#16645 = PRESENTATION_STYLE_ASSIGNMENT((#16646));
#16646 = SURFACE_STYLE_USAGE(.BOTH.,#16647);
#16647 = SURFACE_SIDE_STYLE('',(#16648));
#16648 = SURFACE_STYLE_FILL_AREA(#16649);
#16649 = FILL_AREA_STYLE('',(#16650));
#16650 = FILL_AREA_STYLE_COLOUR('',#15936);
#16651 = STYLED_ITEM('color',(#16652),#11100);
#16652 = PRESENTATION_STYLE_ASSIGNMENT((#16653));
#16653 = SURFACE_STYLE_USAGE(.BOTH.,#16654);
#16654 = SURFACE_SIDE_STYLE('',(#16655));
#16655 = SURFACE_STYLE_FILL_AREA(#16656);
#16656 = FILL_AREA_STYLE('',(#16657));
#16657 = FILL_AREA_STYLE_COLOUR('',#15936);
#16658 = STYLED_ITEM('color',(#16659),#11117);
#16659 = PRESENTATION_STYLE_ASSIGNMENT((#16660));
#16660 = SURFACE_STYLE_USAGE(.BOTH.,#16661);
#16661 = SURFACE_SIDE_STYLE('',(#16662));
#16662 = SURFACE_STYLE_FILL_AREA(#16663);
#16663 = FILL_AREA_STYLE('',(#16664));
#16664 = FILL_AREA_STYLE_COLOUR('',#15936);
#16665 = STYLED_ITEM('color',(#16666),#11143);
#16666 = PRESENTATION_STYLE_ASSIGNMENT((#16667));
#16667 = SURFACE_STYLE_USAGE(.BOTH.,#16668);
#16668 = SURFACE_SIDE_STYLE('',(#16669));
#16669 = SURFACE_STYLE_FILL_AREA(#16670);
#16670 = FILL_AREA_STYLE('',(#16671));
#16671 = FILL_AREA_STYLE_COLOUR('',#15936);
#16672 = STYLED_ITEM('color',(#16673),#11176);
#16673 = PRESENTATION_STYLE_ASSIGNMENT((#16674));
#16674 = SURFACE_STYLE_USAGE(.BOTH.,#16675);
#16675 = SURFACE_SIDE_STYLE('',(#16676));
#16676 = SURFACE_STYLE_FILL_AREA(#16677);
#16677 = FILL_AREA_STYLE('',(#16678));
#16678 = FILL_AREA_STYLE_COLOUR('',#15936);
#16679 = STYLED_ITEM('color',(#16680),#11207);
#16680 = PRESENTATION_STYLE_ASSIGNMENT((#16681));
#16681 = SURFACE_STYLE_USAGE(.BOTH.,#16682);
#16682 = SURFACE_SIDE_STYLE('',(#16683));
#16683 = SURFACE_STYLE_FILL_AREA(#16684);
#16684 = FILL_AREA_STYLE('',(#16685));
#16685 = FILL_AREA_STYLE_COLOUR('',#15936);
#16686 = STYLED_ITEM('color',(#16687),#11231);
#16687 = PRESENTATION_STYLE_ASSIGNMENT((#16688));
#16688 = SURFACE_STYLE_USAGE(.BOTH.,#16689);
#16689 = SURFACE_SIDE_STYLE('',(#16690));
#16690 = SURFACE_STYLE_FILL_AREA(#16691);
#16691 = FILL_AREA_STYLE('',(#16692));
#16692 = FILL_AREA_STYLE_COLOUR('',#15936);
#16693 = STYLED_ITEM('color',(#16694),#11255);
#16694 = PRESENTATION_STYLE_ASSIGNMENT((#16695));
#16695 = SURFACE_STYLE_USAGE(.BOTH.,#16696);
#16696 = SURFACE_SIDE_STYLE('',(#16697));
#16697 = SURFACE_STYLE_FILL_AREA(#16698);
#16698 = FILL_AREA_STYLE('',(#16699));
#16699 = FILL_AREA_STYLE_COLOUR('',#15936);
#16700 = STYLED_ITEM('color',(#16701),#11272);
#16701 = PRESENTATION_STYLE_ASSIGNMENT((#16702));
#16702 = SURFACE_STYLE_USAGE(.BOTH.,#16703);
#16703 = SURFACE_SIDE_STYLE('',(#16704));
#16704 = SURFACE_STYLE_FILL_AREA(#16705);
#16705 = FILL_AREA_STYLE('',(#16706));
#16706 = FILL_AREA_STYLE_COLOUR('',#15936);
#16707 = STYLED_ITEM('color',(#16708),#11303);
#16708 = PRESENTATION_STYLE_ASSIGNMENT((#16709));
#16709 = SURFACE_STYLE_USAGE(.BOTH.,#16710);
#16710 = SURFACE_SIDE_STYLE('',(#16711));
#16711 = SURFACE_STYLE_FILL_AREA(#16712);
#16712 = FILL_AREA_STYLE('',(#16713));
#16713 = FILL_AREA_STYLE_COLOUR('',#15936);
#16714 = STYLED_ITEM('color',(#16715),#11327);
#16715 = PRESENTATION_STYLE_ASSIGNMENT((#16716));
#16716 = SURFACE_STYLE_USAGE(.BOTH.,#16717);
#16717 = SURFACE_SIDE_STYLE('',(#16718));
#16718 = SURFACE_STYLE_FILL_AREA(#16719);
#16719 = FILL_AREA_STYLE('',(#16720));
#16720 = FILL_AREA_STYLE_COLOUR('',#15936);
#16721 = STYLED_ITEM('color',(#16722),#11351);
#16722 = PRESENTATION_STYLE_ASSIGNMENT((#16723));
#16723 = SURFACE_STYLE_USAGE(.BOTH.,#16724);
#16724 = SURFACE_SIDE_STYLE('',(#16725));
#16725 = SURFACE_STYLE_FILL_AREA(#16726);
#16726 = FILL_AREA_STYLE('',(#16727));
#16727 = FILL_AREA_STYLE_COLOUR('',#15936);
#16728 = STYLED_ITEM('color',(#16729),#11368);
#16729 = PRESENTATION_STYLE_ASSIGNMENT((#16730));
#16730 = SURFACE_STYLE_USAGE(.BOTH.,#16731);
#16731 = SURFACE_SIDE_STYLE('',(#16732));
#16732 = SURFACE_STYLE_FILL_AREA(#16733);
#16733 = FILL_AREA_STYLE('',(#16734));
#16734 = FILL_AREA_STYLE_COLOUR('',#15936);
#16735 = STYLED_ITEM('color',(#16736),#11399);
#16736 = PRESENTATION_STYLE_ASSIGNMENT((#16737));
#16737 = SURFACE_STYLE_USAGE(.BOTH.,#16738);
#16738 = SURFACE_SIDE_STYLE('',(#16739));
#16739 = SURFACE_STYLE_FILL_AREA(#16740);
#16740 = FILL_AREA_STYLE('',(#16741));
#16741 = FILL_AREA_STYLE_COLOUR('',#15936);
#16742 = STYLED_ITEM('color',(#16743),#11423);
#16743 = PRESENTATION_STYLE_ASSIGNMENT((#16744));
#16744 = SURFACE_STYLE_USAGE(.BOTH.,#16745);
#16745 = SURFACE_SIDE_STYLE('',(#16746));
#16746 = SURFACE_STYLE_FILL_AREA(#16747);
#16747 = FILL_AREA_STYLE('',(#16748));
#16748 = FILL_AREA_STYLE_COLOUR('',#15936);
#16749 = STYLED_ITEM('color',(#16750),#11447);
#16750 = PRESENTATION_STYLE_ASSIGNMENT((#16751));
#16751 = SURFACE_STYLE_USAGE(.BOTH.,#16752);
#16752 = SURFACE_SIDE_STYLE('',(#16753));
#16753 = SURFACE_STYLE_FILL_AREA(#16754);
#16754 = FILL_AREA_STYLE('',(#16755));
#16755 = FILL_AREA_STYLE_COLOUR('',#15936);
#16756 = STYLED_ITEM('color',(#16757),#11464);
#16757 = PRESENTATION_STYLE_ASSIGNMENT((#16758));
#16758 = SURFACE_STYLE_USAGE(.BOTH.,#16759);
#16759 = SURFACE_SIDE_STYLE('',(#16760));
#16760 = SURFACE_STYLE_FILL_AREA(#16761);
#16761 = FILL_AREA_STYLE('',(#16762));
#16762 = FILL_AREA_STYLE_COLOUR('',#15936);
#16763 = STYLED_ITEM('color',(#16764),#11495);
#16764 = PRESENTATION_STYLE_ASSIGNMENT((#16765));
#16765 = SURFACE_STYLE_USAGE(.BOTH.,#16766);
#16766 = SURFACE_SIDE_STYLE('',(#16767));
#16767 = SURFACE_STYLE_FILL_AREA(#16768);
#16768 = FILL_AREA_STYLE('',(#16769));
#16769 = FILL_AREA_STYLE_COLOUR('',#15936);
#16770 = STYLED_ITEM('color',(#16771),#11519);
#16771 = PRESENTATION_STYLE_ASSIGNMENT((#16772));
#16772 = SURFACE_STYLE_USAGE(.BOTH.,#16773);
#16773 = SURFACE_SIDE_STYLE('',(#16774));
#16774 = SURFACE_STYLE_FILL_AREA(#16775);
#16775 = FILL_AREA_STYLE('',(#16776));
#16776 = FILL_AREA_STYLE_COLOUR('',#15936);
#16777 = STYLED_ITEM('color',(#16778),#11543);
#16778 = PRESENTATION_STYLE_ASSIGNMENT((#16779));
#16779 = SURFACE_STYLE_USAGE(.BOTH.,#16780);
#16780 = SURFACE_SIDE_STYLE('',(#16781));
#16781 = SURFACE_STYLE_FILL_AREA(#16782);
#16782 = FILL_AREA_STYLE('',(#16783));
#16783 = FILL_AREA_STYLE_COLOUR('',#15936);
#16784 = STYLED_ITEM('color',(#16785),#11560);
#16785 = PRESENTATION_STYLE_ASSIGNMENT((#16786));
#16786 = SURFACE_STYLE_USAGE(.BOTH.,#16787);
#16787 = SURFACE_SIDE_STYLE('',(#16788));
#16788 = SURFACE_STYLE_FILL_AREA(#16789);
#16789 = FILL_AREA_STYLE('',(#16790));
#16790 = FILL_AREA_STYLE_COLOUR('',#15936);
#16791 = STYLED_ITEM('color',(#16792),#11591);
#16792 = PRESENTATION_STYLE_ASSIGNMENT((#16793));
#16793 = SURFACE_STYLE_USAGE(.BOTH.,#16794);
#16794 = SURFACE_SIDE_STYLE('',(#16795));
#16795 = SURFACE_STYLE_FILL_AREA(#16796);
#16796 = FILL_AREA_STYLE('',(#16797));
#16797 = FILL_AREA_STYLE_COLOUR('',#15936);
#16798 = STYLED_ITEM('color',(#16799),#11615);
#16799 = PRESENTATION_STYLE_ASSIGNMENT((#16800));
#16800 = SURFACE_STYLE_USAGE(.BOTH.,#16801);
#16801 = SURFACE_SIDE_STYLE('',(#16802));
#16802 = SURFACE_STYLE_FILL_AREA(#16803);
#16803 = FILL_AREA_STYLE('',(#16804));
#16804 = FILL_AREA_STYLE_COLOUR('',#15936);
#16805 = STYLED_ITEM('color',(#16806),#11639);
#16806 = PRESENTATION_STYLE_ASSIGNMENT((#16807));
#16807 = SURFACE_STYLE_USAGE(.BOTH.,#16808);
#16808 = SURFACE_SIDE_STYLE('',(#16809));
#16809 = SURFACE_STYLE_FILL_AREA(#16810);
#16810 = FILL_AREA_STYLE('',(#16811));
#16811 = FILL_AREA_STYLE_COLOUR('',#15936);
#16812 = STYLED_ITEM('color',(#16813),#11656);
#16813 = PRESENTATION_STYLE_ASSIGNMENT((#16814));
#16814 = SURFACE_STYLE_USAGE(.BOTH.,#16815);
#16815 = SURFACE_SIDE_STYLE('',(#16816));
#16816 = SURFACE_STYLE_FILL_AREA(#16817);
#16817 = FILL_AREA_STYLE('',(#16818));
#16818 = FILL_AREA_STYLE_COLOUR('',#15936);
#16819 = STYLED_ITEM('color',(#16820),#11687);
#16820 = PRESENTATION_STYLE_ASSIGNMENT((#16821));
#16821 = SURFACE_STYLE_USAGE(.BOTH.,#16822);
#16822 = SURFACE_SIDE_STYLE('',(#16823));
#16823 = SURFACE_STYLE_FILL_AREA(#16824);
#16824 = FILL_AREA_STYLE('',(#16825));
#16825 = FILL_AREA_STYLE_COLOUR('',#15936);
#16826 = STYLED_ITEM('color',(#16827),#11711);
#16827 = PRESENTATION_STYLE_ASSIGNMENT((#16828));
#16828 = SURFACE_STYLE_USAGE(.BOTH.,#16829);
#16829 = SURFACE_SIDE_STYLE('',(#16830));
#16830 = SURFACE_STYLE_FILL_AREA(#16831);
#16831 = FILL_AREA_STYLE('',(#16832));
#16832 = FILL_AREA_STYLE_COLOUR('',#15936);
#16833 = STYLED_ITEM('color',(#16834),#11735);
#16834 = PRESENTATION_STYLE_ASSIGNMENT((#16835));
#16835 = SURFACE_STYLE_USAGE(.BOTH.,#16836);
#16836 = SURFACE_SIDE_STYLE('',(#16837));
#16837 = SURFACE_STYLE_FILL_AREA(#16838);
#16838 = FILL_AREA_STYLE('',(#16839));
#16839 = FILL_AREA_STYLE_COLOUR('',#15936);
#16840 = STYLED_ITEM('color',(#16841),#11752);
#16841 = PRESENTATION_STYLE_ASSIGNMENT((#16842));
#16842 = SURFACE_STYLE_USAGE(.BOTH.,#16843);
#16843 = SURFACE_SIDE_STYLE('',(#16844));
#16844 = SURFACE_STYLE_FILL_AREA(#16845);
#16845 = FILL_AREA_STYLE('',(#16846));
#16846 = FILL_AREA_STYLE_COLOUR('',#15936);
#16847 = STYLED_ITEM('color',(#16848),#11769);
#16848 = PRESENTATION_STYLE_ASSIGNMENT((#16849));
#16849 = SURFACE_STYLE_USAGE(.BOTH.,#16850);
#16850 = SURFACE_SIDE_STYLE('',(#16851));
#16851 = SURFACE_STYLE_FILL_AREA(#16852);
#16852 = FILL_AREA_STYLE('',(#16853));
#16853 = FILL_AREA_STYLE_COLOUR('',#15936);
#16854 = STYLED_ITEM('color',(#16855),#11786);
#16855 = PRESENTATION_STYLE_ASSIGNMENT((#16856));
#16856 = SURFACE_STYLE_USAGE(.BOTH.,#16857);
#16857 = SURFACE_SIDE_STYLE('',(#16858));
#16858 = SURFACE_STYLE_FILL_AREA(#16859);
#16859 = FILL_AREA_STYLE('',(#16860));
#16860 = FILL_AREA_STYLE_COLOUR('',#15936);
#16861 = STYLED_ITEM('color',(#16862),#11798);
#16862 = PRESENTATION_STYLE_ASSIGNMENT((#16863));
#16863 = SURFACE_STYLE_USAGE(.BOTH.,#16864);
#16864 = SURFACE_SIDE_STYLE('',(#16865));
#16865 = SURFACE_STYLE_FILL_AREA(#16866);
#16866 = FILL_AREA_STYLE('',(#16867));
#16867 = FILL_AREA_STYLE_COLOUR('',#15936);
#16868 = STYLED_ITEM('color',(#16869),#11829);
#16869 = PRESENTATION_STYLE_ASSIGNMENT((#16870));
#16870 = SURFACE_STYLE_USAGE(.BOTH.,#16871);
#16871 = SURFACE_SIDE_STYLE('',(#16872));
#16872 = SURFACE_STYLE_FILL_AREA(#16873);
#16873 = FILL_AREA_STYLE('',(#16874));
#16874 = FILL_AREA_STYLE_COLOUR('',#15936);
#16875 = STYLED_ITEM('color',(#16876),#11853);
#16876 = PRESENTATION_STYLE_ASSIGNMENT((#16877));
#16877 = SURFACE_STYLE_USAGE(.BOTH.,#16878);
#16878 = SURFACE_SIDE_STYLE('',(#16879));
#16879 = SURFACE_STYLE_FILL_AREA(#16880);
#16880 = FILL_AREA_STYLE('',(#16881));
#16881 = FILL_AREA_STYLE_COLOUR('',#15936);
#16882 = STYLED_ITEM('color',(#16883),#11877);
#16883 = PRESENTATION_STYLE_ASSIGNMENT((#16884));
#16884 = SURFACE_STYLE_USAGE(.BOTH.,#16885);
#16885 = SURFACE_SIDE_STYLE('',(#16886));
#16886 = SURFACE_STYLE_FILL_AREA(#16887);
#16887 = FILL_AREA_STYLE('',(#16888));
#16888 = FILL_AREA_STYLE_COLOUR('',#15936);
#16889 = STYLED_ITEM('color',(#16890),#11894);
#16890 = PRESENTATION_STYLE_ASSIGNMENT((#16891));
#16891 = SURFACE_STYLE_USAGE(.BOTH.,#16892);
#16892 = SURFACE_SIDE_STYLE('',(#16893));
#16893 = SURFACE_STYLE_FILL_AREA(#16894);
#16894 = FILL_AREA_STYLE('',(#16895));
#16895 = FILL_AREA_STYLE_COLOUR('',#15936);
#16896 = STYLED_ITEM('color',(#16897),#11925);
#16897 = PRESENTATION_STYLE_ASSIGNMENT((#16898));
#16898 = SURFACE_STYLE_USAGE(.BOTH.,#16899);
#16899 = SURFACE_SIDE_STYLE('',(#16900));
#16900 = SURFACE_STYLE_FILL_AREA(#16901);
#16901 = FILL_AREA_STYLE('',(#16902));
#16902 = FILL_AREA_STYLE_COLOUR('',#15936);
#16903 = STYLED_ITEM('color',(#16904),#11949);
#16904 = PRESENTATION_STYLE_ASSIGNMENT((#16905));
#16905 = SURFACE_STYLE_USAGE(.BOTH.,#16906);
#16906 = SURFACE_SIDE_STYLE('',(#16907));
#16907 = SURFACE_STYLE_FILL_AREA(#16908);
#16908 = FILL_AREA_STYLE('',(#16909));
#16909 = FILL_AREA_STYLE_COLOUR('',#15936);
#16910 = STYLED_ITEM('color',(#16911),#11973);
#16911 = PRESENTATION_STYLE_ASSIGNMENT((#16912));
#16912 = SURFACE_STYLE_USAGE(.BOTH.,#16913);
#16913 = SURFACE_SIDE_STYLE('',(#16914));
#16914 = SURFACE_STYLE_FILL_AREA(#16915);
#16915 = FILL_AREA_STYLE('',(#16916));
#16916 = FILL_AREA_STYLE_COLOUR('',#15936);
#16917 = STYLED_ITEM('color',(#16918),#11990);
#16918 = PRESENTATION_STYLE_ASSIGNMENT((#16919));
#16919 = SURFACE_STYLE_USAGE(.BOTH.,#16920);
#16920 = SURFACE_SIDE_STYLE('',(#16921));
#16921 = SURFACE_STYLE_FILL_AREA(#16922);
#16922 = FILL_AREA_STYLE('',(#16923));
#16923 = FILL_AREA_STYLE_COLOUR('',#15936);
#16924 = STYLED_ITEM('color',(#16925),#12021);
#16925 = PRESENTATION_STYLE_ASSIGNMENT((#16926));
#16926 = SURFACE_STYLE_USAGE(.BOTH.,#16927);
#16927 = SURFACE_SIDE_STYLE('',(#16928));
#16928 = SURFACE_STYLE_FILL_AREA(#16929);
#16929 = FILL_AREA_STYLE('',(#16930));
#16930 = FILL_AREA_STYLE_COLOUR('',#15936);
#16931 = STYLED_ITEM('color',(#16932),#12045);
#16932 = PRESENTATION_STYLE_ASSIGNMENT((#16933));
#16933 = SURFACE_STYLE_USAGE(.BOTH.,#16934);
#16934 = SURFACE_SIDE_STYLE('',(#16935));
#16935 = SURFACE_STYLE_FILL_AREA(#16936);
#16936 = FILL_AREA_STYLE('',(#16937));
#16937 = FILL_AREA_STYLE_COLOUR('',#15936);
#16938 = STYLED_ITEM('color',(#16939),#12069);
#16939 = PRESENTATION_STYLE_ASSIGNMENT((#16940));
#16940 = SURFACE_STYLE_USAGE(.BOTH.,#16941);
#16941 = SURFACE_SIDE_STYLE('',(#16942));
#16942 = SURFACE_STYLE_FILL_AREA(#16943);
#16943 = FILL_AREA_STYLE('',(#16944));
#16944 = FILL_AREA_STYLE_COLOUR('',#15936);
#16945 = STYLED_ITEM('color',(#16946),#12086);
#16946 = PRESENTATION_STYLE_ASSIGNMENT((#16947));
#16947 = SURFACE_STYLE_USAGE(.BOTH.,#16948);
#16948 = SURFACE_SIDE_STYLE('',(#16949));
#16949 = SURFACE_STYLE_FILL_AREA(#16950);
#16950 = FILL_AREA_STYLE('',(#16951));
#16951 = FILL_AREA_STYLE_COLOUR('',#15936);
#16952 = STYLED_ITEM('color',(#16953),#12117);
#16953 = PRESENTATION_STYLE_ASSIGNMENT((#16954));
#16954 = SURFACE_STYLE_USAGE(.BOTH.,#16955);
#16955 = SURFACE_SIDE_STYLE('',(#16956));
#16956 = SURFACE_STYLE_FILL_AREA(#16957);
#16957 = FILL_AREA_STYLE('',(#16958));
#16958 = FILL_AREA_STYLE_COLOUR('',#15936);
#16959 = STYLED_ITEM('color',(#16960),#12141);
#16960 = PRESENTATION_STYLE_ASSIGNMENT((#16961));
#16961 = SURFACE_STYLE_USAGE(.BOTH.,#16962);
#16962 = SURFACE_SIDE_STYLE('',(#16963));
#16963 = SURFACE_STYLE_FILL_AREA(#16964);
#16964 = FILL_AREA_STYLE('',(#16965));
#16965 = FILL_AREA_STYLE_COLOUR('',#15936);
#16966 = STYLED_ITEM('color',(#16967),#12165);
#16967 = PRESENTATION_STYLE_ASSIGNMENT((#16968));
#16968 = SURFACE_STYLE_USAGE(.BOTH.,#16969);
#16969 = SURFACE_SIDE_STYLE('',(#16970));
#16970 = SURFACE_STYLE_FILL_AREA(#16971);
#16971 = FILL_AREA_STYLE('',(#16972));
#16972 = FILL_AREA_STYLE_COLOUR('',#15936);
#16973 = STYLED_ITEM('color',(#16974),#12182);
#16974 = PRESENTATION_STYLE_ASSIGNMENT((#16975));
#16975 = SURFACE_STYLE_USAGE(.BOTH.,#16976);
#16976 = SURFACE_SIDE_STYLE('',(#16977));
#16977 = SURFACE_STYLE_FILL_AREA(#16978);
#16978 = FILL_AREA_STYLE('',(#16979));
#16979 = FILL_AREA_STYLE_COLOUR('',#15936);
#16980 = STYLED_ITEM('color',(#16981),#12213);
#16981 = PRESENTATION_STYLE_ASSIGNMENT((#16982));
#16982 = SURFACE_STYLE_USAGE(.BOTH.,#16983);
#16983 = SURFACE_SIDE_STYLE('',(#16984));
#16984 = SURFACE_STYLE_FILL_AREA(#16985);
#16985 = FILL_AREA_STYLE('',(#16986));
#16986 = FILL_AREA_STYLE_COLOUR('',#15936);
#16987 = STYLED_ITEM('color',(#16988),#12237);
#16988 = PRESENTATION_STYLE_ASSIGNMENT((#16989));
#16989 = SURFACE_STYLE_USAGE(.BOTH.,#16990);
#16990 = SURFACE_SIDE_STYLE('',(#16991));
#16991 = SURFACE_STYLE_FILL_AREA(#16992);
#16992 = FILL_AREA_STYLE('',(#16993));
#16993 = FILL_AREA_STYLE_COLOUR('',#15936);
#16994 = STYLED_ITEM('color',(#16995),#12261);
#16995 = PRESENTATION_STYLE_ASSIGNMENT((#16996));
#16996 = SURFACE_STYLE_USAGE(.BOTH.,#16997);
#16997 = SURFACE_SIDE_STYLE('',(#16998));
#16998 = SURFACE_STYLE_FILL_AREA(#16999);
#16999 = FILL_AREA_STYLE('',(#17000));
#17000 = FILL_AREA_STYLE_COLOUR('',#15936);
#17001 = STYLED_ITEM('color',(#17002),#12278);
#17002 = PRESENTATION_STYLE_ASSIGNMENT((#17003));
#17003 = SURFACE_STYLE_USAGE(.BOTH.,#17004);
#17004 = SURFACE_SIDE_STYLE('',(#17005));
#17005 = SURFACE_STYLE_FILL_AREA(#17006);
#17006 = FILL_AREA_STYLE('',(#17007));
#17007 = FILL_AREA_STYLE_COLOUR('',#15936);
#17008 = STYLED_ITEM('color',(#17009),#12309);
#17009 = PRESENTATION_STYLE_ASSIGNMENT((#17010));
#17010 = SURFACE_STYLE_USAGE(.BOTH.,#17011);
#17011 = SURFACE_SIDE_STYLE('',(#17012));
#17012 = SURFACE_STYLE_FILL_AREA(#17013);
#17013 = FILL_AREA_STYLE('',(#17014));
#17014 = FILL_AREA_STYLE_COLOUR('',#15936);
#17015 = STYLED_ITEM('color',(#17016),#12333);
#17016 = PRESENTATION_STYLE_ASSIGNMENT((#17017));
#17017 = SURFACE_STYLE_USAGE(.BOTH.,#17018);
#17018 = SURFACE_SIDE_STYLE('',(#17019));
#17019 = SURFACE_STYLE_FILL_AREA(#17020);
#17020 = FILL_AREA_STYLE('',(#17021));
#17021 = FILL_AREA_STYLE_COLOUR('',#15936);
#17022 = STYLED_ITEM('color',(#17023),#12357);
#17023 = PRESENTATION_STYLE_ASSIGNMENT((#17024));
#17024 = SURFACE_STYLE_USAGE(.BOTH.,#17025);
#17025 = SURFACE_SIDE_STYLE('',(#17026));
#17026 = SURFACE_STYLE_FILL_AREA(#17027);
#17027 = FILL_AREA_STYLE('',(#17028));
#17028 = FILL_AREA_STYLE_COLOUR('',#15936);
#17029 = STYLED_ITEM('color',(#17030),#12374);
#17030 = PRESENTATION_STYLE_ASSIGNMENT((#17031));
#17031 = SURFACE_STYLE_USAGE(.BOTH.,#17032);
#17032 = SURFACE_SIDE_STYLE('',(#17033));
#17033 = SURFACE_STYLE_FILL_AREA(#17034);
#17034 = FILL_AREA_STYLE('',(#17035));
#17035 = FILL_AREA_STYLE_COLOUR('',#15936);
#17036 = STYLED_ITEM('color',(#17037),#12405);
#17037 = PRESENTATION_STYLE_ASSIGNMENT((#17038));
#17038 = SURFACE_STYLE_USAGE(.BOTH.,#17039);
#17039 = SURFACE_SIDE_STYLE('',(#17040));
#17040 = SURFACE_STYLE_FILL_AREA(#17041);
#17041 = FILL_AREA_STYLE('',(#17042));
#17042 = FILL_AREA_STYLE_COLOUR('',#15936);
#17043 = STYLED_ITEM('color',(#17044),#12429);
#17044 = PRESENTATION_STYLE_ASSIGNMENT((#17045));
#17045 = SURFACE_STYLE_USAGE(.BOTH.,#17046);
#17046 = SURFACE_SIDE_STYLE('',(#17047));
#17047 = SURFACE_STYLE_FILL_AREA(#17048);
#17048 = FILL_AREA_STYLE('',(#17049));
#17049 = FILL_AREA_STYLE_COLOUR('',#15936);
#17050 = STYLED_ITEM('color',(#17051),#12453);
#17051 = PRESENTATION_STYLE_ASSIGNMENT((#17052));
#17052 = SURFACE_STYLE_USAGE(.BOTH.,#17053);
#17053 = SURFACE_SIDE_STYLE('',(#17054));
#17054 = SURFACE_STYLE_FILL_AREA(#17055);
#17055 = FILL_AREA_STYLE('',(#17056));
#17056 = FILL_AREA_STYLE_COLOUR('',#15936);
#17057 = STYLED_ITEM('color',(#17058),#12470);
#17058 = PRESENTATION_STYLE_ASSIGNMENT((#17059));
#17059 = SURFACE_STYLE_USAGE(.BOTH.,#17060);
#17060 = SURFACE_SIDE_STYLE('',(#17061));
#17061 = SURFACE_STYLE_FILL_AREA(#17062);
#17062 = FILL_AREA_STYLE('',(#17063));
#17063 = FILL_AREA_STYLE_COLOUR('',#15936);
#17064 = STYLED_ITEM('color',(#17065),#12501);
#17065 = PRESENTATION_STYLE_ASSIGNMENT((#17066));
#17066 = SURFACE_STYLE_USAGE(.BOTH.,#17067);
#17067 = SURFACE_SIDE_STYLE('',(#17068));
#17068 = SURFACE_STYLE_FILL_AREA(#17069);
#17069 = FILL_AREA_STYLE('',(#17070));
#17070 = FILL_AREA_STYLE_COLOUR('',#15936);
#17071 = STYLED_ITEM('color',(#17072),#12525);
#17072 = PRESENTATION_STYLE_ASSIGNMENT((#17073));
#17073 = SURFACE_STYLE_USAGE(.BOTH.,#17074);
#17074 = SURFACE_SIDE_STYLE('',(#17075));
#17075 = SURFACE_STYLE_FILL_AREA(#17076);
#17076 = FILL_AREA_STYLE('',(#17077));
#17077 = FILL_AREA_STYLE_COLOUR('',#15936);
#17078 = STYLED_ITEM('color',(#17079),#12549);
#17079 = PRESENTATION_STYLE_ASSIGNMENT((#17080));
#17080 = SURFACE_STYLE_USAGE(.BOTH.,#17081);
#17081 = SURFACE_SIDE_STYLE('',(#17082));
#17082 = SURFACE_STYLE_FILL_AREA(#17083);
#17083 = FILL_AREA_STYLE('',(#17084));
#17084 = FILL_AREA_STYLE_COLOUR('',#15936);
#17085 = STYLED_ITEM('color',(#17086),#12566);
#17086 = PRESENTATION_STYLE_ASSIGNMENT((#17087));
#17087 = SURFACE_STYLE_USAGE(.BOTH.,#17088);
#17088 = SURFACE_SIDE_STYLE('',(#17089));
#17089 = SURFACE_STYLE_FILL_AREA(#17090);
#17090 = FILL_AREA_STYLE('',(#17091));
#17091 = FILL_AREA_STYLE_COLOUR('',#15936);
#17092 = STYLED_ITEM('color',(#17093),#12583);
#17093 = PRESENTATION_STYLE_ASSIGNMENT((#17094));
#17094 = SURFACE_STYLE_USAGE(.BOTH.,#17095);
#17095 = SURFACE_SIDE_STYLE('',(#17096));
#17096 = SURFACE_STYLE_FILL_AREA(#17097);
#17097 = FILL_AREA_STYLE('',(#17098));
#17098 = FILL_AREA_STYLE_COLOUR('',#15936);
#17099 = STYLED_ITEM('color',(#17100),#12600);
#17100 = PRESENTATION_STYLE_ASSIGNMENT((#17101));
#17101 = SURFACE_STYLE_USAGE(.BOTH.,#17102);
#17102 = SURFACE_SIDE_STYLE('',(#17103));
#17103 = SURFACE_STYLE_FILL_AREA(#17104);
#17104 = FILL_AREA_STYLE('',(#17105));
#17105 = FILL_AREA_STYLE_COLOUR('',#15936);
#17106 = STYLED_ITEM('color',(#17107),#12612);
#17107 = PRESENTATION_STYLE_ASSIGNMENT((#17108));
#17108 = SURFACE_STYLE_USAGE(.BOTH.,#17109);
#17109 = SURFACE_SIDE_STYLE('',(#17110));
#17110 = SURFACE_STYLE_FILL_AREA(#17111);
#17111 = FILL_AREA_STYLE('',(#17112));
#17112 = FILL_AREA_STYLE_COLOUR('',#15936);
#17113 = STYLED_ITEM('color',(#17114),#12624);
#17114 = PRESENTATION_STYLE_ASSIGNMENT((#17115));
#17115 = SURFACE_STYLE_USAGE(.BOTH.,#17116);
#17116 = SURFACE_SIDE_STYLE('',(#17117));
#17117 = SURFACE_STYLE_FILL_AREA(#17118);
#17118 = FILL_AREA_STYLE('',(#17119));
#17119 = FILL_AREA_STYLE_COLOUR('',#15936);
#17120 = STYLED_ITEM('color',(#17121),#12636);
#17121 = PRESENTATION_STYLE_ASSIGNMENT((#17122));
#17122 = SURFACE_STYLE_USAGE(.BOTH.,#17123);
#17123 = SURFACE_SIDE_STYLE('',(#17124));
#17124 = SURFACE_STYLE_FILL_AREA(#17125);
#17125 = FILL_AREA_STYLE('',(#17126));
#17126 = FILL_AREA_STYLE_COLOUR('',#15936);
#17127 = STYLED_ITEM('color',(#17128),#12648);
#17128 = PRESENTATION_STYLE_ASSIGNMENT((#17129));
#17129 = SURFACE_STYLE_USAGE(.BOTH.,#17130);
#17130 = SURFACE_SIDE_STYLE('',(#17131));
#17131 = SURFACE_STYLE_FILL_AREA(#17132);
#17132 = FILL_AREA_STYLE('',(#17133));
#17133 = FILL_AREA_STYLE_COLOUR('',#15936);
#17134 = STYLED_ITEM('color',(#17135),#12660);
#17135 = PRESENTATION_STYLE_ASSIGNMENT((#17136));
#17136 = SURFACE_STYLE_USAGE(.BOTH.,#17137);
#17137 = SURFACE_SIDE_STYLE('',(#17138));
#17138 = SURFACE_STYLE_FILL_AREA(#17139);
#17139 = FILL_AREA_STYLE('',(#17140));
#17140 = FILL_AREA_STYLE_COLOUR('',#15936);
#17141 = STYLED_ITEM('color',(#17142),#12672);
#17142 = PRESENTATION_STYLE_ASSIGNMENT((#17143));
#17143 = SURFACE_STYLE_USAGE(.BOTH.,#17144);
#17144 = SURFACE_SIDE_STYLE('',(#17145));
#17145 = SURFACE_STYLE_FILL_AREA(#17146);
#17146 = FILL_AREA_STYLE('',(#17147));
#17147 = FILL_AREA_STYLE_COLOUR('',#15936);
#17148 = STYLED_ITEM('color',(#17149),#12684);
#17149 = PRESENTATION_STYLE_ASSIGNMENT((#17150));
#17150 = SURFACE_STYLE_USAGE(.BOTH.,#17151);
#17151 = SURFACE_SIDE_STYLE('',(#17152));
#17152 = SURFACE_STYLE_FILL_AREA(#17153);
#17153 = FILL_AREA_STYLE('',(#17154));
#17154 = FILL_AREA_STYLE_COLOUR('',#15936);
#17155 = STYLED_ITEM('color',(#17156),#12696);
#17156 = PRESENTATION_STYLE_ASSIGNMENT((#17157));
#17157 = SURFACE_STYLE_USAGE(.BOTH.,#17158);
#17158 = SURFACE_SIDE_STYLE('',(#17159));
#17159 = SURFACE_STYLE_FILL_AREA(#17160);
#17160 = FILL_AREA_STYLE('',(#17161));
#17161 = FILL_AREA_STYLE_COLOUR('',#15936);
#17162 = STYLED_ITEM('color',(#17163),#12708);
#17163 = PRESENTATION_STYLE_ASSIGNMENT((#17164));
#17164 = SURFACE_STYLE_USAGE(.BOTH.,#17165);
#17165 = SURFACE_SIDE_STYLE('',(#17166));
#17166 = SURFACE_STYLE_FILL_AREA(#17167);
#17167 = FILL_AREA_STYLE('',(#17168));
#17168 = FILL_AREA_STYLE_COLOUR('',#15936);
#17169 = STYLED_ITEM('color',(#17170),#12720);
#17170 = PRESENTATION_STYLE_ASSIGNMENT((#17171));
#17171 = SURFACE_STYLE_USAGE(.BOTH.,#17172);
#17172 = SURFACE_SIDE_STYLE('',(#17173));
#17173 = SURFACE_STYLE_FILL_AREA(#17174);
#17174 = FILL_AREA_STYLE('',(#17175));
#17175 = FILL_AREA_STYLE_COLOUR('',#15936);
#17176 = STYLED_ITEM('color',(#17177),#12732);
#17177 = PRESENTATION_STYLE_ASSIGNMENT((#17178));
#17178 = SURFACE_STYLE_USAGE(.BOTH.,#17179);
#17179 = SURFACE_SIDE_STYLE('',(#17180));
#17180 = SURFACE_STYLE_FILL_AREA(#17181);
#17181 = FILL_AREA_STYLE('',(#17182));
#17182 = FILL_AREA_STYLE_COLOUR('',#15936);
#17183 = STYLED_ITEM('color',(#17184),#12744);
#17184 = PRESENTATION_STYLE_ASSIGNMENT((#17185));
#17185 = SURFACE_STYLE_USAGE(.BOTH.,#17186);
#17186 = SURFACE_SIDE_STYLE('',(#17187));
#17187 = SURFACE_STYLE_FILL_AREA(#17188);
#17188 = FILL_AREA_STYLE('',(#17189));
#17189 = FILL_AREA_STYLE_COLOUR('',#15936);
#17190 = STYLED_ITEM('color',(#17191),#12756);
#17191 = PRESENTATION_STYLE_ASSIGNMENT((#17192));
#17192 = SURFACE_STYLE_USAGE(.BOTH.,#17193);
#17193 = SURFACE_SIDE_STYLE('',(#17194));
#17194 = SURFACE_STYLE_FILL_AREA(#17195);
#17195 = FILL_AREA_STYLE('',(#17196));
#17196 = FILL_AREA_STYLE_COLOUR('',#15936);
#17197 = STYLED_ITEM('color',(#17198),#12768);
#17198 = PRESENTATION_STYLE_ASSIGNMENT((#17199));
#17199 = SURFACE_STYLE_USAGE(.BOTH.,#17200);
#17200 = SURFACE_SIDE_STYLE('',(#17201));
#17201 = SURFACE_STYLE_FILL_AREA(#17202);
#17202 = FILL_AREA_STYLE('',(#17203));
#17203 = FILL_AREA_STYLE_COLOUR('',#15936);
#17204 = MECHANICAL_DESIGN_GEOMETRIC_PRESENTATION_REPRESENTATION('',(
    #17205),#13806);
#17205 = STYLED_ITEM('color',(#17206),#13314);
#17206 = PRESENTATION_STYLE_ASSIGNMENT((#17207));
#17207 = SURFACE_STYLE_USAGE(.BOTH.,#17208);
#17208 = SURFACE_SIDE_STYLE('',(#17209,#17213));
#17209 = SURFACE_STYLE_FILL_AREA(#17210);
#17210 = FILL_AREA_STYLE('',(#17211));
#17211 = FILL_AREA_STYLE_COLOUR('',#17212);
#17212 = COLOUR_RGB('',0.313304153717,0.484529207832,0.410020903123);
#17213 = SURFACE_STYLE_RENDERING_WITH_PROPERTIES(.NORMAL_SHADING.,#17212
  ,(#17214));
#17214 = SURFACE_STYLE_TRANSPARENT(0.170000016689);
#17215 = MECHANICAL_DESIGN_GEOMETRIC_PRESENTATION_REPRESENTATION('',(
    #17216,#17226,#17235,#17244,#17253,#17262,#17271,#17280,#17289,
    #17299,#17308,#17317,#17326,#17335,#17344,#17353,#17362,#17371,
    #17380,#17389,#17398,#17407,#17416,#17425,#17434,#17443,#17452,
    #17461,#17470,#17479,#17488,#17497,#17506,#17515,#17524,#17533,
    #17542,#17551,#17560,#17569,#17578,#17587,#17596,#17605,#17614,
    #17623,#17632,#17641,#17650,#17659,#17668,#17677,#17686,#17695,
    #17704,#17713,#17722,#17731,#17740,#17749,#17758,#17767,#17776,
    #17785,#17794,#17803,#17812,#17821,#17830,#17839,#17848,#17857,
    #17866,#17875,#17884,#17893,#17902,#17911,#17920,#17929,#17938,
    #17947,#17956,#17965,#17974,#17983,#17992,#18001,#18010,#18019,
    #18028,#18037,#18046,#18055,#18064,#18073,#18082,#18091,#18100,
    #18109,#18118,#18127,#18136,#18145,#18154,#18163,#18172,#18181,
    #18190,#18199,#18208,#18217,#18226,#18235,#18244,#18253,#18262,
    #18271,#18280,#18289,#18298,#18307,#18316,#18325,#18334,#18343,
    #18352,#18361,#18370,#18379,#18388,#18397,#18406,#18415,#18424,
    #18433,#18442,#18451,#18460,#18469,#18478,#18487,#18496,#18505,
    #18514,#18523,#18532,#18541,#18550,#18559,#18568,#18577,#18586,
    #18595,#18604,#18613,#18622,#18631,#18640,#18649,#18658,#18667,
    #18676,#18685,#18694,#18703,#18712,#18721,#18730,#18739,#18748,
    #18757,#18766,#18775,#18784,#18793,#18802,#18811,#18820,#18829,
    #18838,#18847,#18856,#18865,#18874,#18883,#18892,#18901,#18910,
    #18919,#18928,#18937,#18946,#18955,#18964,#18973,#18982,#18991,
    #19000,#19009,#19018,#19027,#19036,#19045,#19054,#19063,#19072,
    #19081,#19090,#19099,#19108,#19117,#19126,#19135),#5010);
#17216 = STYLED_ITEM('color',(#17217),#74);
#17217 = PRESENTATION_STYLE_ASSIGNMENT((#17218,#17224));
#17218 = SURFACE_STYLE_USAGE(.BOTH.,#17219);
#17219 = SURFACE_SIDE_STYLE('',(#17220));
#17220 = SURFACE_STYLE_FILL_AREA(#17221);
#17221 = FILL_AREA_STYLE('',(#17222));
#17222 = FILL_AREA_STYLE_COLOUR('',#17223);
#17223 = COLOUR_RGB('',0.147999998088,0.145000001626,0.145000001626);
#17224 = CURVE_STYLE('',#17225,POSITIVE_LENGTH_MEASURE(0.1),#17223);
#17225 = DRAUGHTING_PRE_DEFINED_CURVE_FONT('continuous');
#17226 = STYLED_ITEM('color',(#17227),#114);
#17227 = PRESENTATION_STYLE_ASSIGNMENT((#17228,#17233));
#17228 = SURFACE_STYLE_USAGE(.BOTH.,#17229);
#17229 = SURFACE_SIDE_STYLE('',(#17230));
#17230 = SURFACE_STYLE_FILL_AREA(#17231);
#17231 = FILL_AREA_STYLE('',(#17232));
#17232 = FILL_AREA_STYLE_COLOUR('',#17223);
#17233 = CURVE_STYLE('',#17234,POSITIVE_LENGTH_MEASURE(0.1),#17223);
#17234 = DRAUGHTING_PRE_DEFINED_CURVE_FONT('continuous');
#17235 = STYLED_ITEM('color',(#17236),#177);
#17236 = PRESENTATION_STYLE_ASSIGNMENT((#17237,#17242));
#17237 = SURFACE_STYLE_USAGE(.BOTH.,#17238);
#17238 = SURFACE_SIDE_STYLE('',(#17239));
#17239 = SURFACE_STYLE_FILL_AREA(#17240);
#17240 = FILL_AREA_STYLE('',(#17241));
#17241 = FILL_AREA_STYLE_COLOUR('',#17223);
#17242 = CURVE_STYLE('',#17243,POSITIVE_LENGTH_MEASURE(0.1),#17223);
#17243 = DRAUGHTING_PRE_DEFINED_CURVE_FONT('continuous');
#17244 = STYLED_ITEM('color',(#17245),#240);
#17245 = PRESENTATION_STYLE_ASSIGNMENT((#17246,#17251));
#17246 = SURFACE_STYLE_USAGE(.BOTH.,#17247);
#17247 = SURFACE_SIDE_STYLE('',(#17248));
#17248 = SURFACE_STYLE_FILL_AREA(#17249);
#17249 = FILL_AREA_STYLE('',(#17250));
#17250 = FILL_AREA_STYLE_COLOUR('',#17223);
#17251 = CURVE_STYLE('',#17252,POSITIVE_LENGTH_MEASURE(0.1),#17223);
#17252 = DRAUGHTING_PRE_DEFINED_CURVE_FONT('continuous');
#17253 = STYLED_ITEM('color',(#17254),#257);
#17254 = PRESENTATION_STYLE_ASSIGNMENT((#17255,#17260));
#17255 = SURFACE_STYLE_USAGE(.BOTH.,#17256);
#17256 = SURFACE_SIDE_STYLE('',(#17257));
#17257 = SURFACE_STYLE_FILL_AREA(#17258);
#17258 = FILL_AREA_STYLE('',(#17259));
#17259 = FILL_AREA_STYLE_COLOUR('',#17223);
#17260 = CURVE_STYLE('',#17261,POSITIVE_LENGTH_MEASURE(0.1),#17223);
#17261 = DRAUGHTING_PRE_DEFINED_CURVE_FONT('continuous');
#17262 = STYLED_ITEM('color',(#17263),#478);
#17263 = PRESENTATION_STYLE_ASSIGNMENT((#17264,#17269));
#17264 = SURFACE_STYLE_USAGE(.BOTH.,#17265);
#17265 = SURFACE_SIDE_STYLE('',(#17266));
#17266 = SURFACE_STYLE_FILL_AREA(#17267);
#17267 = FILL_AREA_STYLE('',(#17268));
#17268 = FILL_AREA_STYLE_COLOUR('',#17223);
#17269 = CURVE_STYLE('',#17270,POSITIVE_LENGTH_MEASURE(0.1),#17223);
#17270 = DRAUGHTING_PRE_DEFINED_CURVE_FONT('continuous');
#17271 = STYLED_ITEM('color',(#17272),#500);
#17272 = PRESENTATION_STYLE_ASSIGNMENT((#17273,#17278));
#17273 = SURFACE_STYLE_USAGE(.BOTH.,#17274);
#17274 = SURFACE_SIDE_STYLE('',(#17275));
#17275 = SURFACE_STYLE_FILL_AREA(#17276);
#17276 = FILL_AREA_STYLE('',(#17277));
#17277 = FILL_AREA_STYLE_COLOUR('',#17223);
#17278 = CURVE_STYLE('',#17279,POSITIVE_LENGTH_MEASURE(0.1),#17223);
#17279 = DRAUGHTING_PRE_DEFINED_CURVE_FONT('continuous');
#17280 = STYLED_ITEM('color',(#17281),#517);
#17281 = PRESENTATION_STYLE_ASSIGNMENT((#17282,#17287));
#17282 = SURFACE_STYLE_USAGE(.BOTH.,#17283);
#17283 = SURFACE_SIDE_STYLE('',(#17284));
#17284 = SURFACE_STYLE_FILL_AREA(#17285);
#17285 = FILL_AREA_STYLE('',(#17286));
#17286 = FILL_AREA_STYLE_COLOUR('',#17223);
#17287 = CURVE_STYLE('',#17288,POSITIVE_LENGTH_MEASURE(0.1),#17223);
#17288 = DRAUGHTING_PRE_DEFINED_CURVE_FONT('continuous');
#17289 = OVER_RIDING_STYLED_ITEM('overriding color',(#17290),#550,#17280
  );
#17290 = PRESENTATION_STYLE_ASSIGNMENT((#17291,#17297));
#17291 = SURFACE_STYLE_USAGE(.BOTH.,#17292);
#17292 = SURFACE_SIDE_STYLE('',(#17293));
#17293 = SURFACE_STYLE_FILL_AREA(#17294);
#17294 = FILL_AREA_STYLE('',(#17295));
#17295 = FILL_AREA_STYLE_COLOUR('',#17296);
#17296 = COLOUR_RGB('',0.858999988747,0.738000004258,0.496000005009);
#17297 = CURVE_STYLE('',#17298,POSITIVE_LENGTH_MEASURE(0.1),#17296);
#17298 = DRAUGHTING_PRE_DEFINED_CURVE_FONT('continuous');
#17299 = OVER_RIDING_STYLED_ITEM('overriding color',(#17300),#582,#17280
  );
#17300 = PRESENTATION_STYLE_ASSIGNMENT((#17301,#17306));
#17301 = SURFACE_STYLE_USAGE(.BOTH.,#17302);
#17302 = SURFACE_SIDE_STYLE('',(#17303));
#17303 = SURFACE_STYLE_FILL_AREA(#17304);
#17304 = FILL_AREA_STYLE('',(#17305));
#17305 = FILL_AREA_STYLE_COLOUR('',#17296);
#17306 = CURVE_STYLE('',#17307,POSITIVE_LENGTH_MEASURE(0.1),#17296);
#17307 = DRAUGHTING_PRE_DEFINED_CURVE_FONT('continuous');
#17308 = OVER_RIDING_STYLED_ITEM('overriding color',(#17309),#616,#17280
  );
#17309 = PRESENTATION_STYLE_ASSIGNMENT((#17310,#17315));
#17310 = SURFACE_STYLE_USAGE(.BOTH.,#17311);
#17311 = SURFACE_SIDE_STYLE('',(#17312));
#17312 = SURFACE_STYLE_FILL_AREA(#17313);
#17313 = FILL_AREA_STYLE('',(#17314));
#17314 = FILL_AREA_STYLE_COLOUR('',#17296);
#17315 = CURVE_STYLE('',#17316,POSITIVE_LENGTH_MEASURE(0.1),#17296);
#17316 = DRAUGHTING_PRE_DEFINED_CURVE_FONT('continuous');
#17317 = OVER_RIDING_STYLED_ITEM('overriding color',(#17318),#648,#17280
  );
#17318 = PRESENTATION_STYLE_ASSIGNMENT((#17319,#17324));
#17319 = SURFACE_STYLE_USAGE(.BOTH.,#17320);
#17320 = SURFACE_SIDE_STYLE('',(#17321));
#17321 = SURFACE_STYLE_FILL_AREA(#17322);
#17322 = FILL_AREA_STYLE('',(#17323));
#17323 = FILL_AREA_STYLE_COLOUR('',#17296);
#17324 = CURVE_STYLE('',#17325,POSITIVE_LENGTH_MEASURE(0.1),#17296);
#17325 = DRAUGHTING_PRE_DEFINED_CURVE_FONT('continuous');
#17326 = OVER_RIDING_STYLED_ITEM('overriding color',(#17327),#682,#17280
  );
#17327 = PRESENTATION_STYLE_ASSIGNMENT((#17328,#17333));
#17328 = SURFACE_STYLE_USAGE(.BOTH.,#17329);
#17329 = SURFACE_SIDE_STYLE('',(#17330));
#17330 = SURFACE_STYLE_FILL_AREA(#17331);
#17331 = FILL_AREA_STYLE('',(#17332));
#17332 = FILL_AREA_STYLE_COLOUR('',#17296);
#17333 = CURVE_STYLE('',#17334,POSITIVE_LENGTH_MEASURE(0.1),#17296);
#17334 = DRAUGHTING_PRE_DEFINED_CURVE_FONT('continuous');
#17335 = OVER_RIDING_STYLED_ITEM('overriding color',(#17336),#714,#17280
  );
#17336 = PRESENTATION_STYLE_ASSIGNMENT((#17337,#17342));
#17337 = SURFACE_STYLE_USAGE(.BOTH.,#17338);
#17338 = SURFACE_SIDE_STYLE('',(#17339));
#17339 = SURFACE_STYLE_FILL_AREA(#17340);
#17340 = FILL_AREA_STYLE('',(#17341));
#17341 = FILL_AREA_STYLE_COLOUR('',#17296);
#17342 = CURVE_STYLE('',#17343,POSITIVE_LENGTH_MEASURE(0.1),#17296);
#17343 = DRAUGHTING_PRE_DEFINED_CURVE_FONT('continuous');
#17344 = OVER_RIDING_STYLED_ITEM('overriding color',(#17345),#748,#17280
  );
#17345 = PRESENTATION_STYLE_ASSIGNMENT((#17346,#17351));
#17346 = SURFACE_STYLE_USAGE(.BOTH.,#17347);
#17347 = SURFACE_SIDE_STYLE('',(#17348));
#17348 = SURFACE_STYLE_FILL_AREA(#17349);
#17349 = FILL_AREA_STYLE('',(#17350));
#17350 = FILL_AREA_STYLE_COLOUR('',#17296);
#17351 = CURVE_STYLE('',#17352,POSITIVE_LENGTH_MEASURE(0.1),#17296);
#17352 = DRAUGHTING_PRE_DEFINED_CURVE_FONT('continuous');
#17353 = OVER_RIDING_STYLED_ITEM('overriding color',(#17354),#780,#17280
  );
#17354 = PRESENTATION_STYLE_ASSIGNMENT((#17355,#17360));
#17355 = SURFACE_STYLE_USAGE(.BOTH.,#17356);
#17356 = SURFACE_SIDE_STYLE('',(#17357));
#17357 = SURFACE_STYLE_FILL_AREA(#17358);
#17358 = FILL_AREA_STYLE('',(#17359));
#17359 = FILL_AREA_STYLE_COLOUR('',#17296);
#17360 = CURVE_STYLE('',#17361,POSITIVE_LENGTH_MEASURE(0.1),#17296);
#17361 = DRAUGHTING_PRE_DEFINED_CURVE_FONT('continuous');
#17362 = OVER_RIDING_STYLED_ITEM('overriding color',(#17363),#814,#17280
  );
#17363 = PRESENTATION_STYLE_ASSIGNMENT((#17364,#17369));
#17364 = SURFACE_STYLE_USAGE(.BOTH.,#17365);
#17365 = SURFACE_SIDE_STYLE('',(#17366));
#17366 = SURFACE_STYLE_FILL_AREA(#17367);
#17367 = FILL_AREA_STYLE('',(#17368));
#17368 = FILL_AREA_STYLE_COLOUR('',#17296);
#17369 = CURVE_STYLE('',#17370,POSITIVE_LENGTH_MEASURE(0.1),#17296);
#17370 = DRAUGHTING_PRE_DEFINED_CURVE_FONT('continuous');
#17371 = OVER_RIDING_STYLED_ITEM('overriding color',(#17372),#846,#17280
  );
#17372 = PRESENTATION_STYLE_ASSIGNMENT((#17373,#17378));
#17373 = SURFACE_STYLE_USAGE(.BOTH.,#17374);
#17374 = SURFACE_SIDE_STYLE('',(#17375));
#17375 = SURFACE_STYLE_FILL_AREA(#17376);
#17376 = FILL_AREA_STYLE('',(#17377));
#17377 = FILL_AREA_STYLE_COLOUR('',#17296);
#17378 = CURVE_STYLE('',#17379,POSITIVE_LENGTH_MEASURE(0.1),#17296);
#17379 = DRAUGHTING_PRE_DEFINED_CURVE_FONT('continuous');
#17380 = OVER_RIDING_STYLED_ITEM('overriding color',(#17381),#880,#17280
  );
#17381 = PRESENTATION_STYLE_ASSIGNMENT((#17382,#17387));
#17382 = SURFACE_STYLE_USAGE(.BOTH.,#17383);
#17383 = SURFACE_SIDE_STYLE('',(#17384));
#17384 = SURFACE_STYLE_FILL_AREA(#17385);
#17385 = FILL_AREA_STYLE('',(#17386));
#17386 = FILL_AREA_STYLE_COLOUR('',#17296);
#17387 = CURVE_STYLE('',#17388,POSITIVE_LENGTH_MEASURE(0.1),#17296);
#17388 = DRAUGHTING_PRE_DEFINED_CURVE_FONT('continuous');
#17389 = OVER_RIDING_STYLED_ITEM('overriding color',(#17390),#912,#17280
  );
#17390 = PRESENTATION_STYLE_ASSIGNMENT((#17391,#17396));
#17391 = SURFACE_STYLE_USAGE(.BOTH.,#17392);
#17392 = SURFACE_SIDE_STYLE('',(#17393));
#17393 = SURFACE_STYLE_FILL_AREA(#17394);
#17394 = FILL_AREA_STYLE('',(#17395));
#17395 = FILL_AREA_STYLE_COLOUR('',#17296);
#17396 = CURVE_STYLE('',#17397,POSITIVE_LENGTH_MEASURE(0.1),#17296);
#17397 = DRAUGHTING_PRE_DEFINED_CURVE_FONT('continuous');
#17398 = STYLED_ITEM('color',(#17399),#930);
#17399 = PRESENTATION_STYLE_ASSIGNMENT((#17400,#17405));
#17400 = SURFACE_STYLE_USAGE(.BOTH.,#17401);
#17401 = SURFACE_SIDE_STYLE('',(#17402));
#17402 = SURFACE_STYLE_FILL_AREA(#17403);
#17403 = FILL_AREA_STYLE('',(#17404));
#17404 = FILL_AREA_STYLE_COLOUR('',#17223);
#17405 = CURVE_STYLE('',#17406,POSITIVE_LENGTH_MEASURE(0.1),#17223);
#17406 = DRAUGHTING_PRE_DEFINED_CURVE_FONT('continuous');
#17407 = STYLED_ITEM('color',(#17408),#942);
#17408 = PRESENTATION_STYLE_ASSIGNMENT((#17409,#17414));
#17409 = SURFACE_STYLE_USAGE(.BOTH.,#17410);
#17410 = SURFACE_SIDE_STYLE('',(#17411));
#17411 = SURFACE_STYLE_FILL_AREA(#17412);
#17412 = FILL_AREA_STYLE('',(#17413));
#17413 = FILL_AREA_STYLE_COLOUR('',#17223);
#17414 = CURVE_STYLE('',#17415,POSITIVE_LENGTH_MEASURE(0.1),#17223);
#17415 = DRAUGHTING_PRE_DEFINED_CURVE_FONT('continuous');
#17416 = STYLED_ITEM('color',(#17417),#954);
#17417 = PRESENTATION_STYLE_ASSIGNMENT((#17418,#17423));
#17418 = SURFACE_STYLE_USAGE(.BOTH.,#17419);
#17419 = SURFACE_SIDE_STYLE('',(#17420));
#17420 = SURFACE_STYLE_FILL_AREA(#17421);
#17421 = FILL_AREA_STYLE('',(#17422));
#17422 = FILL_AREA_STYLE_COLOUR('',#17223);
#17423 = CURVE_STYLE('',#17424,POSITIVE_LENGTH_MEASURE(0.1),#17223);
#17424 = DRAUGHTING_PRE_DEFINED_CURVE_FONT('continuous');
#17425 = STYLED_ITEM('color',(#17426),#985);
#17426 = PRESENTATION_STYLE_ASSIGNMENT((#17427,#17432));
#17427 = SURFACE_STYLE_USAGE(.BOTH.,#17428);
#17428 = SURFACE_SIDE_STYLE('',(#17429));
#17429 = SURFACE_STYLE_FILL_AREA(#17430);
#17430 = FILL_AREA_STYLE('',(#17431));
#17431 = FILL_AREA_STYLE_COLOUR('',#17223);
#17432 = CURVE_STYLE('',#17433,POSITIVE_LENGTH_MEASURE(0.1),#17223);
#17433 = DRAUGHTING_PRE_DEFINED_CURVE_FONT('continuous');
#17434 = STYLED_ITEM('color',(#17435),#1009);
#17435 = PRESENTATION_STYLE_ASSIGNMENT((#17436,#17441));
#17436 = SURFACE_STYLE_USAGE(.BOTH.,#17437);
#17437 = SURFACE_SIDE_STYLE('',(#17438));
#17438 = SURFACE_STYLE_FILL_AREA(#17439);
#17439 = FILL_AREA_STYLE('',(#17440));
#17440 = FILL_AREA_STYLE_COLOUR('',#17223);
#17441 = CURVE_STYLE('',#17442,POSITIVE_LENGTH_MEASURE(0.1),#17223);
#17442 = DRAUGHTING_PRE_DEFINED_CURVE_FONT('continuous');
#17443 = STYLED_ITEM('color',(#17444),#1033);
#17444 = PRESENTATION_STYLE_ASSIGNMENT((#17445,#17450));
#17445 = SURFACE_STYLE_USAGE(.BOTH.,#17446);
#17446 = SURFACE_SIDE_STYLE('',(#17447));
#17447 = SURFACE_STYLE_FILL_AREA(#17448);
#17448 = FILL_AREA_STYLE('',(#17449));
#17449 = FILL_AREA_STYLE_COLOUR('',#17223);
#17450 = CURVE_STYLE('',#17451,POSITIVE_LENGTH_MEASURE(0.1),#17223);
#17451 = DRAUGHTING_PRE_DEFINED_CURVE_FONT('continuous');
#17452 = STYLED_ITEM('color',(#17453),#1050);
#17453 = PRESENTATION_STYLE_ASSIGNMENT((#17454,#17459));
#17454 = SURFACE_STYLE_USAGE(.BOTH.,#17455);
#17455 = SURFACE_SIDE_STYLE('',(#17456));
#17456 = SURFACE_STYLE_FILL_AREA(#17457);
#17457 = FILL_AREA_STYLE('',(#17458));
#17458 = FILL_AREA_STYLE_COLOUR('',#17223);
#17459 = CURVE_STYLE('',#17460,POSITIVE_LENGTH_MEASURE(0.1),#17223);
#17460 = DRAUGHTING_PRE_DEFINED_CURVE_FONT('continuous');
#17461 = STYLED_ITEM('color',(#17462),#1081);
#17462 = PRESENTATION_STYLE_ASSIGNMENT((#17463,#17468));
#17463 = SURFACE_STYLE_USAGE(.BOTH.,#17464);
#17464 = SURFACE_SIDE_STYLE('',(#17465));
#17465 = SURFACE_STYLE_FILL_AREA(#17466);
#17466 = FILL_AREA_STYLE('',(#17467));
#17467 = FILL_AREA_STYLE_COLOUR('',#17223);
#17468 = CURVE_STYLE('',#17469,POSITIVE_LENGTH_MEASURE(0.1),#17223);
#17469 = DRAUGHTING_PRE_DEFINED_CURVE_FONT('continuous');
#17470 = STYLED_ITEM('color',(#17471),#1105);
#17471 = PRESENTATION_STYLE_ASSIGNMENT((#17472,#17477));
#17472 = SURFACE_STYLE_USAGE(.BOTH.,#17473);
#17473 = SURFACE_SIDE_STYLE('',(#17474));
#17474 = SURFACE_STYLE_FILL_AREA(#17475);
#17475 = FILL_AREA_STYLE('',(#17476));
#17476 = FILL_AREA_STYLE_COLOUR('',#17223);
#17477 = CURVE_STYLE('',#17478,POSITIVE_LENGTH_MEASURE(0.1),#17223);
#17478 = DRAUGHTING_PRE_DEFINED_CURVE_FONT('continuous');
#17479 = STYLED_ITEM('color',(#17480),#1129);
#17480 = PRESENTATION_STYLE_ASSIGNMENT((#17481,#17486));
#17481 = SURFACE_STYLE_USAGE(.BOTH.,#17482);
#17482 = SURFACE_SIDE_STYLE('',(#17483));
#17483 = SURFACE_STYLE_FILL_AREA(#17484);
#17484 = FILL_AREA_STYLE('',(#17485));
#17485 = FILL_AREA_STYLE_COLOUR('',#17223);
#17486 = CURVE_STYLE('',#17487,POSITIVE_LENGTH_MEASURE(0.1),#17223);
#17487 = DRAUGHTING_PRE_DEFINED_CURVE_FONT('continuous');
#17488 = STYLED_ITEM('color',(#17489),#1146);
#17489 = PRESENTATION_STYLE_ASSIGNMENT((#17490,#17495));
#17490 = SURFACE_STYLE_USAGE(.BOTH.,#17491);
#17491 = SURFACE_SIDE_STYLE('',(#17492));
#17492 = SURFACE_STYLE_FILL_AREA(#17493);
#17493 = FILL_AREA_STYLE('',(#17494));
#17494 = FILL_AREA_STYLE_COLOUR('',#17223);
#17495 = CURVE_STYLE('',#17496,POSITIVE_LENGTH_MEASURE(0.1),#17223);
#17496 = DRAUGHTING_PRE_DEFINED_CURVE_FONT('continuous');
#17497 = STYLED_ITEM('color',(#17498),#1177);
#17498 = PRESENTATION_STYLE_ASSIGNMENT((#17499,#17504));
#17499 = SURFACE_STYLE_USAGE(.BOTH.,#17500);
#17500 = SURFACE_SIDE_STYLE('',(#17501));
#17501 = SURFACE_STYLE_FILL_AREA(#17502);
#17502 = FILL_AREA_STYLE('',(#17503));
#17503 = FILL_AREA_STYLE_COLOUR('',#17223);
#17504 = CURVE_STYLE('',#17505,POSITIVE_LENGTH_MEASURE(0.1),#17223);
#17505 = DRAUGHTING_PRE_DEFINED_CURVE_FONT('continuous');
#17506 = STYLED_ITEM('color',(#17507),#1201);
#17507 = PRESENTATION_STYLE_ASSIGNMENT((#17508,#17513));
#17508 = SURFACE_STYLE_USAGE(.BOTH.,#17509);
#17509 = SURFACE_SIDE_STYLE('',(#17510));
#17510 = SURFACE_STYLE_FILL_AREA(#17511);
#17511 = FILL_AREA_STYLE('',(#17512));
#17512 = FILL_AREA_STYLE_COLOUR('',#17223);
#17513 = CURVE_STYLE('',#17514,POSITIVE_LENGTH_MEASURE(0.1),#17223);
#17514 = DRAUGHTING_PRE_DEFINED_CURVE_FONT('continuous');
#17515 = STYLED_ITEM('color',(#17516),#1225);
#17516 = PRESENTATION_STYLE_ASSIGNMENT((#17517,#17522));
#17517 = SURFACE_STYLE_USAGE(.BOTH.,#17518);
#17518 = SURFACE_SIDE_STYLE('',(#17519));
#17519 = SURFACE_STYLE_FILL_AREA(#17520);
#17520 = FILL_AREA_STYLE('',(#17521));
#17521 = FILL_AREA_STYLE_COLOUR('',#17223);
#17522 = CURVE_STYLE('',#17523,POSITIVE_LENGTH_MEASURE(0.1),#17223);
#17523 = DRAUGHTING_PRE_DEFINED_CURVE_FONT('continuous');
#17524 = STYLED_ITEM('color',(#17525),#1242);
#17525 = PRESENTATION_STYLE_ASSIGNMENT((#17526,#17531));
#17526 = SURFACE_STYLE_USAGE(.BOTH.,#17527);
#17527 = SURFACE_SIDE_STYLE('',(#17528));
#17528 = SURFACE_STYLE_FILL_AREA(#17529);
#17529 = FILL_AREA_STYLE('',(#17530));
#17530 = FILL_AREA_STYLE_COLOUR('',#17223);
#17531 = CURVE_STYLE('',#17532,POSITIVE_LENGTH_MEASURE(0.1),#17223);
#17532 = DRAUGHTING_PRE_DEFINED_CURVE_FONT('continuous');
#17533 = STYLED_ITEM('color',(#17534),#1273);
#17534 = PRESENTATION_STYLE_ASSIGNMENT((#17535,#17540));
#17535 = SURFACE_STYLE_USAGE(.BOTH.,#17536);
#17536 = SURFACE_SIDE_STYLE('',(#17537));
#17537 = SURFACE_STYLE_FILL_AREA(#17538);
#17538 = FILL_AREA_STYLE('',(#17539));
#17539 = FILL_AREA_STYLE_COLOUR('',#17223);
#17540 = CURVE_STYLE('',#17541,POSITIVE_LENGTH_MEASURE(0.1),#17223);
#17541 = DRAUGHTING_PRE_DEFINED_CURVE_FONT('continuous');
#17542 = STYLED_ITEM('color',(#17543),#1297);
#17543 = PRESENTATION_STYLE_ASSIGNMENT((#17544,#17549));
#17544 = SURFACE_STYLE_USAGE(.BOTH.,#17545);
#17545 = SURFACE_SIDE_STYLE('',(#17546));
#17546 = SURFACE_STYLE_FILL_AREA(#17547);
#17547 = FILL_AREA_STYLE('',(#17548));
#17548 = FILL_AREA_STYLE_COLOUR('',#17223);
#17549 = CURVE_STYLE('',#17550,POSITIVE_LENGTH_MEASURE(0.1),#17223);
#17550 = DRAUGHTING_PRE_DEFINED_CURVE_FONT('continuous');
#17551 = STYLED_ITEM('color',(#17552),#1321);
#17552 = PRESENTATION_STYLE_ASSIGNMENT((#17553,#17558));
#17553 = SURFACE_STYLE_USAGE(.BOTH.,#17554);
#17554 = SURFACE_SIDE_STYLE('',(#17555));
#17555 = SURFACE_STYLE_FILL_AREA(#17556);
#17556 = FILL_AREA_STYLE('',(#17557));
#17557 = FILL_AREA_STYLE_COLOUR('',#17223);
#17558 = CURVE_STYLE('',#17559,POSITIVE_LENGTH_MEASURE(0.1),#17223);
#17559 = DRAUGHTING_PRE_DEFINED_CURVE_FONT('continuous');
#17560 = STYLED_ITEM('color',(#17561),#1338);
#17561 = PRESENTATION_STYLE_ASSIGNMENT((#17562,#17567));
#17562 = SURFACE_STYLE_USAGE(.BOTH.,#17563);
#17563 = SURFACE_SIDE_STYLE('',(#17564));
#17564 = SURFACE_STYLE_FILL_AREA(#17565);
#17565 = FILL_AREA_STYLE('',(#17566));
#17566 = FILL_AREA_STYLE_COLOUR('',#17223);
#17567 = CURVE_STYLE('',#17568,POSITIVE_LENGTH_MEASURE(0.1),#17223);
#17568 = DRAUGHTING_PRE_DEFINED_CURVE_FONT('continuous');
#17569 = STYLED_ITEM('color',(#17570),#1369);
#17570 = PRESENTATION_STYLE_ASSIGNMENT((#17571,#17576));
#17571 = SURFACE_STYLE_USAGE(.BOTH.,#17572);
#17572 = SURFACE_SIDE_STYLE('',(#17573));
#17573 = SURFACE_STYLE_FILL_AREA(#17574);
#17574 = FILL_AREA_STYLE('',(#17575));
#17575 = FILL_AREA_STYLE_COLOUR('',#17223);
#17576 = CURVE_STYLE('',#17577,POSITIVE_LENGTH_MEASURE(0.1),#17223);
#17577 = DRAUGHTING_PRE_DEFINED_CURVE_FONT('continuous');
#17578 = STYLED_ITEM('color',(#17579),#1393);
#17579 = PRESENTATION_STYLE_ASSIGNMENT((#17580,#17585));
#17580 = SURFACE_STYLE_USAGE(.BOTH.,#17581);
#17581 = SURFACE_SIDE_STYLE('',(#17582));
#17582 = SURFACE_STYLE_FILL_AREA(#17583);
#17583 = FILL_AREA_STYLE('',(#17584));
#17584 = FILL_AREA_STYLE_COLOUR('',#17223);
#17585 = CURVE_STYLE('',#17586,POSITIVE_LENGTH_MEASURE(0.1),#17223);
#17586 = DRAUGHTING_PRE_DEFINED_CURVE_FONT('continuous');
#17587 = STYLED_ITEM('color',(#17588),#1417);
#17588 = PRESENTATION_STYLE_ASSIGNMENT((#17589,#17594));
#17589 = SURFACE_STYLE_USAGE(.BOTH.,#17590);
#17590 = SURFACE_SIDE_STYLE('',(#17591));
#17591 = SURFACE_STYLE_FILL_AREA(#17592);
#17592 = FILL_AREA_STYLE('',(#17593));
#17593 = FILL_AREA_STYLE_COLOUR('',#17223);
#17594 = CURVE_STYLE('',#17595,POSITIVE_LENGTH_MEASURE(0.1),#17223);
#17595 = DRAUGHTING_PRE_DEFINED_CURVE_FONT('continuous');
#17596 = STYLED_ITEM('color',(#17597),#1434);
#17597 = PRESENTATION_STYLE_ASSIGNMENT((#17598,#17603));
#17598 = SURFACE_STYLE_USAGE(.BOTH.,#17599);
#17599 = SURFACE_SIDE_STYLE('',(#17600));
#17600 = SURFACE_STYLE_FILL_AREA(#17601);
#17601 = FILL_AREA_STYLE('',(#17602));
#17602 = FILL_AREA_STYLE_COLOUR('',#17223);
#17603 = CURVE_STYLE('',#17604,POSITIVE_LENGTH_MEASURE(0.1),#17223);
#17604 = DRAUGHTING_PRE_DEFINED_CURVE_FONT('continuous');
#17605 = STYLED_ITEM('color',(#17606),#1465);
#17606 = PRESENTATION_STYLE_ASSIGNMENT((#17607,#17612));
#17607 = SURFACE_STYLE_USAGE(.BOTH.,#17608);
#17608 = SURFACE_SIDE_STYLE('',(#17609));
#17609 = SURFACE_STYLE_FILL_AREA(#17610);
#17610 = FILL_AREA_STYLE('',(#17611));
#17611 = FILL_AREA_STYLE_COLOUR('',#17223);
#17612 = CURVE_STYLE('',#17613,POSITIVE_LENGTH_MEASURE(0.1),#17223);
#17613 = DRAUGHTING_PRE_DEFINED_CURVE_FONT('continuous');
#17614 = STYLED_ITEM('color',(#17615),#1489);
#17615 = PRESENTATION_STYLE_ASSIGNMENT((#17616,#17621));
#17616 = SURFACE_STYLE_USAGE(.BOTH.,#17617);
#17617 = SURFACE_SIDE_STYLE('',(#17618));
#17618 = SURFACE_STYLE_FILL_AREA(#17619);
#17619 = FILL_AREA_STYLE('',(#17620));
#17620 = FILL_AREA_STYLE_COLOUR('',#17223);
#17621 = CURVE_STYLE('',#17622,POSITIVE_LENGTH_MEASURE(0.1),#17223);
#17622 = DRAUGHTING_PRE_DEFINED_CURVE_FONT('continuous');
#17623 = STYLED_ITEM('color',(#17624),#1513);
#17624 = PRESENTATION_STYLE_ASSIGNMENT((#17625,#17630));
#17625 = SURFACE_STYLE_USAGE(.BOTH.,#17626);
#17626 = SURFACE_SIDE_STYLE('',(#17627));
#17627 = SURFACE_STYLE_FILL_AREA(#17628);
#17628 = FILL_AREA_STYLE('',(#17629));
#17629 = FILL_AREA_STYLE_COLOUR('',#17223);
#17630 = CURVE_STYLE('',#17631,POSITIVE_LENGTH_MEASURE(0.1),#17223);
#17631 = DRAUGHTING_PRE_DEFINED_CURVE_FONT('continuous');
#17632 = STYLED_ITEM('color',(#17633),#1530);
#17633 = PRESENTATION_STYLE_ASSIGNMENT((#17634,#17639));
#17634 = SURFACE_STYLE_USAGE(.BOTH.,#17635);
#17635 = SURFACE_SIDE_STYLE('',(#17636));
#17636 = SURFACE_STYLE_FILL_AREA(#17637);
#17637 = FILL_AREA_STYLE('',(#17638));
#17638 = FILL_AREA_STYLE_COLOUR('',#17296);
#17639 = CURVE_STYLE('',#17640,POSITIVE_LENGTH_MEASURE(0.1),#17296);
#17640 = DRAUGHTING_PRE_DEFINED_CURVE_FONT('continuous');
#17641 = STYLED_ITEM('color',(#17642),#1547);
#17642 = PRESENTATION_STYLE_ASSIGNMENT((#17643,#17648));
#17643 = SURFACE_STYLE_USAGE(.BOTH.,#17644);
#17644 = SURFACE_SIDE_STYLE('',(#17645));
#17645 = SURFACE_STYLE_FILL_AREA(#17646);
#17646 = FILL_AREA_STYLE('',(#17647));
#17647 = FILL_AREA_STYLE_COLOUR('',#17296);
#17648 = CURVE_STYLE('',#17649,POSITIVE_LENGTH_MEASURE(0.1),#17296);
#17649 = DRAUGHTING_PRE_DEFINED_CURVE_FONT('continuous');
#17650 = STYLED_ITEM('color',(#17651),#1594);
#17651 = PRESENTATION_STYLE_ASSIGNMENT((#17652,#17657));
#17652 = SURFACE_STYLE_USAGE(.BOTH.,#17653);
#17653 = SURFACE_SIDE_STYLE('',(#17654));
#17654 = SURFACE_STYLE_FILL_AREA(#17655);
#17655 = FILL_AREA_STYLE('',(#17656));
#17656 = FILL_AREA_STYLE_COLOUR('',#17296);
#17657 = CURVE_STYLE('',#17658,POSITIVE_LENGTH_MEASURE(0.1),#17296);
#17658 = DRAUGHTING_PRE_DEFINED_CURVE_FONT('continuous');
#17659 = STYLED_ITEM('color',(#17660),#1611);
#17660 = PRESENTATION_STYLE_ASSIGNMENT((#17661,#17666));
#17661 = SURFACE_STYLE_USAGE(.BOTH.,#17662);
#17662 = SURFACE_SIDE_STYLE('',(#17663));
#17663 = SURFACE_STYLE_FILL_AREA(#17664);
#17664 = FILL_AREA_STYLE('',(#17665));
#17665 = FILL_AREA_STYLE_COLOUR('',#17296);
#17666 = CURVE_STYLE('',#17667,POSITIVE_LENGTH_MEASURE(0.1),#17296);
#17667 = DRAUGHTING_PRE_DEFINED_CURVE_FONT('continuous');
#17668 = STYLED_ITEM('color',(#17669),#1658);
#17669 = PRESENTATION_STYLE_ASSIGNMENT((#17670,#17675));
#17670 = SURFACE_STYLE_USAGE(.BOTH.,#17671);
#17671 = SURFACE_SIDE_STYLE('',(#17672));
#17672 = SURFACE_STYLE_FILL_AREA(#17673);
#17673 = FILL_AREA_STYLE('',(#17674));
#17674 = FILL_AREA_STYLE_COLOUR('',#17296);
#17675 = CURVE_STYLE('',#17676,POSITIVE_LENGTH_MEASURE(0.1),#17296);
#17676 = DRAUGHTING_PRE_DEFINED_CURVE_FONT('continuous');
#17677 = STYLED_ITEM('color',(#17678),#1675);
#17678 = PRESENTATION_STYLE_ASSIGNMENT((#17679,#17684));
#17679 = SURFACE_STYLE_USAGE(.BOTH.,#17680);
#17680 = SURFACE_SIDE_STYLE('',(#17681));
#17681 = SURFACE_STYLE_FILL_AREA(#17682);
#17682 = FILL_AREA_STYLE('',(#17683));
#17683 = FILL_AREA_STYLE_COLOUR('',#17296);
#17684 = CURVE_STYLE('',#17685,POSITIVE_LENGTH_MEASURE(0.1),#17296);
#17685 = DRAUGHTING_PRE_DEFINED_CURVE_FONT('continuous');
#17686 = STYLED_ITEM('color',(#17687),#1722);
#17687 = PRESENTATION_STYLE_ASSIGNMENT((#17688,#17693));
#17688 = SURFACE_STYLE_USAGE(.BOTH.,#17689);
#17689 = SURFACE_SIDE_STYLE('',(#17690));
#17690 = SURFACE_STYLE_FILL_AREA(#17691);
#17691 = FILL_AREA_STYLE('',(#17692));
#17692 = FILL_AREA_STYLE_COLOUR('',#17296);
#17693 = CURVE_STYLE('',#17694,POSITIVE_LENGTH_MEASURE(0.1),#17296);
#17694 = DRAUGHTING_PRE_DEFINED_CURVE_FONT('continuous');
#17695 = STYLED_ITEM('color',(#17696),#1739);
#17696 = PRESENTATION_STYLE_ASSIGNMENT((#17697,#17702));
#17697 = SURFACE_STYLE_USAGE(.BOTH.,#17698);
#17698 = SURFACE_SIDE_STYLE('',(#17699));
#17699 = SURFACE_STYLE_FILL_AREA(#17700);
#17700 = FILL_AREA_STYLE('',(#17701));
#17701 = FILL_AREA_STYLE_COLOUR('',#17296);
#17702 = CURVE_STYLE('',#17703,POSITIVE_LENGTH_MEASURE(0.1),#17296);
#17703 = DRAUGHTING_PRE_DEFINED_CURVE_FONT('continuous');
#17704 = STYLED_ITEM('color',(#17705),#1786);
#17705 = PRESENTATION_STYLE_ASSIGNMENT((#17706,#17711));
#17706 = SURFACE_STYLE_USAGE(.BOTH.,#17707);
#17707 = SURFACE_SIDE_STYLE('',(#17708));
#17708 = SURFACE_STYLE_FILL_AREA(#17709);
#17709 = FILL_AREA_STYLE('',(#17710));
#17710 = FILL_AREA_STYLE_COLOUR('',#17296);
#17711 = CURVE_STYLE('',#17712,POSITIVE_LENGTH_MEASURE(0.1),#17296);
#17712 = DRAUGHTING_PRE_DEFINED_CURVE_FONT('continuous');
#17713 = STYLED_ITEM('color',(#17714),#1803);
#17714 = PRESENTATION_STYLE_ASSIGNMENT((#17715,#17720));
#17715 = SURFACE_STYLE_USAGE(.BOTH.,#17716);
#17716 = SURFACE_SIDE_STYLE('',(#17717));
#17717 = SURFACE_STYLE_FILL_AREA(#17718);
#17718 = FILL_AREA_STYLE('',(#17719));
#17719 = FILL_AREA_STYLE_COLOUR('',#17296);
#17720 = CURVE_STYLE('',#17721,POSITIVE_LENGTH_MEASURE(0.1),#17296);
#17721 = DRAUGHTING_PRE_DEFINED_CURVE_FONT('continuous');
#17722 = STYLED_ITEM('color',(#17723),#1850);
#17723 = PRESENTATION_STYLE_ASSIGNMENT((#17724,#17729));
#17724 = SURFACE_STYLE_USAGE(.BOTH.,#17725);
#17725 = SURFACE_SIDE_STYLE('',(#17726));
#17726 = SURFACE_STYLE_FILL_AREA(#17727);
#17727 = FILL_AREA_STYLE('',(#17728));
#17728 = FILL_AREA_STYLE_COLOUR('',#17296);
#17729 = CURVE_STYLE('',#17730,POSITIVE_LENGTH_MEASURE(0.1),#17296);
#17730 = DRAUGHTING_PRE_DEFINED_CURVE_FONT('continuous');
#17731 = STYLED_ITEM('color',(#17732),#1867);
#17732 = PRESENTATION_STYLE_ASSIGNMENT((#17733,#17738));
#17733 = SURFACE_STYLE_USAGE(.BOTH.,#17734);
#17734 = SURFACE_SIDE_STYLE('',(#17735));
#17735 = SURFACE_STYLE_FILL_AREA(#17736);
#17736 = FILL_AREA_STYLE('',(#17737));
#17737 = FILL_AREA_STYLE_COLOUR('',#17296);
#17738 = CURVE_STYLE('',#17739,POSITIVE_LENGTH_MEASURE(0.1),#17296);
#17739 = DRAUGHTING_PRE_DEFINED_CURVE_FONT('continuous');
#17740 = STYLED_ITEM('color',(#17741),#1914);
#17741 = PRESENTATION_STYLE_ASSIGNMENT((#17742,#17747));
#17742 = SURFACE_STYLE_USAGE(.BOTH.,#17743);
#17743 = SURFACE_SIDE_STYLE('',(#17744));
#17744 = SURFACE_STYLE_FILL_AREA(#17745);
#17745 = FILL_AREA_STYLE('',(#17746));
#17746 = FILL_AREA_STYLE_COLOUR('',#17296);
#17747 = CURVE_STYLE('',#17748,POSITIVE_LENGTH_MEASURE(0.1),#17296);
#17748 = DRAUGHTING_PRE_DEFINED_CURVE_FONT('continuous');
#17749 = STYLED_ITEM('color',(#17750),#1931);
#17750 = PRESENTATION_STYLE_ASSIGNMENT((#17751,#17756));
#17751 = SURFACE_STYLE_USAGE(.BOTH.,#17752);
#17752 = SURFACE_SIDE_STYLE('',(#17753));
#17753 = SURFACE_STYLE_FILL_AREA(#17754);
#17754 = FILL_AREA_STYLE('',(#17755));
#17755 = FILL_AREA_STYLE_COLOUR('',#17296);
#17756 = CURVE_STYLE('',#17757,POSITIVE_LENGTH_MEASURE(0.1),#17296);
#17757 = DRAUGHTING_PRE_DEFINED_CURVE_FONT('continuous');
#17758 = STYLED_ITEM('color',(#17759),#1978);
#17759 = PRESENTATION_STYLE_ASSIGNMENT((#17760,#17765));
#17760 = SURFACE_STYLE_USAGE(.BOTH.,#17761);
#17761 = SURFACE_SIDE_STYLE('',(#17762));
#17762 = SURFACE_STYLE_FILL_AREA(#17763);
#17763 = FILL_AREA_STYLE('',(#17764));
#17764 = FILL_AREA_STYLE_COLOUR('',#17296);
#17765 = CURVE_STYLE('',#17766,POSITIVE_LENGTH_MEASURE(0.1),#17296);
#17766 = DRAUGHTING_PRE_DEFINED_CURVE_FONT('continuous');
#17767 = STYLED_ITEM('color',(#17768),#1995);
#17768 = PRESENTATION_STYLE_ASSIGNMENT((#17769,#17774));
#17769 = SURFACE_STYLE_USAGE(.BOTH.,#17770);
#17770 = SURFACE_SIDE_STYLE('',(#17771));
#17771 = SURFACE_STYLE_FILL_AREA(#17772);
#17772 = FILL_AREA_STYLE('',(#17773));
#17773 = FILL_AREA_STYLE_COLOUR('',#17296);
#17774 = CURVE_STYLE('',#17775,POSITIVE_LENGTH_MEASURE(0.1),#17296);
#17775 = DRAUGHTING_PRE_DEFINED_CURVE_FONT('continuous');
#17776 = STYLED_ITEM('color',(#17777),#2042);
#17777 = PRESENTATION_STYLE_ASSIGNMENT((#17778,#17783));
#17778 = SURFACE_STYLE_USAGE(.BOTH.,#17779);
#17779 = SURFACE_SIDE_STYLE('',(#17780));
#17780 = SURFACE_STYLE_FILL_AREA(#17781);
#17781 = FILL_AREA_STYLE('',(#17782));
#17782 = FILL_AREA_STYLE_COLOUR('',#17296);
#17783 = CURVE_STYLE('',#17784,POSITIVE_LENGTH_MEASURE(0.1),#17296);
#17784 = DRAUGHTING_PRE_DEFINED_CURVE_FONT('continuous');
#17785 = STYLED_ITEM('color',(#17786),#2059);
#17786 = PRESENTATION_STYLE_ASSIGNMENT((#17787,#17792));
#17787 = SURFACE_STYLE_USAGE(.BOTH.,#17788);
#17788 = SURFACE_SIDE_STYLE('',(#17789));
#17789 = SURFACE_STYLE_FILL_AREA(#17790);
#17790 = FILL_AREA_STYLE('',(#17791));
#17791 = FILL_AREA_STYLE_COLOUR('',#17296);
#17792 = CURVE_STYLE('',#17793,POSITIVE_LENGTH_MEASURE(0.1),#17296);
#17793 = DRAUGHTING_PRE_DEFINED_CURVE_FONT('continuous');
#17794 = STYLED_ITEM('color',(#17795),#2106);
#17795 = PRESENTATION_STYLE_ASSIGNMENT((#17796,#17801));
#17796 = SURFACE_STYLE_USAGE(.BOTH.,#17797);
#17797 = SURFACE_SIDE_STYLE('',(#17798));
#17798 = SURFACE_STYLE_FILL_AREA(#17799);
#17799 = FILL_AREA_STYLE('',(#17800));
#17800 = FILL_AREA_STYLE_COLOUR('',#17296);
#17801 = CURVE_STYLE('',#17802,POSITIVE_LENGTH_MEASURE(0.1),#17296);
#17802 = DRAUGHTING_PRE_DEFINED_CURVE_FONT('continuous');
#17803 = STYLED_ITEM('color',(#17804),#2123);
#17804 = PRESENTATION_STYLE_ASSIGNMENT((#17805,#17810));
#17805 = SURFACE_STYLE_USAGE(.BOTH.,#17806);
#17806 = SURFACE_SIDE_STYLE('',(#17807));
#17807 = SURFACE_STYLE_FILL_AREA(#17808);
#17808 = FILL_AREA_STYLE('',(#17809));
#17809 = FILL_AREA_STYLE_COLOUR('',#17296);
#17810 = CURVE_STYLE('',#17811,POSITIVE_LENGTH_MEASURE(0.1),#17296);
#17811 = DRAUGHTING_PRE_DEFINED_CURVE_FONT('continuous');
#17812 = STYLED_ITEM('color',(#17813),#2170);
#17813 = PRESENTATION_STYLE_ASSIGNMENT((#17814,#17819));
#17814 = SURFACE_STYLE_USAGE(.BOTH.,#17815);
#17815 = SURFACE_SIDE_STYLE('',(#17816));
#17816 = SURFACE_STYLE_FILL_AREA(#17817);
#17817 = FILL_AREA_STYLE('',(#17818));
#17818 = FILL_AREA_STYLE_COLOUR('',#17296);
#17819 = CURVE_STYLE('',#17820,POSITIVE_LENGTH_MEASURE(0.1),#17296);
#17820 = DRAUGHTING_PRE_DEFINED_CURVE_FONT('continuous');
#17821 = STYLED_ITEM('color',(#17822),#2187);
#17822 = PRESENTATION_STYLE_ASSIGNMENT((#17823,#17828));
#17823 = SURFACE_STYLE_USAGE(.BOTH.,#17824);
#17824 = SURFACE_SIDE_STYLE('',(#17825));
#17825 = SURFACE_STYLE_FILL_AREA(#17826);
#17826 = FILL_AREA_STYLE('',(#17827));
#17827 = FILL_AREA_STYLE_COLOUR('',#17296);
#17828 = CURVE_STYLE('',#17829,POSITIVE_LENGTH_MEASURE(0.1),#17296);
#17829 = DRAUGHTING_PRE_DEFINED_CURVE_FONT('continuous');
#17830 = STYLED_ITEM('color',(#17831),#2234);
#17831 = PRESENTATION_STYLE_ASSIGNMENT((#17832,#17837));
#17832 = SURFACE_STYLE_USAGE(.BOTH.,#17833);
#17833 = SURFACE_SIDE_STYLE('',(#17834));
#17834 = SURFACE_STYLE_FILL_AREA(#17835);
#17835 = FILL_AREA_STYLE('',(#17836));
#17836 = FILL_AREA_STYLE_COLOUR('',#17296);
#17837 = CURVE_STYLE('',#17838,POSITIVE_LENGTH_MEASURE(0.1),#17296);
#17838 = DRAUGHTING_PRE_DEFINED_CURVE_FONT('continuous');
#17839 = STYLED_ITEM('color',(#17840),#2251);
#17840 = PRESENTATION_STYLE_ASSIGNMENT((#17841,#17846));
#17841 = SURFACE_STYLE_USAGE(.BOTH.,#17842);
#17842 = SURFACE_SIDE_STYLE('',(#17843));
#17843 = SURFACE_STYLE_FILL_AREA(#17844);
#17844 = FILL_AREA_STYLE('',(#17845));
#17845 = FILL_AREA_STYLE_COLOUR('',#17296);
#17846 = CURVE_STYLE('',#17847,POSITIVE_LENGTH_MEASURE(0.1),#17296);
#17847 = DRAUGHTING_PRE_DEFINED_CURVE_FONT('continuous');
#17848 = STYLED_ITEM('color',(#17849),#2298);
#17849 = PRESENTATION_STYLE_ASSIGNMENT((#17850,#17855));
#17850 = SURFACE_STYLE_USAGE(.BOTH.,#17851);
#17851 = SURFACE_SIDE_STYLE('',(#17852));
#17852 = SURFACE_STYLE_FILL_AREA(#17853);
#17853 = FILL_AREA_STYLE('',(#17854));
#17854 = FILL_AREA_STYLE_COLOUR('',#17223);
#17855 = CURVE_STYLE('',#17856,POSITIVE_LENGTH_MEASURE(0.1),#17223);
#17856 = DRAUGHTING_PRE_DEFINED_CURVE_FONT('continuous');
#17857 = STYLED_ITEM('color',(#17858),#2329);
#17858 = PRESENTATION_STYLE_ASSIGNMENT((#17859,#17864));
#17859 = SURFACE_STYLE_USAGE(.BOTH.,#17860);
#17860 = SURFACE_SIDE_STYLE('',(#17861));
#17861 = SURFACE_STYLE_FILL_AREA(#17862);
#17862 = FILL_AREA_STYLE('',(#17863));
#17863 = FILL_AREA_STYLE_COLOUR('',#17223);
#17864 = CURVE_STYLE('',#17865,POSITIVE_LENGTH_MEASURE(0.1),#17223);
#17865 = DRAUGHTING_PRE_DEFINED_CURVE_FONT('continuous');
#17866 = OVER_RIDING_STYLED_ITEM('overriding color',(#17867),#2343,
  #17857);
#17867 = PRESENTATION_STYLE_ASSIGNMENT((#17868,#17873));
#17868 = SURFACE_STYLE_USAGE(.BOTH.,#17869);
#17869 = SURFACE_SIDE_STYLE('',(#17870));
#17870 = SURFACE_STYLE_FILL_AREA(#17871);
#17871 = FILL_AREA_STYLE('',(#17872));
#17872 = FILL_AREA_STYLE_COLOUR('',#17296);
#17873 = CURVE_STYLE('',#17874,POSITIVE_LENGTH_MEASURE(0.1),#17296);
#17874 = DRAUGHTING_PRE_DEFINED_CURVE_FONT('continuous');
#17875 = OVER_RIDING_STYLED_ITEM('overriding color',(#17876),#2359,
  #17857);
#17876 = PRESENTATION_STYLE_ASSIGNMENT((#17877,#17882));
#17877 = SURFACE_STYLE_USAGE(.BOTH.,#17878);
#17878 = SURFACE_SIDE_STYLE('',(#17879));
#17879 = SURFACE_STYLE_FILL_AREA(#17880);
#17880 = FILL_AREA_STYLE('',(#17881));
#17881 = FILL_AREA_STYLE_COLOUR('',#17296);
#17882 = CURVE_STYLE('',#17883,POSITIVE_LENGTH_MEASURE(0.1),#17296);
#17883 = DRAUGHTING_PRE_DEFINED_CURVE_FONT('continuous');
#17884 = STYLED_ITEM('color',(#17885),#2385);
#17885 = PRESENTATION_STYLE_ASSIGNMENT((#17886,#17891));
#17886 = SURFACE_STYLE_USAGE(.BOTH.,#17887);
#17887 = SURFACE_SIDE_STYLE('',(#17888));
#17888 = SURFACE_STYLE_FILL_AREA(#17889);
#17889 = FILL_AREA_STYLE('',(#17890));
#17890 = FILL_AREA_STYLE_COLOUR('',#17223);
#17891 = CURVE_STYLE('',#17892,POSITIVE_LENGTH_MEASURE(0.1),#17223);
#17892 = DRAUGHTING_PRE_DEFINED_CURVE_FONT('continuous');
#17893 = STYLED_ITEM('color',(#17894),#2409);
#17894 = PRESENTATION_STYLE_ASSIGNMENT((#17895,#17900));
#17895 = SURFACE_STYLE_USAGE(.BOTH.,#17896);
#17896 = SURFACE_SIDE_STYLE('',(#17897));
#17897 = SURFACE_STYLE_FILL_AREA(#17898);
#17898 = FILL_AREA_STYLE('',(#17899));
#17899 = FILL_AREA_STYLE_COLOUR('',#17223);
#17900 = CURVE_STYLE('',#17901,POSITIVE_LENGTH_MEASURE(0.1),#17223);
#17901 = DRAUGHTING_PRE_DEFINED_CURVE_FONT('continuous');
#17902 = OVER_RIDING_STYLED_ITEM('overriding color',(#17903),#2423,
  #17893);
#17903 = PRESENTATION_STYLE_ASSIGNMENT((#17904,#17909));
#17904 = SURFACE_STYLE_USAGE(.BOTH.,#17905);
#17905 = SURFACE_SIDE_STYLE('',(#17906));
#17906 = SURFACE_STYLE_FILL_AREA(#17907);
#17907 = FILL_AREA_STYLE('',(#17908));
#17908 = FILL_AREA_STYLE_COLOUR('',#17296);
#17909 = CURVE_STYLE('',#17910,POSITIVE_LENGTH_MEASURE(0.1),#17296);
#17910 = DRAUGHTING_PRE_DEFINED_CURVE_FONT('continuous');
#17911 = OVER_RIDING_STYLED_ITEM('overriding color',(#17912),#2439,
  #17893);
#17912 = PRESENTATION_STYLE_ASSIGNMENT((#17913,#17918));
#17913 = SURFACE_STYLE_USAGE(.BOTH.,#17914);
#17914 = SURFACE_SIDE_STYLE('',(#17915));
#17915 = SURFACE_STYLE_FILL_AREA(#17916);
#17916 = FILL_AREA_STYLE('',(#17917));
#17917 = FILL_AREA_STYLE_COLOUR('',#17296);
#17918 = CURVE_STYLE('',#17919,POSITIVE_LENGTH_MEASURE(0.1),#17296);
#17919 = DRAUGHTING_PRE_DEFINED_CURVE_FONT('continuous');
#17920 = STYLED_ITEM('color',(#17921),#2458);
#17921 = PRESENTATION_STYLE_ASSIGNMENT((#17922,#17927));
#17922 = SURFACE_STYLE_USAGE(.BOTH.,#17923);
#17923 = SURFACE_SIDE_STYLE('',(#17924));
#17924 = SURFACE_STYLE_FILL_AREA(#17925);
#17925 = FILL_AREA_STYLE('',(#17926));
#17926 = FILL_AREA_STYLE_COLOUR('',#17223);
#17927 = CURVE_STYLE('',#17928,POSITIVE_LENGTH_MEASURE(0.1),#17223);
#17928 = DRAUGHTING_PRE_DEFINED_CURVE_FONT('continuous');
#17929 = STYLED_ITEM('color',(#17930),#2489);
#17930 = PRESENTATION_STYLE_ASSIGNMENT((#17931,#17936));
#17931 = SURFACE_STYLE_USAGE(.BOTH.,#17932);
#17932 = SURFACE_SIDE_STYLE('',(#17933));
#17933 = SURFACE_STYLE_FILL_AREA(#17934);
#17934 = FILL_AREA_STYLE('',(#17935));
#17935 = FILL_AREA_STYLE_COLOUR('',#17223);
#17936 = CURVE_STYLE('',#17937,POSITIVE_LENGTH_MEASURE(0.1),#17223);
#17937 = DRAUGHTING_PRE_DEFINED_CURVE_FONT('continuous');
#17938 = OVER_RIDING_STYLED_ITEM('overriding color',(#17939),#2503,
  #17929);
#17939 = PRESENTATION_STYLE_ASSIGNMENT((#17940,#17945));
#17940 = SURFACE_STYLE_USAGE(.BOTH.,#17941);
#17941 = SURFACE_SIDE_STYLE('',(#17942));
#17942 = SURFACE_STYLE_FILL_AREA(#17943);
#17943 = FILL_AREA_STYLE('',(#17944));
#17944 = FILL_AREA_STYLE_COLOUR('',#17296);
#17945 = CURVE_STYLE('',#17946,POSITIVE_LENGTH_MEASURE(0.1),#17296);
#17946 = DRAUGHTING_PRE_DEFINED_CURVE_FONT('continuous');
#17947 = OVER_RIDING_STYLED_ITEM('overriding color',(#17948),#2519,
  #17929);
#17948 = PRESENTATION_STYLE_ASSIGNMENT((#17949,#17954));
#17949 = SURFACE_STYLE_USAGE(.BOTH.,#17950);
#17950 = SURFACE_SIDE_STYLE('',(#17951));
#17951 = SURFACE_STYLE_FILL_AREA(#17952);
#17952 = FILL_AREA_STYLE('',(#17953));
#17953 = FILL_AREA_STYLE_COLOUR('',#17296);
#17954 = CURVE_STYLE('',#17955,POSITIVE_LENGTH_MEASURE(0.1),#17296);
#17955 = DRAUGHTING_PRE_DEFINED_CURVE_FONT('continuous');
#17956 = STYLED_ITEM('color',(#17957),#2545);
#17957 = PRESENTATION_STYLE_ASSIGNMENT((#17958,#17963));
#17958 = SURFACE_STYLE_USAGE(.BOTH.,#17959);
#17959 = SURFACE_SIDE_STYLE('',(#17960));
#17960 = SURFACE_STYLE_FILL_AREA(#17961);
#17961 = FILL_AREA_STYLE('',(#17962));
#17962 = FILL_AREA_STYLE_COLOUR('',#17223);
#17963 = CURVE_STYLE('',#17964,POSITIVE_LENGTH_MEASURE(0.1),#17223);
#17964 = DRAUGHTING_PRE_DEFINED_CURVE_FONT('continuous');
#17965 = STYLED_ITEM('color',(#17966),#2569);
#17966 = PRESENTATION_STYLE_ASSIGNMENT((#17967,#17972));
#17967 = SURFACE_STYLE_USAGE(.BOTH.,#17968);
#17968 = SURFACE_SIDE_STYLE('',(#17969));
#17969 = SURFACE_STYLE_FILL_AREA(#17970);
#17970 = FILL_AREA_STYLE('',(#17971));
#17971 = FILL_AREA_STYLE_COLOUR('',#17223);
#17972 = CURVE_STYLE('',#17973,POSITIVE_LENGTH_MEASURE(0.1),#17223);
#17973 = DRAUGHTING_PRE_DEFINED_CURVE_FONT('continuous');
#17974 = OVER_RIDING_STYLED_ITEM('overriding color',(#17975),#2583,
  #17965);
#17975 = PRESENTATION_STYLE_ASSIGNMENT((#17976,#17981));
#17976 = SURFACE_STYLE_USAGE(.BOTH.,#17977);
#17977 = SURFACE_SIDE_STYLE('',(#17978));
#17978 = SURFACE_STYLE_FILL_AREA(#17979);
#17979 = FILL_AREA_STYLE('',(#17980));
#17980 = FILL_AREA_STYLE_COLOUR('',#17296);
#17981 = CURVE_STYLE('',#17982,POSITIVE_LENGTH_MEASURE(0.1),#17296);
#17982 = DRAUGHTING_PRE_DEFINED_CURVE_FONT('continuous');
#17983 = OVER_RIDING_STYLED_ITEM('overriding color',(#17984),#2599,
  #17965);
#17984 = PRESENTATION_STYLE_ASSIGNMENT((#17985,#17990));
#17985 = SURFACE_STYLE_USAGE(.BOTH.,#17986);
#17986 = SURFACE_SIDE_STYLE('',(#17987));
#17987 = SURFACE_STYLE_FILL_AREA(#17988);
#17988 = FILL_AREA_STYLE('',(#17989));
#17989 = FILL_AREA_STYLE_COLOUR('',#17296);
#17990 = CURVE_STYLE('',#17991,POSITIVE_LENGTH_MEASURE(0.1),#17296);
#17991 = DRAUGHTING_PRE_DEFINED_CURVE_FONT('continuous');
#17992 = STYLED_ITEM('color',(#17993),#2618);
#17993 = PRESENTATION_STYLE_ASSIGNMENT((#17994,#17999));
#17994 = SURFACE_STYLE_USAGE(.BOTH.,#17995);
#17995 = SURFACE_SIDE_STYLE('',(#17996));
#17996 = SURFACE_STYLE_FILL_AREA(#17997);
#17997 = FILL_AREA_STYLE('',(#17998));
#17998 = FILL_AREA_STYLE_COLOUR('',#17223);
#17999 = CURVE_STYLE('',#18000,POSITIVE_LENGTH_MEASURE(0.1),#17223);
#18000 = DRAUGHTING_PRE_DEFINED_CURVE_FONT('continuous');
#18001 = STYLED_ITEM('color',(#18002),#2649);
#18002 = PRESENTATION_STYLE_ASSIGNMENT((#18003,#18008));
#18003 = SURFACE_STYLE_USAGE(.BOTH.,#18004);
#18004 = SURFACE_SIDE_STYLE('',(#18005));
#18005 = SURFACE_STYLE_FILL_AREA(#18006);
#18006 = FILL_AREA_STYLE('',(#18007));
#18007 = FILL_AREA_STYLE_COLOUR('',#17223);
#18008 = CURVE_STYLE('',#18009,POSITIVE_LENGTH_MEASURE(0.1),#17223);
#18009 = DRAUGHTING_PRE_DEFINED_CURVE_FONT('continuous');
#18010 = OVER_RIDING_STYLED_ITEM('overriding color',(#18011),#2663,
  #18001);
#18011 = PRESENTATION_STYLE_ASSIGNMENT((#18012,#18017));
#18012 = SURFACE_STYLE_USAGE(.BOTH.,#18013);
#18013 = SURFACE_SIDE_STYLE('',(#18014));
#18014 = SURFACE_STYLE_FILL_AREA(#18015);
#18015 = FILL_AREA_STYLE('',(#18016));
#18016 = FILL_AREA_STYLE_COLOUR('',#17296);
#18017 = CURVE_STYLE('',#18018,POSITIVE_LENGTH_MEASURE(0.1),#17296);
#18018 = DRAUGHTING_PRE_DEFINED_CURVE_FONT('continuous');
#18019 = OVER_RIDING_STYLED_ITEM('overriding color',(#18020),#2679,
  #18001);
#18020 = PRESENTATION_STYLE_ASSIGNMENT((#18021,#18026));
#18021 = SURFACE_STYLE_USAGE(.BOTH.,#18022);
#18022 = SURFACE_SIDE_STYLE('',(#18023));
#18023 = SURFACE_STYLE_FILL_AREA(#18024);
#18024 = FILL_AREA_STYLE('',(#18025));
#18025 = FILL_AREA_STYLE_COLOUR('',#17296);
#18026 = CURVE_STYLE('',#18027,POSITIVE_LENGTH_MEASURE(0.1),#17296);
#18027 = DRAUGHTING_PRE_DEFINED_CURVE_FONT('continuous');
#18028 = STYLED_ITEM('color',(#18029),#2705);
#18029 = PRESENTATION_STYLE_ASSIGNMENT((#18030,#18035));
#18030 = SURFACE_STYLE_USAGE(.BOTH.,#18031);
#18031 = SURFACE_SIDE_STYLE('',(#18032));
#18032 = SURFACE_STYLE_FILL_AREA(#18033);
#18033 = FILL_AREA_STYLE('',(#18034));
#18034 = FILL_AREA_STYLE_COLOUR('',#17223);
#18035 = CURVE_STYLE('',#18036,POSITIVE_LENGTH_MEASURE(0.1),#17223);
#18036 = DRAUGHTING_PRE_DEFINED_CURVE_FONT('continuous');
#18037 = STYLED_ITEM('color',(#18038),#2729);
#18038 = PRESENTATION_STYLE_ASSIGNMENT((#18039,#18044));
#18039 = SURFACE_STYLE_USAGE(.BOTH.,#18040);
#18040 = SURFACE_SIDE_STYLE('',(#18041));
#18041 = SURFACE_STYLE_FILL_AREA(#18042);
#18042 = FILL_AREA_STYLE('',(#18043));
#18043 = FILL_AREA_STYLE_COLOUR('',#17223);
#18044 = CURVE_STYLE('',#18045,POSITIVE_LENGTH_MEASURE(0.1),#17223);
#18045 = DRAUGHTING_PRE_DEFINED_CURVE_FONT('continuous');
#18046 = OVER_RIDING_STYLED_ITEM('overriding color',(#18047),#2743,
  #18037);
#18047 = PRESENTATION_STYLE_ASSIGNMENT((#18048,#18053));
#18048 = SURFACE_STYLE_USAGE(.BOTH.,#18049);
#18049 = SURFACE_SIDE_STYLE('',(#18050));
#18050 = SURFACE_STYLE_FILL_AREA(#18051);
#18051 = FILL_AREA_STYLE('',(#18052));
#18052 = FILL_AREA_STYLE_COLOUR('',#17296);
#18053 = CURVE_STYLE('',#18054,POSITIVE_LENGTH_MEASURE(0.1),#17296);
#18054 = DRAUGHTING_PRE_DEFINED_CURVE_FONT('continuous');
#18055 = OVER_RIDING_STYLED_ITEM('overriding color',(#18056),#2759,
  #18037);
#18056 = PRESENTATION_STYLE_ASSIGNMENT((#18057,#18062));
#18057 = SURFACE_STYLE_USAGE(.BOTH.,#18058);
#18058 = SURFACE_SIDE_STYLE('',(#18059));
#18059 = SURFACE_STYLE_FILL_AREA(#18060);
#18060 = FILL_AREA_STYLE('',(#18061));
#18061 = FILL_AREA_STYLE_COLOUR('',#17296);
#18062 = CURVE_STYLE('',#18063,POSITIVE_LENGTH_MEASURE(0.1),#17296);
#18063 = DRAUGHTING_PRE_DEFINED_CURVE_FONT('continuous');
#18064 = STYLED_ITEM('color',(#18065),#2778);
#18065 = PRESENTATION_STYLE_ASSIGNMENT((#18066,#18071));
#18066 = SURFACE_STYLE_USAGE(.BOTH.,#18067);
#18067 = SURFACE_SIDE_STYLE('',(#18068));
#18068 = SURFACE_STYLE_FILL_AREA(#18069);
#18069 = FILL_AREA_STYLE('',(#18070));
#18070 = FILL_AREA_STYLE_COLOUR('',#17223);
#18071 = CURVE_STYLE('',#18072,POSITIVE_LENGTH_MEASURE(0.1),#17223);
#18072 = DRAUGHTING_PRE_DEFINED_CURVE_FONT('continuous');
#18073 = STYLED_ITEM('color',(#18074),#2809);
#18074 = PRESENTATION_STYLE_ASSIGNMENT((#18075,#18080));
#18075 = SURFACE_STYLE_USAGE(.BOTH.,#18076);
#18076 = SURFACE_SIDE_STYLE('',(#18077));
#18077 = SURFACE_STYLE_FILL_AREA(#18078);
#18078 = FILL_AREA_STYLE('',(#18079));
#18079 = FILL_AREA_STYLE_COLOUR('',#17223);
#18080 = CURVE_STYLE('',#18081,POSITIVE_LENGTH_MEASURE(0.1),#17223);
#18081 = DRAUGHTING_PRE_DEFINED_CURVE_FONT('continuous');
#18082 = OVER_RIDING_STYLED_ITEM('overriding color',(#18083),#2823,
  #18073);
#18083 = PRESENTATION_STYLE_ASSIGNMENT((#18084,#18089));
#18084 = SURFACE_STYLE_USAGE(.BOTH.,#18085);
#18085 = SURFACE_SIDE_STYLE('',(#18086));
#18086 = SURFACE_STYLE_FILL_AREA(#18087);
#18087 = FILL_AREA_STYLE('',(#18088));
#18088 = FILL_AREA_STYLE_COLOUR('',#17296);
#18089 = CURVE_STYLE('',#18090,POSITIVE_LENGTH_MEASURE(0.1),#17296);
#18090 = DRAUGHTING_PRE_DEFINED_CURVE_FONT('continuous');
#18091 = OVER_RIDING_STYLED_ITEM('overriding color',(#18092),#2839,
  #18073);
#18092 = PRESENTATION_STYLE_ASSIGNMENT((#18093,#18098));
#18093 = SURFACE_STYLE_USAGE(.BOTH.,#18094);
#18094 = SURFACE_SIDE_STYLE('',(#18095));
#18095 = SURFACE_STYLE_FILL_AREA(#18096);
#18096 = FILL_AREA_STYLE('',(#18097));
#18097 = FILL_AREA_STYLE_COLOUR('',#17296);
#18098 = CURVE_STYLE('',#18099,POSITIVE_LENGTH_MEASURE(0.1),#17296);
#18099 = DRAUGHTING_PRE_DEFINED_CURVE_FONT('continuous');
#18100 = STYLED_ITEM('color',(#18101),#2865);
#18101 = PRESENTATION_STYLE_ASSIGNMENT((#18102,#18107));
#18102 = SURFACE_STYLE_USAGE(.BOTH.,#18103);
#18103 = SURFACE_SIDE_STYLE('',(#18104));
#18104 = SURFACE_STYLE_FILL_AREA(#18105);
#18105 = FILL_AREA_STYLE('',(#18106));
#18106 = FILL_AREA_STYLE_COLOUR('',#17223);
#18107 = CURVE_STYLE('',#18108,POSITIVE_LENGTH_MEASURE(0.1),#17223);
#18108 = DRAUGHTING_PRE_DEFINED_CURVE_FONT('continuous');
#18109 = STYLED_ITEM('color',(#18110),#2889);
#18110 = PRESENTATION_STYLE_ASSIGNMENT((#18111,#18116));
#18111 = SURFACE_STYLE_USAGE(.BOTH.,#18112);
#18112 = SURFACE_SIDE_STYLE('',(#18113));
#18113 = SURFACE_STYLE_FILL_AREA(#18114);
#18114 = FILL_AREA_STYLE('',(#18115));
#18115 = FILL_AREA_STYLE_COLOUR('',#17223);
#18116 = CURVE_STYLE('',#18117,POSITIVE_LENGTH_MEASURE(0.1),#17223);
#18117 = DRAUGHTING_PRE_DEFINED_CURVE_FONT('continuous');
#18118 = OVER_RIDING_STYLED_ITEM('overriding color',(#18119),#2903,
  #18109);
#18119 = PRESENTATION_STYLE_ASSIGNMENT((#18120,#18125));
#18120 = SURFACE_STYLE_USAGE(.BOTH.,#18121);
#18121 = SURFACE_SIDE_STYLE('',(#18122));
#18122 = SURFACE_STYLE_FILL_AREA(#18123);
#18123 = FILL_AREA_STYLE('',(#18124));
#18124 = FILL_AREA_STYLE_COLOUR('',#17296);
#18125 = CURVE_STYLE('',#18126,POSITIVE_LENGTH_MEASURE(0.1),#17296);
#18126 = DRAUGHTING_PRE_DEFINED_CURVE_FONT('continuous');
#18127 = OVER_RIDING_STYLED_ITEM('overriding color',(#18128),#2919,
  #18109);
#18128 = PRESENTATION_STYLE_ASSIGNMENT((#18129,#18134));
#18129 = SURFACE_STYLE_USAGE(.BOTH.,#18130);
#18130 = SURFACE_SIDE_STYLE('',(#18131));
#18131 = SURFACE_STYLE_FILL_AREA(#18132);
#18132 = FILL_AREA_STYLE('',(#18133));
#18133 = FILL_AREA_STYLE_COLOUR('',#17296);
#18134 = CURVE_STYLE('',#18135,POSITIVE_LENGTH_MEASURE(0.1),#17296);
#18135 = DRAUGHTING_PRE_DEFINED_CURVE_FONT('continuous');
#18136 = STYLED_ITEM('color',(#18137),#2938);
#18137 = PRESENTATION_STYLE_ASSIGNMENT((#18138,#18143));
#18138 = SURFACE_STYLE_USAGE(.BOTH.,#18139);
#18139 = SURFACE_SIDE_STYLE('',(#18140));
#18140 = SURFACE_STYLE_FILL_AREA(#18141);
#18141 = FILL_AREA_STYLE('',(#18142));
#18142 = FILL_AREA_STYLE_COLOUR('',#17223);
#18143 = CURVE_STYLE('',#18144,POSITIVE_LENGTH_MEASURE(0.1),#17223);
#18144 = DRAUGHTING_PRE_DEFINED_CURVE_FONT('continuous');
#18145 = STYLED_ITEM('color',(#18146),#2969);
#18146 = PRESENTATION_STYLE_ASSIGNMENT((#18147,#18152));
#18147 = SURFACE_STYLE_USAGE(.BOTH.,#18148);
#18148 = SURFACE_SIDE_STYLE('',(#18149));
#18149 = SURFACE_STYLE_FILL_AREA(#18150);
#18150 = FILL_AREA_STYLE('',(#18151));
#18151 = FILL_AREA_STYLE_COLOUR('',#17223);
#18152 = CURVE_STYLE('',#18153,POSITIVE_LENGTH_MEASURE(0.1),#17223);
#18153 = DRAUGHTING_PRE_DEFINED_CURVE_FONT('continuous');
#18154 = OVER_RIDING_STYLED_ITEM('overriding color',(#18155),#2983,
  #18145);
#18155 = PRESENTATION_STYLE_ASSIGNMENT((#18156,#18161));
#18156 = SURFACE_STYLE_USAGE(.BOTH.,#18157);
#18157 = SURFACE_SIDE_STYLE('',(#18158));
#18158 = SURFACE_STYLE_FILL_AREA(#18159);
#18159 = FILL_AREA_STYLE('',(#18160));
#18160 = FILL_AREA_STYLE_COLOUR('',#17296);
#18161 = CURVE_STYLE('',#18162,POSITIVE_LENGTH_MEASURE(0.1),#17296);
#18162 = DRAUGHTING_PRE_DEFINED_CURVE_FONT('continuous');
#18163 = OVER_RIDING_STYLED_ITEM('overriding color',(#18164),#2999,
  #18145);
#18164 = PRESENTATION_STYLE_ASSIGNMENT((#18165,#18170));
#18165 = SURFACE_STYLE_USAGE(.BOTH.,#18166);
#18166 = SURFACE_SIDE_STYLE('',(#18167));
#18167 = SURFACE_STYLE_FILL_AREA(#18168);
#18168 = FILL_AREA_STYLE('',(#18169));
#18169 = FILL_AREA_STYLE_COLOUR('',#17296);
#18170 = CURVE_STYLE('',#18171,POSITIVE_LENGTH_MEASURE(0.1),#17296);
#18171 = DRAUGHTING_PRE_DEFINED_CURVE_FONT('continuous');
#18172 = STYLED_ITEM('color',(#18173),#3025);
#18173 = PRESENTATION_STYLE_ASSIGNMENT((#18174,#18179));
#18174 = SURFACE_STYLE_USAGE(.BOTH.,#18175);
#18175 = SURFACE_SIDE_STYLE('',(#18176));
#18176 = SURFACE_STYLE_FILL_AREA(#18177);
#18177 = FILL_AREA_STYLE('',(#18178));
#18178 = FILL_AREA_STYLE_COLOUR('',#17223);
#18179 = CURVE_STYLE('',#18180,POSITIVE_LENGTH_MEASURE(0.1),#17223);
#18180 = DRAUGHTING_PRE_DEFINED_CURVE_FONT('continuous');
#18181 = STYLED_ITEM('color',(#18182),#3049);
#18182 = PRESENTATION_STYLE_ASSIGNMENT((#18183,#18188));
#18183 = SURFACE_STYLE_USAGE(.BOTH.,#18184);
#18184 = SURFACE_SIDE_STYLE('',(#18185));
#18185 = SURFACE_STYLE_FILL_AREA(#18186);
#18186 = FILL_AREA_STYLE('',(#18187));
#18187 = FILL_AREA_STYLE_COLOUR('',#17223);
#18188 = CURVE_STYLE('',#18189,POSITIVE_LENGTH_MEASURE(0.1),#17223);
#18189 = DRAUGHTING_PRE_DEFINED_CURVE_FONT('continuous');
#18190 = OVER_RIDING_STYLED_ITEM('overriding color',(#18191),#3063,
  #18181);
#18191 = PRESENTATION_STYLE_ASSIGNMENT((#18192,#18197));
#18192 = SURFACE_STYLE_USAGE(.BOTH.,#18193);
#18193 = SURFACE_SIDE_STYLE('',(#18194));
#18194 = SURFACE_STYLE_FILL_AREA(#18195);
#18195 = FILL_AREA_STYLE('',(#18196));
#18196 = FILL_AREA_STYLE_COLOUR('',#17296);
#18197 = CURVE_STYLE('',#18198,POSITIVE_LENGTH_MEASURE(0.1),#17296);
#18198 = DRAUGHTING_PRE_DEFINED_CURVE_FONT('continuous');
#18199 = OVER_RIDING_STYLED_ITEM('overriding color',(#18200),#3079,
  #18181);
#18200 = PRESENTATION_STYLE_ASSIGNMENT((#18201,#18206));
#18201 = SURFACE_STYLE_USAGE(.BOTH.,#18202);
#18202 = SURFACE_SIDE_STYLE('',(#18203));
#18203 = SURFACE_STYLE_FILL_AREA(#18204);
#18204 = FILL_AREA_STYLE('',(#18205));
#18205 = FILL_AREA_STYLE_COLOUR('',#17296);
#18206 = CURVE_STYLE('',#18207,POSITIVE_LENGTH_MEASURE(0.1),#17296);
#18207 = DRAUGHTING_PRE_DEFINED_CURVE_FONT('continuous');
#18208 = STYLED_ITEM('color',(#18209),#3098);
#18209 = PRESENTATION_STYLE_ASSIGNMENT((#18210,#18215));
#18210 = SURFACE_STYLE_USAGE(.BOTH.,#18211);
#18211 = SURFACE_SIDE_STYLE('',(#18212));
#18212 = SURFACE_STYLE_FILL_AREA(#18213);
#18213 = FILL_AREA_STYLE('',(#18214));
#18214 = FILL_AREA_STYLE_COLOUR('',#17223);
#18215 = CURVE_STYLE('',#18216,POSITIVE_LENGTH_MEASURE(0.1),#17223);
#18216 = DRAUGHTING_PRE_DEFINED_CURVE_FONT('continuous');
#18217 = STYLED_ITEM('color',(#18218),#3129);
#18218 = PRESENTATION_STYLE_ASSIGNMENT((#18219,#18224));
#18219 = SURFACE_STYLE_USAGE(.BOTH.,#18220);
#18220 = SURFACE_SIDE_STYLE('',(#18221));
#18221 = SURFACE_STYLE_FILL_AREA(#18222);
#18222 = FILL_AREA_STYLE('',(#18223));
#18223 = FILL_AREA_STYLE_COLOUR('',#17223);
#18224 = CURVE_STYLE('',#18225,POSITIVE_LENGTH_MEASURE(0.1),#17223);
#18225 = DRAUGHTING_PRE_DEFINED_CURVE_FONT('continuous');
#18226 = OVER_RIDING_STYLED_ITEM('overriding color',(#18227),#3143,
  #18217);
#18227 = PRESENTATION_STYLE_ASSIGNMENT((#18228,#18233));
#18228 = SURFACE_STYLE_USAGE(.BOTH.,#18229);
#18229 = SURFACE_SIDE_STYLE('',(#18230));
#18230 = SURFACE_STYLE_FILL_AREA(#18231);
#18231 = FILL_AREA_STYLE('',(#18232));
#18232 = FILL_AREA_STYLE_COLOUR('',#17296);
#18233 = CURVE_STYLE('',#18234,POSITIVE_LENGTH_MEASURE(0.1),#17296);
#18234 = DRAUGHTING_PRE_DEFINED_CURVE_FONT('continuous');
#18235 = OVER_RIDING_STYLED_ITEM('overriding color',(#18236),#3159,
  #18217);
#18236 = PRESENTATION_STYLE_ASSIGNMENT((#18237,#18242));
#18237 = SURFACE_STYLE_USAGE(.BOTH.,#18238);
#18238 = SURFACE_SIDE_STYLE('',(#18239));
#18239 = SURFACE_STYLE_FILL_AREA(#18240);
#18240 = FILL_AREA_STYLE('',(#18241));
#18241 = FILL_AREA_STYLE_COLOUR('',#17296);
#18242 = CURVE_STYLE('',#18243,POSITIVE_LENGTH_MEASURE(0.1),#17296);
#18243 = DRAUGHTING_PRE_DEFINED_CURVE_FONT('continuous');
#18244 = STYLED_ITEM('color',(#18245),#3185);
#18245 = PRESENTATION_STYLE_ASSIGNMENT((#18246,#18251));
#18246 = SURFACE_STYLE_USAGE(.BOTH.,#18247);
#18247 = SURFACE_SIDE_STYLE('',(#18248));
#18248 = SURFACE_STYLE_FILL_AREA(#18249);
#18249 = FILL_AREA_STYLE('',(#18250));
#18250 = FILL_AREA_STYLE_COLOUR('',#17223);
#18251 = CURVE_STYLE('',#18252,POSITIVE_LENGTH_MEASURE(0.1),#17223);
#18252 = DRAUGHTING_PRE_DEFINED_CURVE_FONT('continuous');
#18253 = STYLED_ITEM('color',(#18254),#3209);
#18254 = PRESENTATION_STYLE_ASSIGNMENT((#18255,#18260));
#18255 = SURFACE_STYLE_USAGE(.BOTH.,#18256);
#18256 = SURFACE_SIDE_STYLE('',(#18257));
#18257 = SURFACE_STYLE_FILL_AREA(#18258);
#18258 = FILL_AREA_STYLE('',(#18259));
#18259 = FILL_AREA_STYLE_COLOUR('',#17223);
#18260 = CURVE_STYLE('',#18261,POSITIVE_LENGTH_MEASURE(0.1),#17223);
#18261 = DRAUGHTING_PRE_DEFINED_CURVE_FONT('continuous');
#18262 = OVER_RIDING_STYLED_ITEM('overriding color',(#18263),#3223,
  #18253);
#18263 = PRESENTATION_STYLE_ASSIGNMENT((#18264,#18269));
#18264 = SURFACE_STYLE_USAGE(.BOTH.,#18265);
#18265 = SURFACE_SIDE_STYLE('',(#18266));
#18266 = SURFACE_STYLE_FILL_AREA(#18267);
#18267 = FILL_AREA_STYLE('',(#18268));
#18268 = FILL_AREA_STYLE_COLOUR('',#17296);
#18269 = CURVE_STYLE('',#18270,POSITIVE_LENGTH_MEASURE(0.1),#17296);
#18270 = DRAUGHTING_PRE_DEFINED_CURVE_FONT('continuous');
#18271 = OVER_RIDING_STYLED_ITEM('overriding color',(#18272),#3239,
  #18253);
#18272 = PRESENTATION_STYLE_ASSIGNMENT((#18273,#18278));
#18273 = SURFACE_STYLE_USAGE(.BOTH.,#18274);
#18274 = SURFACE_SIDE_STYLE('',(#18275));
#18275 = SURFACE_STYLE_FILL_AREA(#18276);
#18276 = FILL_AREA_STYLE('',(#18277));
#18277 = FILL_AREA_STYLE_COLOUR('',#17296);
#18278 = CURVE_STYLE('',#18279,POSITIVE_LENGTH_MEASURE(0.1),#17296);
#18279 = DRAUGHTING_PRE_DEFINED_CURVE_FONT('continuous');
#18280 = STYLED_ITEM('color',(#18281),#3258);
#18281 = PRESENTATION_STYLE_ASSIGNMENT((#18282,#18287));
#18282 = SURFACE_STYLE_USAGE(.BOTH.,#18283);
#18283 = SURFACE_SIDE_STYLE('',(#18284));
#18284 = SURFACE_STYLE_FILL_AREA(#18285);
#18285 = FILL_AREA_STYLE('',(#18286));
#18286 = FILL_AREA_STYLE_COLOUR('',#17296);
#18287 = CURVE_STYLE('',#18288,POSITIVE_LENGTH_MEASURE(0.1),#17296);
#18288 = DRAUGHTING_PRE_DEFINED_CURVE_FONT('continuous');
#18289 = STYLED_ITEM('color',(#18290),#3275);
#18290 = PRESENTATION_STYLE_ASSIGNMENT((#18291,#18296));
#18291 = SURFACE_STYLE_USAGE(.BOTH.,#18292);
#18292 = SURFACE_SIDE_STYLE('',(#18293));
#18293 = SURFACE_STYLE_FILL_AREA(#18294);
#18294 = FILL_AREA_STYLE('',(#18295));
#18295 = FILL_AREA_STYLE_COLOUR('',#17296);
#18296 = CURVE_STYLE('',#18297,POSITIVE_LENGTH_MEASURE(0.1),#17296);
#18297 = DRAUGHTING_PRE_DEFINED_CURVE_FONT('continuous');
#18298 = STYLED_ITEM('color',(#18299),#3292);
#18299 = PRESENTATION_STYLE_ASSIGNMENT((#18300,#18305));
#18300 = SURFACE_STYLE_USAGE(.BOTH.,#18301);
#18301 = SURFACE_SIDE_STYLE('',(#18302));
#18302 = SURFACE_STYLE_FILL_AREA(#18303);
#18303 = FILL_AREA_STYLE('',(#18304));
#18304 = FILL_AREA_STYLE_COLOUR('',#17296);
#18305 = CURVE_STYLE('',#18306,POSITIVE_LENGTH_MEASURE(0.1),#17296);
#18306 = DRAUGHTING_PRE_DEFINED_CURVE_FONT('continuous');
#18307 = STYLED_ITEM('color',(#18308),#3309);
#18308 = PRESENTATION_STYLE_ASSIGNMENT((#18309,#18314));
#18309 = SURFACE_STYLE_USAGE(.BOTH.,#18310);
#18310 = SURFACE_SIDE_STYLE('',(#18311));
#18311 = SURFACE_STYLE_FILL_AREA(#18312);
#18312 = FILL_AREA_STYLE('',(#18313));
#18313 = FILL_AREA_STYLE_COLOUR('',#17296);
#18314 = CURVE_STYLE('',#18315,POSITIVE_LENGTH_MEASURE(0.1),#17296);
#18315 = DRAUGHTING_PRE_DEFINED_CURVE_FONT('continuous');
#18316 = STYLED_ITEM('color',(#18317),#3326);
#18317 = PRESENTATION_STYLE_ASSIGNMENT((#18318,#18323));
#18318 = SURFACE_STYLE_USAGE(.BOTH.,#18319);
#18319 = SURFACE_SIDE_STYLE('',(#18320));
#18320 = SURFACE_STYLE_FILL_AREA(#18321);
#18321 = FILL_AREA_STYLE('',(#18322));
#18322 = FILL_AREA_STYLE_COLOUR('',#17296);
#18323 = CURVE_STYLE('',#18324,POSITIVE_LENGTH_MEASURE(0.1),#17296);
#18324 = DRAUGHTING_PRE_DEFINED_CURVE_FONT('continuous');
#18325 = STYLED_ITEM('color',(#18326),#3338);
#18326 = PRESENTATION_STYLE_ASSIGNMENT((#18327,#18332));
#18327 = SURFACE_STYLE_USAGE(.BOTH.,#18328);
#18328 = SURFACE_SIDE_STYLE('',(#18329));
#18329 = SURFACE_STYLE_FILL_AREA(#18330);
#18330 = FILL_AREA_STYLE('',(#18331));
#18331 = FILL_AREA_STYLE_COLOUR('',#17296);
#18332 = CURVE_STYLE('',#18333,POSITIVE_LENGTH_MEASURE(0.1),#17296);
#18333 = DRAUGHTING_PRE_DEFINED_CURVE_FONT('continuous');
#18334 = STYLED_ITEM('color',(#18335),#3355);
#18335 = PRESENTATION_STYLE_ASSIGNMENT((#18336,#18341));
#18336 = SURFACE_STYLE_USAGE(.BOTH.,#18337);
#18337 = SURFACE_SIDE_STYLE('',(#18338));
#18338 = SURFACE_STYLE_FILL_AREA(#18339);
#18339 = FILL_AREA_STYLE('',(#18340));
#18340 = FILL_AREA_STYLE_COLOUR('',#17296);
#18341 = CURVE_STYLE('',#18342,POSITIVE_LENGTH_MEASURE(0.1),#17296);
#18342 = DRAUGHTING_PRE_DEFINED_CURVE_FONT('continuous');
#18343 = STYLED_ITEM('color',(#18344),#3372);
#18344 = PRESENTATION_STYLE_ASSIGNMENT((#18345,#18350));
#18345 = SURFACE_STYLE_USAGE(.BOTH.,#18346);
#18346 = SURFACE_SIDE_STYLE('',(#18347));
#18347 = SURFACE_STYLE_FILL_AREA(#18348);
#18348 = FILL_AREA_STYLE('',(#18349));
#18349 = FILL_AREA_STYLE_COLOUR('',#17296);
#18350 = CURVE_STYLE('',#18351,POSITIVE_LENGTH_MEASURE(0.1),#17296);
#18351 = DRAUGHTING_PRE_DEFINED_CURVE_FONT('continuous');
#18352 = STYLED_ITEM('color',(#18353),#3389);
#18353 = PRESENTATION_STYLE_ASSIGNMENT((#18354,#18359));
#18354 = SURFACE_STYLE_USAGE(.BOTH.,#18355);
#18355 = SURFACE_SIDE_STYLE('',(#18356));
#18356 = SURFACE_STYLE_FILL_AREA(#18357);
#18357 = FILL_AREA_STYLE('',(#18358));
#18358 = FILL_AREA_STYLE_COLOUR('',#17296);
#18359 = CURVE_STYLE('',#18360,POSITIVE_LENGTH_MEASURE(0.1),#17296);
#18360 = DRAUGHTING_PRE_DEFINED_CURVE_FONT('continuous');
#18361 = STYLED_ITEM('color',(#18362),#3406);
#18362 = PRESENTATION_STYLE_ASSIGNMENT((#18363,#18368));
#18363 = SURFACE_STYLE_USAGE(.BOTH.,#18364);
#18364 = SURFACE_SIDE_STYLE('',(#18365));
#18365 = SURFACE_STYLE_FILL_AREA(#18366);
#18366 = FILL_AREA_STYLE('',(#18367));
#18367 = FILL_AREA_STYLE_COLOUR('',#17296);
#18368 = CURVE_STYLE('',#18369,POSITIVE_LENGTH_MEASURE(0.1),#17296);
#18369 = DRAUGHTING_PRE_DEFINED_CURVE_FONT('continuous');
#18370 = STYLED_ITEM('color',(#18371),#3418);
#18371 = PRESENTATION_STYLE_ASSIGNMENT((#18372,#18377));
#18372 = SURFACE_STYLE_USAGE(.BOTH.,#18373);
#18373 = SURFACE_SIDE_STYLE('',(#18374));
#18374 = SURFACE_STYLE_FILL_AREA(#18375);
#18375 = FILL_AREA_STYLE('',(#18376));
#18376 = FILL_AREA_STYLE_COLOUR('',#17296);
#18377 = CURVE_STYLE('',#18378,POSITIVE_LENGTH_MEASURE(0.1),#17296);
#18378 = DRAUGHTING_PRE_DEFINED_CURVE_FONT('continuous');
#18379 = STYLED_ITEM('color',(#18380),#3435);
#18380 = PRESENTATION_STYLE_ASSIGNMENT((#18381,#18386));
#18381 = SURFACE_STYLE_USAGE(.BOTH.,#18382);
#18382 = SURFACE_SIDE_STYLE('',(#18383));
#18383 = SURFACE_STYLE_FILL_AREA(#18384);
#18384 = FILL_AREA_STYLE('',(#18385));
#18385 = FILL_AREA_STYLE_COLOUR('',#17296);
#18386 = CURVE_STYLE('',#18387,POSITIVE_LENGTH_MEASURE(0.1),#17296);
#18387 = DRAUGHTING_PRE_DEFINED_CURVE_FONT('continuous');
#18388 = STYLED_ITEM('color',(#18389),#3452);
#18389 = PRESENTATION_STYLE_ASSIGNMENT((#18390,#18395));
#18390 = SURFACE_STYLE_USAGE(.BOTH.,#18391);
#18391 = SURFACE_SIDE_STYLE('',(#18392));
#18392 = SURFACE_STYLE_FILL_AREA(#18393);
#18393 = FILL_AREA_STYLE('',(#18394));
#18394 = FILL_AREA_STYLE_COLOUR('',#17296);
#18395 = CURVE_STYLE('',#18396,POSITIVE_LENGTH_MEASURE(0.1),#17296);
#18396 = DRAUGHTING_PRE_DEFINED_CURVE_FONT('continuous');
#18397 = STYLED_ITEM('color',(#18398),#3469);
#18398 = PRESENTATION_STYLE_ASSIGNMENT((#18399,#18404));
#18399 = SURFACE_STYLE_USAGE(.BOTH.,#18400);
#18400 = SURFACE_SIDE_STYLE('',(#18401));
#18401 = SURFACE_STYLE_FILL_AREA(#18402);
#18402 = FILL_AREA_STYLE('',(#18403));
#18403 = FILL_AREA_STYLE_COLOUR('',#17296);
#18404 = CURVE_STYLE('',#18405,POSITIVE_LENGTH_MEASURE(0.1),#17296);
#18405 = DRAUGHTING_PRE_DEFINED_CURVE_FONT('continuous');
#18406 = STYLED_ITEM('color',(#18407),#3486);
#18407 = PRESENTATION_STYLE_ASSIGNMENT((#18408,#18413));
#18408 = SURFACE_STYLE_USAGE(.BOTH.,#18409);
#18409 = SURFACE_SIDE_STYLE('',(#18410));
#18410 = SURFACE_STYLE_FILL_AREA(#18411);
#18411 = FILL_AREA_STYLE('',(#18412));
#18412 = FILL_AREA_STYLE_COLOUR('',#17296);
#18413 = CURVE_STYLE('',#18414,POSITIVE_LENGTH_MEASURE(0.1),#17296);
#18414 = DRAUGHTING_PRE_DEFINED_CURVE_FONT('continuous');
#18415 = STYLED_ITEM('color',(#18416),#3498);
#18416 = PRESENTATION_STYLE_ASSIGNMENT((#18417,#18422));
#18417 = SURFACE_STYLE_USAGE(.BOTH.,#18418);
#18418 = SURFACE_SIDE_STYLE('',(#18419));
#18419 = SURFACE_STYLE_FILL_AREA(#18420);
#18420 = FILL_AREA_STYLE('',(#18421));
#18421 = FILL_AREA_STYLE_COLOUR('',#17296);
#18422 = CURVE_STYLE('',#18423,POSITIVE_LENGTH_MEASURE(0.1),#17296);
#18423 = DRAUGHTING_PRE_DEFINED_CURVE_FONT('continuous');
#18424 = STYLED_ITEM('color',(#18425),#3515);
#18425 = PRESENTATION_STYLE_ASSIGNMENT((#18426,#18431));
#18426 = SURFACE_STYLE_USAGE(.BOTH.,#18427);
#18427 = SURFACE_SIDE_STYLE('',(#18428));
#18428 = SURFACE_STYLE_FILL_AREA(#18429);
#18429 = FILL_AREA_STYLE('',(#18430));
#18430 = FILL_AREA_STYLE_COLOUR('',#17296);
#18431 = CURVE_STYLE('',#18432,POSITIVE_LENGTH_MEASURE(0.1),#17296);
#18432 = DRAUGHTING_PRE_DEFINED_CURVE_FONT('continuous');
#18433 = STYLED_ITEM('color',(#18434),#3532);
#18434 = PRESENTATION_STYLE_ASSIGNMENT((#18435,#18440));
#18435 = SURFACE_STYLE_USAGE(.BOTH.,#18436);
#18436 = SURFACE_SIDE_STYLE('',(#18437));
#18437 = SURFACE_STYLE_FILL_AREA(#18438);
#18438 = FILL_AREA_STYLE('',(#18439));
#18439 = FILL_AREA_STYLE_COLOUR('',#17296);
#18440 = CURVE_STYLE('',#18441,POSITIVE_LENGTH_MEASURE(0.1),#17296);
#18441 = DRAUGHTING_PRE_DEFINED_CURVE_FONT('continuous');
#18442 = STYLED_ITEM('color',(#18443),#3549);
#18443 = PRESENTATION_STYLE_ASSIGNMENT((#18444,#18449));
#18444 = SURFACE_STYLE_USAGE(.BOTH.,#18445);
#18445 = SURFACE_SIDE_STYLE('',(#18446));
#18446 = SURFACE_STYLE_FILL_AREA(#18447);
#18447 = FILL_AREA_STYLE('',(#18448));
#18448 = FILL_AREA_STYLE_COLOUR('',#17296);
#18449 = CURVE_STYLE('',#18450,POSITIVE_LENGTH_MEASURE(0.1),#17296);
#18450 = DRAUGHTING_PRE_DEFINED_CURVE_FONT('continuous');
#18451 = STYLED_ITEM('color',(#18452),#3566);
#18452 = PRESENTATION_STYLE_ASSIGNMENT((#18453,#18458));
#18453 = SURFACE_STYLE_USAGE(.BOTH.,#18454);
#18454 = SURFACE_SIDE_STYLE('',(#18455));
#18455 = SURFACE_STYLE_FILL_AREA(#18456);
#18456 = FILL_AREA_STYLE('',(#18457));
#18457 = FILL_AREA_STYLE_COLOUR('',#17296);
#18458 = CURVE_STYLE('',#18459,POSITIVE_LENGTH_MEASURE(0.1),#17296);
#18459 = DRAUGHTING_PRE_DEFINED_CURVE_FONT('continuous');
#18460 = STYLED_ITEM('color',(#18461),#3578);
#18461 = PRESENTATION_STYLE_ASSIGNMENT((#18462,#18467));
#18462 = SURFACE_STYLE_USAGE(.BOTH.,#18463);
#18463 = SURFACE_SIDE_STYLE('',(#18464));
#18464 = SURFACE_STYLE_FILL_AREA(#18465);
#18465 = FILL_AREA_STYLE('',(#18466));
#18466 = FILL_AREA_STYLE_COLOUR('',#17296);
#18467 = CURVE_STYLE('',#18468,POSITIVE_LENGTH_MEASURE(0.1),#17296);
#18468 = DRAUGHTING_PRE_DEFINED_CURVE_FONT('continuous');
#18469 = STYLED_ITEM('color',(#18470),#3595);
#18470 = PRESENTATION_STYLE_ASSIGNMENT((#18471,#18476));
#18471 = SURFACE_STYLE_USAGE(.BOTH.,#18472);
#18472 = SURFACE_SIDE_STYLE('',(#18473));
#18473 = SURFACE_STYLE_FILL_AREA(#18474);
#18474 = FILL_AREA_STYLE('',(#18475));
#18475 = FILL_AREA_STYLE_COLOUR('',#17296);
#18476 = CURVE_STYLE('',#18477,POSITIVE_LENGTH_MEASURE(0.1),#17296);
#18477 = DRAUGHTING_PRE_DEFINED_CURVE_FONT('continuous');
#18478 = STYLED_ITEM('color',(#18479),#3612);
#18479 = PRESENTATION_STYLE_ASSIGNMENT((#18480,#18485));
#18480 = SURFACE_STYLE_USAGE(.BOTH.,#18481);
#18481 = SURFACE_SIDE_STYLE('',(#18482));
#18482 = SURFACE_STYLE_FILL_AREA(#18483);
#18483 = FILL_AREA_STYLE('',(#18484));
#18484 = FILL_AREA_STYLE_COLOUR('',#17296);
#18485 = CURVE_STYLE('',#18486,POSITIVE_LENGTH_MEASURE(0.1),#17296);
#18486 = DRAUGHTING_PRE_DEFINED_CURVE_FONT('continuous');
#18487 = STYLED_ITEM('color',(#18488),#3629);
#18488 = PRESENTATION_STYLE_ASSIGNMENT((#18489,#18494));
#18489 = SURFACE_STYLE_USAGE(.BOTH.,#18490);
#18490 = SURFACE_SIDE_STYLE('',(#18491));
#18491 = SURFACE_STYLE_FILL_AREA(#18492);
#18492 = FILL_AREA_STYLE('',(#18493));
#18493 = FILL_AREA_STYLE_COLOUR('',#17296);
#18494 = CURVE_STYLE('',#18495,POSITIVE_LENGTH_MEASURE(0.1),#17296);
#18495 = DRAUGHTING_PRE_DEFINED_CURVE_FONT('continuous');
#18496 = STYLED_ITEM('color',(#18497),#3646);
#18497 = PRESENTATION_STYLE_ASSIGNMENT((#18498,#18503));
#18498 = SURFACE_STYLE_USAGE(.BOTH.,#18499);
#18499 = SURFACE_SIDE_STYLE('',(#18500));
#18500 = SURFACE_STYLE_FILL_AREA(#18501);
#18501 = FILL_AREA_STYLE('',(#18502));
#18502 = FILL_AREA_STYLE_COLOUR('',#17296);
#18503 = CURVE_STYLE('',#18504,POSITIVE_LENGTH_MEASURE(0.1),#17296);
#18504 = DRAUGHTING_PRE_DEFINED_CURVE_FONT('continuous');
#18505 = STYLED_ITEM('color',(#18506),#3658);
#18506 = PRESENTATION_STYLE_ASSIGNMENT((#18507,#18512));
#18507 = SURFACE_STYLE_USAGE(.BOTH.,#18508);
#18508 = SURFACE_SIDE_STYLE('',(#18509));
#18509 = SURFACE_STYLE_FILL_AREA(#18510);
#18510 = FILL_AREA_STYLE('',(#18511));
#18511 = FILL_AREA_STYLE_COLOUR('',#17296);
#18512 = CURVE_STYLE('',#18513,POSITIVE_LENGTH_MEASURE(0.1),#17296);
#18513 = DRAUGHTING_PRE_DEFINED_CURVE_FONT('continuous');
#18514 = STYLED_ITEM('color',(#18515),#3675);
#18515 = PRESENTATION_STYLE_ASSIGNMENT((#18516,#18521));
#18516 = SURFACE_STYLE_USAGE(.BOTH.,#18517);
#18517 = SURFACE_SIDE_STYLE('',(#18518));
#18518 = SURFACE_STYLE_FILL_AREA(#18519);
#18519 = FILL_AREA_STYLE('',(#18520));
#18520 = FILL_AREA_STYLE_COLOUR('',#17296);
#18521 = CURVE_STYLE('',#18522,POSITIVE_LENGTH_MEASURE(0.1),#17296);
#18522 = DRAUGHTING_PRE_DEFINED_CURVE_FONT('continuous');
#18523 = STYLED_ITEM('color',(#18524),#3692);
#18524 = PRESENTATION_STYLE_ASSIGNMENT((#18525,#18530));
#18525 = SURFACE_STYLE_USAGE(.BOTH.,#18526);
#18526 = SURFACE_SIDE_STYLE('',(#18527));
#18527 = SURFACE_STYLE_FILL_AREA(#18528);
#18528 = FILL_AREA_STYLE('',(#18529));
#18529 = FILL_AREA_STYLE_COLOUR('',#17296);
#18530 = CURVE_STYLE('',#18531,POSITIVE_LENGTH_MEASURE(0.1),#17296);
#18531 = DRAUGHTING_PRE_DEFINED_CURVE_FONT('continuous');
#18532 = STYLED_ITEM('color',(#18533),#3709);
#18533 = PRESENTATION_STYLE_ASSIGNMENT((#18534,#18539));
#18534 = SURFACE_STYLE_USAGE(.BOTH.,#18535);
#18535 = SURFACE_SIDE_STYLE('',(#18536));
#18536 = SURFACE_STYLE_FILL_AREA(#18537);
#18537 = FILL_AREA_STYLE('',(#18538));
#18538 = FILL_AREA_STYLE_COLOUR('',#17296);
#18539 = CURVE_STYLE('',#18540,POSITIVE_LENGTH_MEASURE(0.1),#17296);
#18540 = DRAUGHTING_PRE_DEFINED_CURVE_FONT('continuous');
#18541 = STYLED_ITEM('color',(#18542),#3726);
#18542 = PRESENTATION_STYLE_ASSIGNMENT((#18543,#18548));
#18543 = SURFACE_STYLE_USAGE(.BOTH.,#18544);
#18544 = SURFACE_SIDE_STYLE('',(#18545));
#18545 = SURFACE_STYLE_FILL_AREA(#18546);
#18546 = FILL_AREA_STYLE('',(#18547));
#18547 = FILL_AREA_STYLE_COLOUR('',#17296);
#18548 = CURVE_STYLE('',#18549,POSITIVE_LENGTH_MEASURE(0.1),#17296);
#18549 = DRAUGHTING_PRE_DEFINED_CURVE_FONT('continuous');
#18550 = STYLED_ITEM('color',(#18551),#3738);
#18551 = PRESENTATION_STYLE_ASSIGNMENT((#18552,#18557));
#18552 = SURFACE_STYLE_USAGE(.BOTH.,#18553);
#18553 = SURFACE_SIDE_STYLE('',(#18554));
#18554 = SURFACE_STYLE_FILL_AREA(#18555);
#18555 = FILL_AREA_STYLE('',(#18556));
#18556 = FILL_AREA_STYLE_COLOUR('',#17223);
#18557 = CURVE_STYLE('',#18558,POSITIVE_LENGTH_MEASURE(0.1),#17223);
#18558 = DRAUGHTING_PRE_DEFINED_CURVE_FONT('continuous');
#18559 = OVER_RIDING_STYLED_ITEM('overriding color',(#18560),#3745,
  #18550);
#18560 = PRESENTATION_STYLE_ASSIGNMENT((#18561,#18566));
#18561 = SURFACE_STYLE_USAGE(.BOTH.,#18562);
#18562 = SURFACE_SIDE_STYLE('',(#18563));
#18563 = SURFACE_STYLE_FILL_AREA(#18564);
#18564 = FILL_AREA_STYLE('',(#18565));
#18565 = FILL_AREA_STYLE_COLOUR('',#17296);
#18566 = CURVE_STYLE('',#18567,POSITIVE_LENGTH_MEASURE(0.1),#17296);
#18567 = DRAUGHTING_PRE_DEFINED_CURVE_FONT('continuous');
#18568 = STYLED_ITEM('color',(#18569),#3755);
#18569 = PRESENTATION_STYLE_ASSIGNMENT((#18570,#18575));
#18570 = SURFACE_STYLE_USAGE(.BOTH.,#18571);
#18571 = SURFACE_SIDE_STYLE('',(#18572));
#18572 = SURFACE_STYLE_FILL_AREA(#18573);
#18573 = FILL_AREA_STYLE('',(#18574));
#18574 = FILL_AREA_STYLE_COLOUR('',#17223);
#18575 = CURVE_STYLE('',#18576,POSITIVE_LENGTH_MEASURE(0.1),#17223);
#18576 = DRAUGHTING_PRE_DEFINED_CURVE_FONT('continuous');
#18577 = OVER_RIDING_STYLED_ITEM('overriding color',(#18578),#3760,
  #18568);
#18578 = PRESENTATION_STYLE_ASSIGNMENT((#18579,#18584));
#18579 = SURFACE_STYLE_USAGE(.BOTH.,#18580);
#18580 = SURFACE_SIDE_STYLE('',(#18581));
#18581 = SURFACE_STYLE_FILL_AREA(#18582);
#18582 = FILL_AREA_STYLE('',(#18583));
#18583 = FILL_AREA_STYLE_COLOUR('',#17296);
#18584 = CURVE_STYLE('',#18585,POSITIVE_LENGTH_MEASURE(0.1),#17296);
#18585 = DRAUGHTING_PRE_DEFINED_CURVE_FONT('continuous');
#18586 = STYLED_ITEM('color',(#18587),#3772);
#18587 = PRESENTATION_STYLE_ASSIGNMENT((#18588,#18593));
#18588 = SURFACE_STYLE_USAGE(.BOTH.,#18589);
#18589 = SURFACE_SIDE_STYLE('',(#18590));
#18590 = SURFACE_STYLE_FILL_AREA(#18591);
#18591 = FILL_AREA_STYLE('',(#18592));
#18592 = FILL_AREA_STYLE_COLOUR('',#17296);
#18593 = CURVE_STYLE('',#18594,POSITIVE_LENGTH_MEASURE(0.1),#17296);
#18594 = DRAUGHTING_PRE_DEFINED_CURVE_FONT('continuous');
#18595 = STYLED_ITEM('color',(#18596),#3821);
#18596 = PRESENTATION_STYLE_ASSIGNMENT((#18597,#18602));
#18597 = SURFACE_STYLE_USAGE(.BOTH.,#18598);
#18598 = SURFACE_SIDE_STYLE('',(#18599));
#18599 = SURFACE_STYLE_FILL_AREA(#18600);
#18600 = FILL_AREA_STYLE('',(#18601));
#18601 = FILL_AREA_STYLE_COLOUR('',#17296);
#18602 = CURVE_STYLE('',#18603,POSITIVE_LENGTH_MEASURE(0.1),#17296);
#18603 = DRAUGHTING_PRE_DEFINED_CURVE_FONT('continuous');
#18604 = STYLED_ITEM('color',(#18605),#3845);
#18605 = PRESENTATION_STYLE_ASSIGNMENT((#18606,#18611));
#18606 = SURFACE_STYLE_USAGE(.BOTH.,#18607);
#18607 = SURFACE_SIDE_STYLE('',(#18608));
#18608 = SURFACE_STYLE_FILL_AREA(#18609);
#18609 = FILL_AREA_STYLE('',(#18610));
#18610 = FILL_AREA_STYLE_COLOUR('',#17296);
#18611 = CURVE_STYLE('',#18612,POSITIVE_LENGTH_MEASURE(0.1),#17296);
#18612 = DRAUGHTING_PRE_DEFINED_CURVE_FONT('continuous');
#18613 = STYLED_ITEM('color',(#18614),#3887);
#18614 = PRESENTATION_STYLE_ASSIGNMENT((#18615,#18620));
#18615 = SURFACE_STYLE_USAGE(.BOTH.,#18616);
#18616 = SURFACE_SIDE_STYLE('',(#18617));
#18617 = SURFACE_STYLE_FILL_AREA(#18618);
#18618 = FILL_AREA_STYLE('',(#18619));
#18619 = FILL_AREA_STYLE_COLOUR('',#17296);
#18620 = CURVE_STYLE('',#18621,POSITIVE_LENGTH_MEASURE(0.1),#17296);
#18621 = DRAUGHTING_PRE_DEFINED_CURVE_FONT('continuous');
#18622 = STYLED_ITEM('color',(#18623),#3904);
#18623 = PRESENTATION_STYLE_ASSIGNMENT((#18624,#18629));
#18624 = SURFACE_STYLE_USAGE(.BOTH.,#18625);
#18625 = SURFACE_SIDE_STYLE('',(#18626));
#18626 = SURFACE_STYLE_FILL_AREA(#18627);
#18627 = FILL_AREA_STYLE('',(#18628));
#18628 = FILL_AREA_STYLE_COLOUR('',#17223);
#18629 = CURVE_STYLE('',#18630,POSITIVE_LENGTH_MEASURE(0.1),#17223);
#18630 = DRAUGHTING_PRE_DEFINED_CURVE_FONT('continuous');
#18631 = OVER_RIDING_STYLED_ITEM('overriding color',(#18632),#3911,
  #18622);
#18632 = PRESENTATION_STYLE_ASSIGNMENT((#18633,#18638));
#18633 = SURFACE_STYLE_USAGE(.BOTH.,#18634);
#18634 = SURFACE_SIDE_STYLE('',(#18635));
#18635 = SURFACE_STYLE_FILL_AREA(#18636);
#18636 = FILL_AREA_STYLE('',(#18637));
#18637 = FILL_AREA_STYLE_COLOUR('',#17296);
#18638 = CURVE_STYLE('',#18639,POSITIVE_LENGTH_MEASURE(0.1),#17296);
#18639 = DRAUGHTING_PRE_DEFINED_CURVE_FONT('continuous');
#18640 = STYLED_ITEM('color',(#18641),#3921);
#18641 = PRESENTATION_STYLE_ASSIGNMENT((#18642,#18647));
#18642 = SURFACE_STYLE_USAGE(.BOTH.,#18643);
#18643 = SURFACE_SIDE_STYLE('',(#18644));
#18644 = SURFACE_STYLE_FILL_AREA(#18645);
#18645 = FILL_AREA_STYLE('',(#18646));
#18646 = FILL_AREA_STYLE_COLOUR('',#17223);
#18647 = CURVE_STYLE('',#18648,POSITIVE_LENGTH_MEASURE(0.1),#17223);
#18648 = DRAUGHTING_PRE_DEFINED_CURVE_FONT('continuous');
#18649 = OVER_RIDING_STYLED_ITEM('overriding color',(#18650),#3926,
  #18640);
#18650 = PRESENTATION_STYLE_ASSIGNMENT((#18651,#18656));
#18651 = SURFACE_STYLE_USAGE(.BOTH.,#18652);
#18652 = SURFACE_SIDE_STYLE('',(#18653));
#18653 = SURFACE_STYLE_FILL_AREA(#18654);
#18654 = FILL_AREA_STYLE('',(#18655));
#18655 = FILL_AREA_STYLE_COLOUR('',#17296);
#18656 = CURVE_STYLE('',#18657,POSITIVE_LENGTH_MEASURE(0.1),#17296);
#18657 = DRAUGHTING_PRE_DEFINED_CURVE_FONT('continuous');
#18658 = STYLED_ITEM('color',(#18659),#3938);
#18659 = PRESENTATION_STYLE_ASSIGNMENT((#18660,#18665));
#18660 = SURFACE_STYLE_USAGE(.BOTH.,#18661);
#18661 = SURFACE_SIDE_STYLE('',(#18662));
#18662 = SURFACE_STYLE_FILL_AREA(#18663);
#18663 = FILL_AREA_STYLE('',(#18664));
#18664 = FILL_AREA_STYLE_COLOUR('',#17296);
#18665 = CURVE_STYLE('',#18666,POSITIVE_LENGTH_MEASURE(0.1),#17296);
#18666 = DRAUGHTING_PRE_DEFINED_CURVE_FONT('continuous');
#18667 = STYLED_ITEM('color',(#18668),#3987);
#18668 = PRESENTATION_STYLE_ASSIGNMENT((#18669,#18674));
#18669 = SURFACE_STYLE_USAGE(.BOTH.,#18670);
#18670 = SURFACE_SIDE_STYLE('',(#18671));
#18671 = SURFACE_STYLE_FILL_AREA(#18672);
#18672 = FILL_AREA_STYLE('',(#18673));
#18673 = FILL_AREA_STYLE_COLOUR('',#17296);
#18674 = CURVE_STYLE('',#18675,POSITIVE_LENGTH_MEASURE(0.1),#17296);
#18675 = DRAUGHTING_PRE_DEFINED_CURVE_FONT('continuous');
#18676 = STYLED_ITEM('color',(#18677),#4011);
#18677 = PRESENTATION_STYLE_ASSIGNMENT((#18678,#18683));
#18678 = SURFACE_STYLE_USAGE(.BOTH.,#18679);
#18679 = SURFACE_SIDE_STYLE('',(#18680));
#18680 = SURFACE_STYLE_FILL_AREA(#18681);
#18681 = FILL_AREA_STYLE('',(#18682));
#18682 = FILL_AREA_STYLE_COLOUR('',#17296);
#18683 = CURVE_STYLE('',#18684,POSITIVE_LENGTH_MEASURE(0.1),#17296);
#18684 = DRAUGHTING_PRE_DEFINED_CURVE_FONT('continuous');
#18685 = STYLED_ITEM('color',(#18686),#4053);
#18686 = PRESENTATION_STYLE_ASSIGNMENT((#18687,#18692));
#18687 = SURFACE_STYLE_USAGE(.BOTH.,#18688);
#18688 = SURFACE_SIDE_STYLE('',(#18689));
#18689 = SURFACE_STYLE_FILL_AREA(#18690);
#18690 = FILL_AREA_STYLE('',(#18691));
#18691 = FILL_AREA_STYLE_COLOUR('',#17296);
#18692 = CURVE_STYLE('',#18693,POSITIVE_LENGTH_MEASURE(0.1),#17296);
#18693 = DRAUGHTING_PRE_DEFINED_CURVE_FONT('continuous');
#18694 = STYLED_ITEM('color',(#18695),#4070);
#18695 = PRESENTATION_STYLE_ASSIGNMENT((#18696,#18701));
#18696 = SURFACE_STYLE_USAGE(.BOTH.,#18697);
#18697 = SURFACE_SIDE_STYLE('',(#18698));
#18698 = SURFACE_STYLE_FILL_AREA(#18699);
#18699 = FILL_AREA_STYLE('',(#18700));
#18700 = FILL_AREA_STYLE_COLOUR('',#17223);
#18701 = CURVE_STYLE('',#18702,POSITIVE_LENGTH_MEASURE(0.1),#17223);
#18702 = DRAUGHTING_PRE_DEFINED_CURVE_FONT('continuous');
#18703 = OVER_RIDING_STYLED_ITEM('overriding color',(#18704),#4077,
  #18694);
#18704 = PRESENTATION_STYLE_ASSIGNMENT((#18705,#18710));
#18705 = SURFACE_STYLE_USAGE(.BOTH.,#18706);
#18706 = SURFACE_SIDE_STYLE('',(#18707));
#18707 = SURFACE_STYLE_FILL_AREA(#18708);
#18708 = FILL_AREA_STYLE('',(#18709));
#18709 = FILL_AREA_STYLE_COLOUR('',#17296);
#18710 = CURVE_STYLE('',#18711,POSITIVE_LENGTH_MEASURE(0.1),#17296);
#18711 = DRAUGHTING_PRE_DEFINED_CURVE_FONT('continuous');
#18712 = STYLED_ITEM('color',(#18713),#4087);
#18713 = PRESENTATION_STYLE_ASSIGNMENT((#18714,#18719));
#18714 = SURFACE_STYLE_USAGE(.BOTH.,#18715);
#18715 = SURFACE_SIDE_STYLE('',(#18716));
#18716 = SURFACE_STYLE_FILL_AREA(#18717);
#18717 = FILL_AREA_STYLE('',(#18718));
#18718 = FILL_AREA_STYLE_COLOUR('',#17223);
#18719 = CURVE_STYLE('',#18720,POSITIVE_LENGTH_MEASURE(0.1),#17223);
#18720 = DRAUGHTING_PRE_DEFINED_CURVE_FONT('continuous');
#18721 = OVER_RIDING_STYLED_ITEM('overriding color',(#18722),#4092,
  #18712);
#18722 = PRESENTATION_STYLE_ASSIGNMENT((#18723,#18728));
#18723 = SURFACE_STYLE_USAGE(.BOTH.,#18724);
#18724 = SURFACE_SIDE_STYLE('',(#18725));
#18725 = SURFACE_STYLE_FILL_AREA(#18726);
#18726 = FILL_AREA_STYLE('',(#18727));
#18727 = FILL_AREA_STYLE_COLOUR('',#17296);
#18728 = CURVE_STYLE('',#18729,POSITIVE_LENGTH_MEASURE(0.1),#17296);
#18729 = DRAUGHTING_PRE_DEFINED_CURVE_FONT('continuous');
#18730 = STYLED_ITEM('color',(#18731),#4104);
#18731 = PRESENTATION_STYLE_ASSIGNMENT((#18732,#18737));
#18732 = SURFACE_STYLE_USAGE(.BOTH.,#18733);
#18733 = SURFACE_SIDE_STYLE('',(#18734));
#18734 = SURFACE_STYLE_FILL_AREA(#18735);
#18735 = FILL_AREA_STYLE('',(#18736));
#18736 = FILL_AREA_STYLE_COLOUR('',#17296);
#18737 = CURVE_STYLE('',#18738,POSITIVE_LENGTH_MEASURE(0.1),#17296);
#18738 = DRAUGHTING_PRE_DEFINED_CURVE_FONT('continuous');
#18739 = STYLED_ITEM('color',(#18740),#4153);
#18740 = PRESENTATION_STYLE_ASSIGNMENT((#18741,#18746));
#18741 = SURFACE_STYLE_USAGE(.BOTH.,#18742);
#18742 = SURFACE_SIDE_STYLE('',(#18743));
#18743 = SURFACE_STYLE_FILL_AREA(#18744);
#18744 = FILL_AREA_STYLE('',(#18745));
#18745 = FILL_AREA_STYLE_COLOUR('',#17296);
#18746 = CURVE_STYLE('',#18747,POSITIVE_LENGTH_MEASURE(0.1),#17296);
#18747 = DRAUGHTING_PRE_DEFINED_CURVE_FONT('continuous');
#18748 = STYLED_ITEM('color',(#18749),#4177);
#18749 = PRESENTATION_STYLE_ASSIGNMENT((#18750,#18755));
#18750 = SURFACE_STYLE_USAGE(.BOTH.,#18751);
#18751 = SURFACE_SIDE_STYLE('',(#18752));
#18752 = SURFACE_STYLE_FILL_AREA(#18753);
#18753 = FILL_AREA_STYLE('',(#18754));
#18754 = FILL_AREA_STYLE_COLOUR('',#17296);
#18755 = CURVE_STYLE('',#18756,POSITIVE_LENGTH_MEASURE(0.1),#17296);
#18756 = DRAUGHTING_PRE_DEFINED_CURVE_FONT('continuous');
#18757 = STYLED_ITEM('color',(#18758),#4219);
#18758 = PRESENTATION_STYLE_ASSIGNMENT((#18759,#18764));
#18759 = SURFACE_STYLE_USAGE(.BOTH.,#18760);
#18760 = SURFACE_SIDE_STYLE('',(#18761));
#18761 = SURFACE_STYLE_FILL_AREA(#18762);
#18762 = FILL_AREA_STYLE('',(#18763));
#18763 = FILL_AREA_STYLE_COLOUR('',#17296);
#18764 = CURVE_STYLE('',#18765,POSITIVE_LENGTH_MEASURE(0.1),#17296);
#18765 = DRAUGHTING_PRE_DEFINED_CURVE_FONT('continuous');
#18766 = STYLED_ITEM('color',(#18767),#4236);
#18767 = PRESENTATION_STYLE_ASSIGNMENT((#18768,#18773));
#18768 = SURFACE_STYLE_USAGE(.BOTH.,#18769);
#18769 = SURFACE_SIDE_STYLE('',(#18770));
#18770 = SURFACE_STYLE_FILL_AREA(#18771);
#18771 = FILL_AREA_STYLE('',(#18772));
#18772 = FILL_AREA_STYLE_COLOUR('',#17223);
#18773 = CURVE_STYLE('',#18774,POSITIVE_LENGTH_MEASURE(0.1),#17223);
#18774 = DRAUGHTING_PRE_DEFINED_CURVE_FONT('continuous');
#18775 = OVER_RIDING_STYLED_ITEM('overriding color',(#18776),#4243,
  #18766);
#18776 = PRESENTATION_STYLE_ASSIGNMENT((#18777,#18782));
#18777 = SURFACE_STYLE_USAGE(.BOTH.,#18778);
#18778 = SURFACE_SIDE_STYLE('',(#18779));
#18779 = SURFACE_STYLE_FILL_AREA(#18780);
#18780 = FILL_AREA_STYLE('',(#18781));
#18781 = FILL_AREA_STYLE_COLOUR('',#17296);
#18782 = CURVE_STYLE('',#18783,POSITIVE_LENGTH_MEASURE(0.1),#17296);
#18783 = DRAUGHTING_PRE_DEFINED_CURVE_FONT('continuous');
#18784 = STYLED_ITEM('color',(#18785),#4253);
#18785 = PRESENTATION_STYLE_ASSIGNMENT((#18786,#18791));
#18786 = SURFACE_STYLE_USAGE(.BOTH.,#18787);
#18787 = SURFACE_SIDE_STYLE('',(#18788));
#18788 = SURFACE_STYLE_FILL_AREA(#18789);
#18789 = FILL_AREA_STYLE('',(#18790));
#18790 = FILL_AREA_STYLE_COLOUR('',#17223);
#18791 = CURVE_STYLE('',#18792,POSITIVE_LENGTH_MEASURE(0.1),#17223);
#18792 = DRAUGHTING_PRE_DEFINED_CURVE_FONT('continuous');
#18793 = OVER_RIDING_STYLED_ITEM('overriding color',(#18794),#4258,
  #18784);
#18794 = PRESENTATION_STYLE_ASSIGNMENT((#18795,#18800));
#18795 = SURFACE_STYLE_USAGE(.BOTH.,#18796);
#18796 = SURFACE_SIDE_STYLE('',(#18797));
#18797 = SURFACE_STYLE_FILL_AREA(#18798);
#18798 = FILL_AREA_STYLE('',(#18799));
#18799 = FILL_AREA_STYLE_COLOUR('',#17296);
#18800 = CURVE_STYLE('',#18801,POSITIVE_LENGTH_MEASURE(0.1),#17296);
#18801 = DRAUGHTING_PRE_DEFINED_CURVE_FONT('continuous');
#18802 = STYLED_ITEM('color',(#18803),#4270);
#18803 = PRESENTATION_STYLE_ASSIGNMENT((#18804,#18809));
#18804 = SURFACE_STYLE_USAGE(.BOTH.,#18805);
#18805 = SURFACE_SIDE_STYLE('',(#18806));
#18806 = SURFACE_STYLE_FILL_AREA(#18807);
#18807 = FILL_AREA_STYLE('',(#18808));
#18808 = FILL_AREA_STYLE_COLOUR('',#17296);
#18809 = CURVE_STYLE('',#18810,POSITIVE_LENGTH_MEASURE(0.1),#17296);
#18810 = DRAUGHTING_PRE_DEFINED_CURVE_FONT('continuous');
#18811 = STYLED_ITEM('color',(#18812),#4319);
#18812 = PRESENTATION_STYLE_ASSIGNMENT((#18813,#18818));
#18813 = SURFACE_STYLE_USAGE(.BOTH.,#18814);
#18814 = SURFACE_SIDE_STYLE('',(#18815));
#18815 = SURFACE_STYLE_FILL_AREA(#18816);
#18816 = FILL_AREA_STYLE('',(#18817));
#18817 = FILL_AREA_STYLE_COLOUR('',#17296);
#18818 = CURVE_STYLE('',#18819,POSITIVE_LENGTH_MEASURE(0.1),#17296);
#18819 = DRAUGHTING_PRE_DEFINED_CURVE_FONT('continuous');
#18820 = STYLED_ITEM('color',(#18821),#4343);
#18821 = PRESENTATION_STYLE_ASSIGNMENT((#18822,#18827));
#18822 = SURFACE_STYLE_USAGE(.BOTH.,#18823);
#18823 = SURFACE_SIDE_STYLE('',(#18824));
#18824 = SURFACE_STYLE_FILL_AREA(#18825);
#18825 = FILL_AREA_STYLE('',(#18826));
#18826 = FILL_AREA_STYLE_COLOUR('',#17296);
#18827 = CURVE_STYLE('',#18828,POSITIVE_LENGTH_MEASURE(0.1),#17296);
#18828 = DRAUGHTING_PRE_DEFINED_CURVE_FONT('continuous');
#18829 = STYLED_ITEM('color',(#18830),#4385);
#18830 = PRESENTATION_STYLE_ASSIGNMENT((#18831,#18836));
#18831 = SURFACE_STYLE_USAGE(.BOTH.,#18832);
#18832 = SURFACE_SIDE_STYLE('',(#18833));
#18833 = SURFACE_STYLE_FILL_AREA(#18834);
#18834 = FILL_AREA_STYLE('',(#18835));
#18835 = FILL_AREA_STYLE_COLOUR('',#17296);
#18836 = CURVE_STYLE('',#18837,POSITIVE_LENGTH_MEASURE(0.1),#17296);
#18837 = DRAUGHTING_PRE_DEFINED_CURVE_FONT('continuous');
#18838 = STYLED_ITEM('color',(#18839),#4402);
#18839 = PRESENTATION_STYLE_ASSIGNMENT((#18840,#18845));
#18840 = SURFACE_STYLE_USAGE(.BOTH.,#18841);
#18841 = SURFACE_SIDE_STYLE('',(#18842));
#18842 = SURFACE_STYLE_FILL_AREA(#18843);
#18843 = FILL_AREA_STYLE('',(#18844));
#18844 = FILL_AREA_STYLE_COLOUR('',#17223);
#18845 = CURVE_STYLE('',#18846,POSITIVE_LENGTH_MEASURE(0.1),#17223);
#18846 = DRAUGHTING_PRE_DEFINED_CURVE_FONT('continuous');
#18847 = OVER_RIDING_STYLED_ITEM('overriding color',(#18848),#4409,
  #18838);
#18848 = PRESENTATION_STYLE_ASSIGNMENT((#18849,#18854));
#18849 = SURFACE_STYLE_USAGE(.BOTH.,#18850);
#18850 = SURFACE_SIDE_STYLE('',(#18851));
#18851 = SURFACE_STYLE_FILL_AREA(#18852);
#18852 = FILL_AREA_STYLE('',(#18853));
#18853 = FILL_AREA_STYLE_COLOUR('',#17296);
#18854 = CURVE_STYLE('',#18855,POSITIVE_LENGTH_MEASURE(0.1),#17296);
#18855 = DRAUGHTING_PRE_DEFINED_CURVE_FONT('continuous');
#18856 = STYLED_ITEM('color',(#18857),#4419);
#18857 = PRESENTATION_STYLE_ASSIGNMENT((#18858,#18863));
#18858 = SURFACE_STYLE_USAGE(.BOTH.,#18859);
#18859 = SURFACE_SIDE_STYLE('',(#18860));
#18860 = SURFACE_STYLE_FILL_AREA(#18861);
#18861 = FILL_AREA_STYLE('',(#18862));
#18862 = FILL_AREA_STYLE_COLOUR('',#17223);
#18863 = CURVE_STYLE('',#18864,POSITIVE_LENGTH_MEASURE(0.1),#17223);
#18864 = DRAUGHTING_PRE_DEFINED_CURVE_FONT('continuous');
#18865 = OVER_RIDING_STYLED_ITEM('overriding color',(#18866),#4424,
  #18856);
#18866 = PRESENTATION_STYLE_ASSIGNMENT((#18867,#18872));
#18867 = SURFACE_STYLE_USAGE(.BOTH.,#18868);
#18868 = SURFACE_SIDE_STYLE('',(#18869));
#18869 = SURFACE_STYLE_FILL_AREA(#18870);
#18870 = FILL_AREA_STYLE('',(#18871));
#18871 = FILL_AREA_STYLE_COLOUR('',#17296);
#18872 = CURVE_STYLE('',#18873,POSITIVE_LENGTH_MEASURE(0.1),#17296);
#18873 = DRAUGHTING_PRE_DEFINED_CURVE_FONT('continuous');
#18874 = STYLED_ITEM('color',(#18875),#4436);
#18875 = PRESENTATION_STYLE_ASSIGNMENT((#18876,#18881));
#18876 = SURFACE_STYLE_USAGE(.BOTH.,#18877);
#18877 = SURFACE_SIDE_STYLE('',(#18878));
#18878 = SURFACE_STYLE_FILL_AREA(#18879);
#18879 = FILL_AREA_STYLE('',(#18880));
#18880 = FILL_AREA_STYLE_COLOUR('',#17296);
#18881 = CURVE_STYLE('',#18882,POSITIVE_LENGTH_MEASURE(0.1),#17296);
#18882 = DRAUGHTING_PRE_DEFINED_CURVE_FONT('continuous');
#18883 = STYLED_ITEM('color',(#18884),#4485);
#18884 = PRESENTATION_STYLE_ASSIGNMENT((#18885,#18890));
#18885 = SURFACE_STYLE_USAGE(.BOTH.,#18886);
#18886 = SURFACE_SIDE_STYLE('',(#18887));
#18887 = SURFACE_STYLE_FILL_AREA(#18888);
#18888 = FILL_AREA_STYLE('',(#18889));
#18889 = FILL_AREA_STYLE_COLOUR('',#17296);
#18890 = CURVE_STYLE('',#18891,POSITIVE_LENGTH_MEASURE(0.1),#17296);
#18891 = DRAUGHTING_PRE_DEFINED_CURVE_FONT('continuous');
#18892 = STYLED_ITEM('color',(#18893),#4509);
#18893 = PRESENTATION_STYLE_ASSIGNMENT((#18894,#18899));
#18894 = SURFACE_STYLE_USAGE(.BOTH.,#18895);
#18895 = SURFACE_SIDE_STYLE('',(#18896));
#18896 = SURFACE_STYLE_FILL_AREA(#18897);
#18897 = FILL_AREA_STYLE('',(#18898));
#18898 = FILL_AREA_STYLE_COLOUR('',#17296);
#18899 = CURVE_STYLE('',#18900,POSITIVE_LENGTH_MEASURE(0.1),#17296);
#18900 = DRAUGHTING_PRE_DEFINED_CURVE_FONT('continuous');
#18901 = STYLED_ITEM('color',(#18902),#4551);
#18902 = PRESENTATION_STYLE_ASSIGNMENT((#18903,#18908));
#18903 = SURFACE_STYLE_USAGE(.BOTH.,#18904);
#18904 = SURFACE_SIDE_STYLE('',(#18905));
#18905 = SURFACE_STYLE_FILL_AREA(#18906);
#18906 = FILL_AREA_STYLE('',(#18907));
#18907 = FILL_AREA_STYLE_COLOUR('',#17296);
#18908 = CURVE_STYLE('',#18909,POSITIVE_LENGTH_MEASURE(0.1),#17296);
#18909 = DRAUGHTING_PRE_DEFINED_CURVE_FONT('continuous');
#18910 = STYLED_ITEM('color',(#18911),#4568);
#18911 = PRESENTATION_STYLE_ASSIGNMENT((#18912,#18917));
#18912 = SURFACE_STYLE_USAGE(.BOTH.,#18913);
#18913 = SURFACE_SIDE_STYLE('',(#18914));
#18914 = SURFACE_STYLE_FILL_AREA(#18915);
#18915 = FILL_AREA_STYLE('',(#18916));
#18916 = FILL_AREA_STYLE_COLOUR('',#17223);
#18917 = CURVE_STYLE('',#18918,POSITIVE_LENGTH_MEASURE(0.1),#17223);
#18918 = DRAUGHTING_PRE_DEFINED_CURVE_FONT('continuous');
#18919 = OVER_RIDING_STYLED_ITEM('overriding color',(#18920),#4575,
  #18910);
#18920 = PRESENTATION_STYLE_ASSIGNMENT((#18921,#18926));
#18921 = SURFACE_STYLE_USAGE(.BOTH.,#18922);
#18922 = SURFACE_SIDE_STYLE('',(#18923));
#18923 = SURFACE_STYLE_FILL_AREA(#18924);
#18924 = FILL_AREA_STYLE('',(#18925));
#18925 = FILL_AREA_STYLE_COLOUR('',#17296);
#18926 = CURVE_STYLE('',#18927,POSITIVE_LENGTH_MEASURE(0.1),#17296);
#18927 = DRAUGHTING_PRE_DEFINED_CURVE_FONT('continuous');
#18928 = STYLED_ITEM('color',(#18929),#4585);
#18929 = PRESENTATION_STYLE_ASSIGNMENT((#18930,#18935));
#18930 = SURFACE_STYLE_USAGE(.BOTH.,#18931);
#18931 = SURFACE_SIDE_STYLE('',(#18932));
#18932 = SURFACE_STYLE_FILL_AREA(#18933);
#18933 = FILL_AREA_STYLE('',(#18934));
#18934 = FILL_AREA_STYLE_COLOUR('',#17223);
#18935 = CURVE_STYLE('',#18936,POSITIVE_LENGTH_MEASURE(0.1),#17223);
#18936 = DRAUGHTING_PRE_DEFINED_CURVE_FONT('continuous');
#18937 = OVER_RIDING_STYLED_ITEM('overriding color',(#18938),#4590,
  #18928);
#18938 = PRESENTATION_STYLE_ASSIGNMENT((#18939,#18944));
#18939 = SURFACE_STYLE_USAGE(.BOTH.,#18940);
#18940 = SURFACE_SIDE_STYLE('',(#18941));
#18941 = SURFACE_STYLE_FILL_AREA(#18942);
#18942 = FILL_AREA_STYLE('',(#18943));
#18943 = FILL_AREA_STYLE_COLOUR('',#17296);
#18944 = CURVE_STYLE('',#18945,POSITIVE_LENGTH_MEASURE(0.1),#17296);
#18945 = DRAUGHTING_PRE_DEFINED_CURVE_FONT('continuous');
#18946 = STYLED_ITEM('color',(#18947),#4602);
#18947 = PRESENTATION_STYLE_ASSIGNMENT((#18948,#18953));
#18948 = SURFACE_STYLE_USAGE(.BOTH.,#18949);
#18949 = SURFACE_SIDE_STYLE('',(#18950));
#18950 = SURFACE_STYLE_FILL_AREA(#18951);
#18951 = FILL_AREA_STYLE('',(#18952));
#18952 = FILL_AREA_STYLE_COLOUR('',#17296);
#18953 = CURVE_STYLE('',#18954,POSITIVE_LENGTH_MEASURE(0.1),#17296);
#18954 = DRAUGHTING_PRE_DEFINED_CURVE_FONT('continuous');
#18955 = STYLED_ITEM('color',(#18956),#4651);
#18956 = PRESENTATION_STYLE_ASSIGNMENT((#18957,#18962));
#18957 = SURFACE_STYLE_USAGE(.BOTH.,#18958);
#18958 = SURFACE_SIDE_STYLE('',(#18959));
#18959 = SURFACE_STYLE_FILL_AREA(#18960);
#18960 = FILL_AREA_STYLE('',(#18961));
#18961 = FILL_AREA_STYLE_COLOUR('',#17296);
#18962 = CURVE_STYLE('',#18963,POSITIVE_LENGTH_MEASURE(0.1),#17296);
#18963 = DRAUGHTING_PRE_DEFINED_CURVE_FONT('continuous');
#18964 = STYLED_ITEM('color',(#18965),#4675);
#18965 = PRESENTATION_STYLE_ASSIGNMENT((#18966,#18971));
#18966 = SURFACE_STYLE_USAGE(.BOTH.,#18967);
#18967 = SURFACE_SIDE_STYLE('',(#18968));
#18968 = SURFACE_STYLE_FILL_AREA(#18969);
#18969 = FILL_AREA_STYLE('',(#18970));
#18970 = FILL_AREA_STYLE_COLOUR('',#17296);
#18971 = CURVE_STYLE('',#18972,POSITIVE_LENGTH_MEASURE(0.1),#17296);
#18972 = DRAUGHTING_PRE_DEFINED_CURVE_FONT('continuous');
#18973 = STYLED_ITEM('color',(#18974),#4717);
#18974 = PRESENTATION_STYLE_ASSIGNMENT((#18975,#18980));
#18975 = SURFACE_STYLE_USAGE(.BOTH.,#18976);
#18976 = SURFACE_SIDE_STYLE('',(#18977));
#18977 = SURFACE_STYLE_FILL_AREA(#18978);
#18978 = FILL_AREA_STYLE('',(#18979));
#18979 = FILL_AREA_STYLE_COLOUR('',#17296);
#18980 = CURVE_STYLE('',#18981,POSITIVE_LENGTH_MEASURE(0.1),#17296);
#18981 = DRAUGHTING_PRE_DEFINED_CURVE_FONT('continuous');
#18982 = STYLED_ITEM('color',(#18983),#4734);
#18983 = PRESENTATION_STYLE_ASSIGNMENT((#18984,#18989));
#18984 = SURFACE_STYLE_USAGE(.BOTH.,#18985);
#18985 = SURFACE_SIDE_STYLE('',(#18986));
#18986 = SURFACE_STYLE_FILL_AREA(#18987);
#18987 = FILL_AREA_STYLE('',(#18988));
#18988 = FILL_AREA_STYLE_COLOUR('',#17296);
#18989 = CURVE_STYLE('',#18990,POSITIVE_LENGTH_MEASURE(0.1),#17296);
#18990 = DRAUGHTING_PRE_DEFINED_CURVE_FONT('continuous');
#18991 = STYLED_ITEM('color',(#18992),#4751);
#18992 = PRESENTATION_STYLE_ASSIGNMENT((#18993,#18998));
#18993 = SURFACE_STYLE_USAGE(.BOTH.,#18994);
#18994 = SURFACE_SIDE_STYLE('',(#18995));
#18995 = SURFACE_STYLE_FILL_AREA(#18996);
#18996 = FILL_AREA_STYLE('',(#18997));
#18997 = FILL_AREA_STYLE_COLOUR('',#17296);
#18998 = CURVE_STYLE('',#18999,POSITIVE_LENGTH_MEASURE(0.1),#17296);
#18999 = DRAUGHTING_PRE_DEFINED_CURVE_FONT('continuous');
#19000 = STYLED_ITEM('color',(#19001),#4768);
#19001 = PRESENTATION_STYLE_ASSIGNMENT((#19002,#19007));
#19002 = SURFACE_STYLE_USAGE(.BOTH.,#19003);
#19003 = SURFACE_SIDE_STYLE('',(#19004));
#19004 = SURFACE_STYLE_FILL_AREA(#19005);
#19005 = FILL_AREA_STYLE('',(#19006));
#19006 = FILL_AREA_STYLE_COLOUR('',#17296);
#19007 = CURVE_STYLE('',#19008,POSITIVE_LENGTH_MEASURE(0.1),#17296);
#19008 = DRAUGHTING_PRE_DEFINED_CURVE_FONT('continuous');
#19009 = STYLED_ITEM('color',(#19010),#4780);
#19010 = PRESENTATION_STYLE_ASSIGNMENT((#19011,#19016));
#19011 = SURFACE_STYLE_USAGE(.BOTH.,#19012);
#19012 = SURFACE_SIDE_STYLE('',(#19013));
#19013 = SURFACE_STYLE_FILL_AREA(#19014);
#19014 = FILL_AREA_STYLE('',(#19015));
#19015 = FILL_AREA_STYLE_COLOUR('',#17296);
#19016 = CURVE_STYLE('',#19017,POSITIVE_LENGTH_MEASURE(0.1),#17296);
#19017 = DRAUGHTING_PRE_DEFINED_CURVE_FONT('continuous');
#19018 = STYLED_ITEM('color',(#19019),#4797);
#19019 = PRESENTATION_STYLE_ASSIGNMENT((#19020,#19025));
#19020 = SURFACE_STYLE_USAGE(.BOTH.,#19021);
#19021 = SURFACE_SIDE_STYLE('',(#19022));
#19022 = SURFACE_STYLE_FILL_AREA(#19023);
#19023 = FILL_AREA_STYLE('',(#19024));
#19024 = FILL_AREA_STYLE_COLOUR('',#17296);
#19025 = CURVE_STYLE('',#19026,POSITIVE_LENGTH_MEASURE(0.1),#17296);
#19026 = DRAUGHTING_PRE_DEFINED_CURVE_FONT('continuous');
#19027 = STYLED_ITEM('color',(#19028),#4814);
#19028 = PRESENTATION_STYLE_ASSIGNMENT((#19029,#19034));
#19029 = SURFACE_STYLE_USAGE(.BOTH.,#19030);
#19030 = SURFACE_SIDE_STYLE('',(#19031));
#19031 = SURFACE_STYLE_FILL_AREA(#19032);
#19032 = FILL_AREA_STYLE('',(#19033));
#19033 = FILL_AREA_STYLE_COLOUR('',#17296);
#19034 = CURVE_STYLE('',#19035,POSITIVE_LENGTH_MEASURE(0.1),#17296);
#19035 = DRAUGHTING_PRE_DEFINED_CURVE_FONT('continuous');
#19036 = STYLED_ITEM('color',(#19037),#4826);
#19037 = PRESENTATION_STYLE_ASSIGNMENT((#19038,#19043));
#19038 = SURFACE_STYLE_USAGE(.BOTH.,#19039);
#19039 = SURFACE_SIDE_STYLE('',(#19040));
#19040 = SURFACE_STYLE_FILL_AREA(#19041);
#19041 = FILL_AREA_STYLE('',(#19042));
#19042 = FILL_AREA_STYLE_COLOUR('',#17296);
#19043 = CURVE_STYLE('',#19044,POSITIVE_LENGTH_MEASURE(0.1),#17296);
#19044 = DRAUGHTING_PRE_DEFINED_CURVE_FONT('continuous');
#19045 = STYLED_ITEM('color',(#19046),#4843);
#19046 = PRESENTATION_STYLE_ASSIGNMENT((#19047,#19052));
#19047 = SURFACE_STYLE_USAGE(.BOTH.,#19048);
#19048 = SURFACE_SIDE_STYLE('',(#19049));
#19049 = SURFACE_STYLE_FILL_AREA(#19050);
#19050 = FILL_AREA_STYLE('',(#19051));
#19051 = FILL_AREA_STYLE_COLOUR('',#17296);
#19052 = CURVE_STYLE('',#19053,POSITIVE_LENGTH_MEASURE(0.1),#17296);
#19053 = DRAUGHTING_PRE_DEFINED_CURVE_FONT('continuous');
#19054 = STYLED_ITEM('color',(#19055),#4860);
#19055 = PRESENTATION_STYLE_ASSIGNMENT((#19056,#19061));
#19056 = SURFACE_STYLE_USAGE(.BOTH.,#19057);
#19057 = SURFACE_SIDE_STYLE('',(#19058));
#19058 = SURFACE_STYLE_FILL_AREA(#19059);
#19059 = FILL_AREA_STYLE('',(#19060));
#19060 = FILL_AREA_STYLE_COLOUR('',#17296);
#19061 = CURVE_STYLE('',#19062,POSITIVE_LENGTH_MEASURE(0.1),#17296);
#19062 = DRAUGHTING_PRE_DEFINED_CURVE_FONT('continuous');
#19063 = STYLED_ITEM('color',(#19064),#4872);
#19064 = PRESENTATION_STYLE_ASSIGNMENT((#19065,#19070));
#19065 = SURFACE_STYLE_USAGE(.BOTH.,#19066);
#19066 = SURFACE_SIDE_STYLE('',(#19067));
#19067 = SURFACE_STYLE_FILL_AREA(#19068);
#19068 = FILL_AREA_STYLE('',(#19069));
#19069 = FILL_AREA_STYLE_COLOUR('',#17296);
#19070 = CURVE_STYLE('',#19071,POSITIVE_LENGTH_MEASURE(0.1),#17296);
#19071 = DRAUGHTING_PRE_DEFINED_CURVE_FONT('continuous');
#19072 = STYLED_ITEM('color',(#19073),#4889);
#19073 = PRESENTATION_STYLE_ASSIGNMENT((#19074,#19079));
#19074 = SURFACE_STYLE_USAGE(.BOTH.,#19075);
#19075 = SURFACE_SIDE_STYLE('',(#19076));
#19076 = SURFACE_STYLE_FILL_AREA(#19077);
#19077 = FILL_AREA_STYLE('',(#19078));
#19078 = FILL_AREA_STYLE_COLOUR('',#17296);
#19079 = CURVE_STYLE('',#19080,POSITIVE_LENGTH_MEASURE(0.1),#17296);
#19080 = DRAUGHTING_PRE_DEFINED_CURVE_FONT('continuous');
#19081 = STYLED_ITEM('color',(#19082),#4906);
#19082 = PRESENTATION_STYLE_ASSIGNMENT((#19083,#19088));
#19083 = SURFACE_STYLE_USAGE(.BOTH.,#19084);
#19084 = SURFACE_SIDE_STYLE('',(#19085));
#19085 = SURFACE_STYLE_FILL_AREA(#19086);
#19086 = FILL_AREA_STYLE('',(#19087));
#19087 = FILL_AREA_STYLE_COLOUR('',#17296);
#19088 = CURVE_STYLE('',#19089,POSITIVE_LENGTH_MEASURE(0.1),#17296);
#19089 = DRAUGHTING_PRE_DEFINED_CURVE_FONT('continuous');
#19090 = STYLED_ITEM('color',(#19091),#4918);
#19091 = PRESENTATION_STYLE_ASSIGNMENT((#19092,#19097));
#19092 = SURFACE_STYLE_USAGE(.BOTH.,#19093);
#19093 = SURFACE_SIDE_STYLE('',(#19094));
#19094 = SURFACE_STYLE_FILL_AREA(#19095);
#19095 = FILL_AREA_STYLE('',(#19096));
#19096 = FILL_AREA_STYLE_COLOUR('',#17296);
#19097 = CURVE_STYLE('',#19098,POSITIVE_LENGTH_MEASURE(0.1),#17296);
#19098 = DRAUGHTING_PRE_DEFINED_CURVE_FONT('continuous');
#19099 = STYLED_ITEM('color',(#19100),#4935);
#19100 = PRESENTATION_STYLE_ASSIGNMENT((#19101,#19106));
#19101 = SURFACE_STYLE_USAGE(.BOTH.,#19102);
#19102 = SURFACE_SIDE_STYLE('',(#19103));
#19103 = SURFACE_STYLE_FILL_AREA(#19104);
#19104 = FILL_AREA_STYLE('',(#19105));
#19105 = FILL_AREA_STYLE_COLOUR('',#17296);
#19106 = CURVE_STYLE('',#19107,POSITIVE_LENGTH_MEASURE(0.1),#17296);
#19107 = DRAUGHTING_PRE_DEFINED_CURVE_FONT('continuous');
#19108 = STYLED_ITEM('color',(#19109),#4952);
#19109 = PRESENTATION_STYLE_ASSIGNMENT((#19110,#19115));
#19110 = SURFACE_STYLE_USAGE(.BOTH.,#19111);
#19111 = SURFACE_SIDE_STYLE('',(#19112));
#19112 = SURFACE_STYLE_FILL_AREA(#19113);
#19113 = FILL_AREA_STYLE('',(#19114));
#19114 = FILL_AREA_STYLE_COLOUR('',#17296);
#19115 = CURVE_STYLE('',#19116,POSITIVE_LENGTH_MEASURE(0.1),#17296);
#19116 = DRAUGHTING_PRE_DEFINED_CURVE_FONT('continuous');
#19117 = STYLED_ITEM('color',(#19118),#4964);
#19118 = PRESENTATION_STYLE_ASSIGNMENT((#19119,#19124));
#19119 = SURFACE_STYLE_USAGE(.BOTH.,#19120);
#19120 = SURFACE_SIDE_STYLE('',(#19121));
#19121 = SURFACE_STYLE_FILL_AREA(#19122);
#19122 = FILL_AREA_STYLE('',(#19123));
#19123 = FILL_AREA_STYLE_COLOUR('',#17296);
#19124 = CURVE_STYLE('',#19125,POSITIVE_LENGTH_MEASURE(0.1),#17296);
#19125 = DRAUGHTING_PRE_DEFINED_CURVE_FONT('continuous');
#19126 = STYLED_ITEM('color',(#19127),#4981);
#19127 = PRESENTATION_STYLE_ASSIGNMENT((#19128,#19133));
#19128 = SURFACE_STYLE_USAGE(.BOTH.,#19129);
#19129 = SURFACE_SIDE_STYLE('',(#19130));
#19130 = SURFACE_STYLE_FILL_AREA(#19131);
#19131 = FILL_AREA_STYLE('',(#19132));
#19132 = FILL_AREA_STYLE_COLOUR('',#17296);
#19133 = CURVE_STYLE('',#19134,POSITIVE_LENGTH_MEASURE(0.1),#17296);
#19134 = DRAUGHTING_PRE_DEFINED_CURVE_FONT('continuous');
#19135 = STYLED_ITEM('color',(#19136),#4998);
#19136 = PRESENTATION_STYLE_ASSIGNMENT((#19137,#19142));
#19137 = SURFACE_STYLE_USAGE(.BOTH.,#19138);
#19138 = SURFACE_SIDE_STYLE('',(#19139));
#19139 = SURFACE_STYLE_FILL_AREA(#19140);
#19140 = FILL_AREA_STYLE('',(#19141));
#19141 = FILL_AREA_STYLE_COLOUR('',#17296);
#19142 = CURVE_STYLE('',#19143,POSITIVE_LENGTH_MEASURE(0.1),#17296);
#19143 = DRAUGHTING_PRE_DEFINED_CURVE_FONT('continuous');
#19144 = MECHANICAL_DESIGN_GEOMETRIC_PRESENTATION_REPRESENTATION('',(
    #19145),#13293);
#19145 = STYLED_ITEM('color',(#19146),#12801);
#19146 = PRESENTATION_STYLE_ASSIGNMENT((#19147));
#19147 = SURFACE_STYLE_USAGE(.BOTH.,#19148);
#19148 = SURFACE_SIDE_STYLE('',(#19149,#19152));
#19149 = SURFACE_STYLE_FILL_AREA(#19150);
#19150 = FILL_AREA_STYLE('',(#19151));
#19151 = FILL_AREA_STYLE_COLOUR('',#17212);
#19152 = SURFACE_STYLE_RENDERING_WITH_PROPERTIES(.NORMAL_SHADING.,#17212
  ,(#19153));
#19153 = SURFACE_STYLE_TRANSPARENT(0.170000016689);
#19154 = MECHANICAL_DESIGN_GEOMETRIC_PRESENTATION_REPRESENTATION('',(
    #19155),#15363);
#19155 = STYLED_ITEM('color',(#19156),#13825);
#19156 = PRESENTATION_STYLE_ASSIGNMENT((#19157));
#19157 = SURFACE_STYLE_USAGE(.BOTH.,#19158);
#19158 = SURFACE_SIDE_STYLE('',(#19159,#19163));
#19159 = SURFACE_STYLE_FILL_AREA(#19160);
#19160 = FILL_AREA_STYLE('',(#19161));
#19161 = FILL_AREA_STYLE_COLOUR('',#19162);
#19162 = COLOUR_RGB('',0.679975718802,0.701410709185,0.574871009914);
#19163 = SURFACE_STYLE_RENDERING_WITH_PROPERTIES(.NORMAL_SHADING.,#19162
  ,(#19164));
#19164 = SURFACE_STYLE_TRANSPARENT(1.999998092651E-02);
ENDSEC;
END-ISO-10303-21;
